mtllib model_0.mtl
o model_0
v -1.9143857955932617 -1.3709063529968262 1.248820185661316 
v -1.786502480506897 -1.3987581729888916 1.2749708890914917 
v -1.799731731414795 -1.3580517768859863 1.3325023651123047 
v -1.5880627632141113 -1.3944731950759888 1.3900339603424072 
v -1.6057019233703613 -1.338769793510437 1.4554107189178467 
v -1.8306001424789429 -1.3066332340240479 1.3848037719726562 
v -1.9584834575653076 -1.3344849348068237 1.2749708890914917 
v -2.015810489654541 -1.2830663919448853 1.3089667558670044 
v -2.0731375217437744 -1.3280576467514038 1.2043639421463013 
v -1.9628932476043701 -1.3794761896133423 1.1912885904312134 
v -1.8702881336212158 -1.2487872838974 1.4318751096725464 
v -1.6321605443954468 -1.278781533241272 1.5155572891235352 
v -1.3675743341445923 -1.3130605220794678 1.591394305229187 
v -1.3499352931976318 -1.3773337602615356 1.5207874774932861 
v -1.3411157131195068 -1.4373220205307007 1.4423353672027588 
v -1.5880627632141113 -1.441606879234314 1.3115818500518799 
v -1.80855131149292 -1.4287523031234741 1.1991338729858398 
v -2.0290398597717285 -1.3923307657241821 1.1102215051651 
v -1.8526489734649658 -1.45660400390625 1.1102215051651 
v -1.6012921333312988 -1.4844557046890259 1.2200543880462646 
v -1.3411157131195068 -1.4908829927444458 1.3508079051971436 
v -1.3499352931976318 -1.5423016548156738 1.2462050914764404 
v -1.6321605443954468 -1.5208772420883179 1.118066668510437 
v -1.9011565446853638 -1.4801708459854126 1.0082337856292725 
v -2.095186471939087 -1.4094703197479248 1.0160789489746094 
v -2.170152425765991 -1.3302000761032104 1.118066668510437 
v -2.161332845687866 -1.2723541259765625 1.2252845764160156 
v -2.0731375217437744 -1.2252204418182373 1.3429627418518066 
v -1.9143857955932617 -1.1845141649246216 1.4737162590026855 
v -1.6630289554595947 -1.214508295059204 1.5652436017990112 
v -1.3896231651306152 -1.2466448545455933 1.651540994644165 
v -1.0941685438156128 -1.2809239625930786 1.7299931049346924 
v -1.0765295028686523 -1.3516244888305664 1.659386157989502 
v -1.0677099227905273 -1.4180400371551514 1.5809340476989746 
v -1.0633001327514648 -1.4823132753372192 1.4894065856933594 
v -1.0633001327514648 -1.5423016548156738 1.3874188661575317 
v -1.0721197128295898 -1.6001474857330322 1.2723557949066162 
v -1.3719841241836548 -1.5872927904129028 1.1337571144104004 
v -1.6674386262893677 -1.5551562309265137 1.0082337856292725 
v -1.9452542066574097 -1.5037376880645752 0.9062460064888 
v -2.152513265609741 -1.4244674444198608 0.9167062640190125 
v -2.2539381980895996 -1.338769793510437 1.0265392065048218 
v -2.284806489944458 -1.2680692672729492 1.1337571144104004 
v -2.240708827972412 -1.2080810070037842 1.248820185661316 
v -2.130464553833008 -1.1588048934936523 1.3743435144424438 
v -1.9584834575653076 -1.1138136386871338 1.5103272199630737 
v -1.6983070373535156 -1.1438077688217163 1.6123149394989014 
v -1.4160817861557007 -1.1738018989562988 1.7038424015045166 
v -1.1118077039718628 -1.2059385776519775 1.7901396751403809 
v -0.7987139821052551 -1.2466448545455933 1.8712068796157837 
v -0.7898944616317749 -1.3302000761032104 1.8084452152252197 
v -0.7810748815536499 -1.4073278903961182 1.7352231740951538 
v -0.7722553610801697 -1.4823132753372192 1.6489259004592896 
v -0.7722553610801697 -1.553013801574707 1.5495532751083374 
v -0.7722553610801697 -1.617287039756775 1.4371051788330078 
v -0.7766651511192322 -1.6729904413223267 1.3089667558670044 
v -1.0853490829467773 -1.6537084579467773 1.1520625352859497 
v -1.3984427452087402 -1.6301416158676147 1.0134638547897339 
v -1.7027168273925781 -1.5851503610610962 0.8984007835388184 
v -1.984942078590393 -1.5230196714401245 0.8042582869529724 
v -2.2010209560394287 -1.441606879234314 0.819948673248291 
v -2.381821393966675 -1.3623366355895996 0.8330240249633789 
v -2.3244943618774414 -1.3494820594787598 0.9297816157341003 
v -2.3862311840057373 -1.2702116966247559 1.0396145582199097 
v -2.381821393966675 -1.2016535997390747 1.1520625352859497 
v -2.3156747817993164 -1.1416653394699097 1.2723557949066162 
v -2.187791585922241 -1.0881043672561646 1.4057244062423706 
v -2.0025811195373535 -1.0366857051849365 1.5443230867385864 
v -1.7379950284957886 -1.064537525177002 1.651540994644165 
v -1.4425404071807861 -1.0945316553115845 1.7535287141799927 
v -1.1338565349578857 -1.124525785446167 1.8424410820007324 
v -0.8119432926177979 -1.1588048934936523 1.9287383556365967 
v -0.4768007695674896 -1.178086757659912 1.9784246683120728 
v -0.4723910093307495 -1.263784408569336 1.9130479097366333 
v -0.4679812490940094 -1.345197081565857 1.8424410820007324 
v -0.4635714590549469 -1.4223250150680542 1.7613738775253296 
v -0.4591616988182068 -1.4973104000091553 1.6698464155197144 
v -0.4591616988182068 -1.5722957849502563 1.5678586959838867 
v -0.4635714590549469 -1.6472811698913574 1.4527956247329712 
v -0.4679812490940094 -1.7222665548324585 1.3298873901367188 
v -0.7854846715927124 -1.7244089841842651 1.1755982637405396 
v -1.1029881238937378 -1.7008421421051025 1.0239241123199463 
v -1.4249013662338257 -1.6665631532669067 0.8931706547737122 
v -1.7379950284957886 -1.6087172031402588 0.788567841053009 
v -2.0202202796936035 -1.5401591062545776 0.7048856019973755 
v -2.240708827972412 -1.45660400390625 0.7231910824775696 
v -2.4347386360168457 -1.3730487823486328 0.7362664341926575 
v -2.606719732284546 -1.2937785387039185 0.7467267513275146 
v -2.54498291015625 -1.2830663919448853 0.8434843420982361 
v -2.4700167179107666 -1.2744965553283691 0.9428569674491882 
v -2.500885248184204 -1.199511170387268 1.0526899099349976 
v -2.474426507949829 -1.130953073501587 1.1703680753707886 
v -2.3862311840057373 -1.0688223838806152 1.2958914041519165 
v -2.2451186180114746 -1.0109764337539673 1.4318751096725464 
v -2.051088571548462 -0.9509881734848022 1.5730888843536377 
v -1.7732731103897095 -0.9788398742675781 1.6881519556045532 
v -1.473408818244934 -1.006691575050354 1.7953698635101318 
v -1.1514955759048462 -1.0345432758331299 1.8921273946762085 
v -0.8251726031303406 -1.064537525177002 1.9810397624969482 
v -0.48562031984329224 -1.0838193893432617 2.038571357727051 
v -0.1460680365562439 -1.1052438020706177 2.0856425762176514 
v -0.1416582614183426 -1.2016535997390747 2.022880792617798 
v -0.1416582614183426 -1.2916361093521118 1.9548890590667725 
v -0.1460680365562439 -1.375191330909729 1.8790520429611206 
v -0.1460680365562439 -1.4544615745544434 1.7953698635101318 
v -0.1460680365562439 -1.5337318181991577 1.6959971189498901 
v -0.150477796792984 -1.6087172031402588 1.588779330253601 
v -0.150477796792984 -1.6837025880813599 1.4684860706329346 
v -0.15488757193088531 -1.7544031143188477 1.3377325534820557 
v -0.4768007695674896 -1.7972519397735596 1.2017489671707153 
v -0.7943041920661926 -1.773685097694397 1.0396145582199097 
v -1.1250369548797607 -1.745833396911621 0.8957857489585876 
v -1.4513599872589111 -1.6944148540496826 0.7781075835227966 
v -1.764453649520874 -1.627999186515808 0.6865801215171814 
v -2.0466787815093994 -1.5572986602783203 0.6107431054115295 
v -2.275986909866333 -1.4694586992263794 0.6290485858917236 
v -2.474426507949829 -1.3859034776687622 0.6421239376068115 
v -2.6552271842956543 -1.3023483753204346 0.6499691605567932 
v -2.8183887004852295 -1.2230780124664307 0.6525841951370239 
v -2.7566518783569336 -1.214508295059204 0.7519568800926208 
v -2.6860954761505127 -1.2059385776519775 0.8513295650482178 
v -2.6023099422454834 -1.2016535997390747 0.9507021903991699 
v -2.606719732284546 -1.124525785446167 1.0657652616500854 
v -2.553802490234375 -1.0559676885604858 1.186058521270752 
v -2.4523777961730957 -0.9916945099830627 1.3168120384216309 
v -2.2980358600616455 -0.925278902053833 1.4554107189178467 
v -2.0995960235595703 -0.8567208051681519 1.601854681968689 
v -1.8129611015319824 -0.8845725059509277 1.722147822380066 
v -1.504277229309082 -0.910281777381897 1.8372108936309814 
v -1.1779541969299316 -0.935991108417511 1.939198613166809 
v -0.8384019136428833 -0.9595578908920288 2.028110980987549 
v -0.49443987011909485 -0.9788398742675781 2.0961029529571533 
v -0.1460680365562439 -1.000264286994934 2.148404359817505 
v 0.20671357214450836 -1.0195462703704834 2.1797850131988525 
v 0.19789403676986694 -1.1266682147979736 2.117023468017578 
v 0.19348426163196564 -1.2252204418182373 2.0490314960479736 
v 0.18907448649406433 -1.317345380783081 1.9758096933364868 
v 0.1802549511194229 -1.4030430316925049 1.8973575830459595 
v 0.1758451759815216 -1.4844557046890259 1.8110601902008057 
v 0.1670256406068802 -1.5658684968948364 1.7116875648498535 
v 0.16261586546897888 -1.6451387405395508 1.601854681968689 
v 0.15820610523223877 -1.7222665548324585 1.478946328163147 
v 0.15820610523223877 -1.7972519397735596 1.348192811012268 
v -0.15929734706878662 -1.8229612112045288 1.2017489671707153 
v -0.4812105596065521 -1.8658100366592407 1.0657652616500854 
v -0.8075335025787354 -1.8186763525009155 0.9062460064888 
v -1.1426759958267212 -1.7779699563980103 0.7754924893379211 
v -1.4778186082839966 -1.7179816961288452 0.6708897352218628 
v -1.786502480506897 -1.6451387405395508 0.58982253074646 
v -2.068727731704712 -1.5701533555984497 0.5218307375907898 
v -2.302445650100708 -1.4823132753372192 0.5401362180709839 
v -2.509704828262329 -1.3966156244277954 0.5505964756011963 
v -2.6993248462677 -1.3130605220794678 0.558441698551178 
v -2.866896152496338 -1.2316478490829468 0.558441698551178 
v -3.0168282985687256 -1.1523774862289429 0.5532115697860718 
v -2.9639110565185547 -1.1438077688217163 0.6499691605567932 
v -2.893354654312134 -1.1352380514144897 0.7519568800926208 
v -2.813978910446167 -1.1288106441497803 0.8539445996284485 
v -2.71696400642395 -1.124525785446167 0.9585474133491516 
v -2.6993248462677 -1.049540400505066 1.0762255191802979 
v -2.633178234100342 -0.9766974449157715 1.1991338729858398 
v -2.518524408340454 -0.9059969186782837 1.3325023651123047 
v -2.355362892150879 -0.8331539630889893 1.4763312339782715 
v -2.148103713989258 -0.7538836598396301 1.6253902912139893 
v -1.8570587635040283 -0.7774505019187927 1.7535287141799927 
v -1.5351455211639404 -0.803159773349762 1.8764369487762451 
v -1.2000030279159546 -0.8245841860771179 1.9836548566818237 
v -0.8560410141944885 -0.8460085988044739 2.0777974128723145 
v -0.5032594203948975 -0.8652905821800232 2.151019334793091 
v -0.150477796792984 -0.8824300765991211 2.2059357166290283 
v 0.21112334728240967 -0.899569571018219 2.242546796798706 
v 0.572724461555481 -0.914566695690155 2.25823712348938 
v 0.5594951510429382 -1.0345432758331299 2.1928603649139404 
v 0.5462658405303955 -1.145950198173523 2.124868631362915 
v 0.5330365300178528 -1.2466448545455933 2.0542616844177246 
v 0.5153974890708923 -1.338769793510437 1.9810397624969482 
v 0.5021681785583496 -1.4266098737716675 1.8973575830459595 
v 0.493348628282547 -1.5123074054718018 1.8084452152252197 
v 0.4801193177700043 -1.5937201976776123 1.709072470664978 
v 0.4757095277309418 -1.6751328706741333 1.5992395877838135 
v 0.46689000725746155 -1.7544031143188477 1.478946328163147 
v 0.46689000725746155 -1.8293886184692383 1.3455777168273926 
v 0.15820610523223877 -1.8679524660110474 1.2095941305160522 
v -0.15929734706878662 -1.8872344493865967 1.06315016746521 
v -0.49003008008003235 -1.9257984161376953 0.9297816157341003 
v -0.8163530826568604 -1.8572403192520142 0.7754924893379211 
v -1.1603151559829712 -1.8058217763900757 0.6578143835067749 
v -1.495457649230957 -1.7372636795043945 0.5689019560813904 
v -1.8041415214538574 -1.6601357460021973 0.5009101629257202 
v -2.0819571018218994 -1.580865502357483 0.43553340435028076 
v -2.320084571838379 -1.4930254220962524 0.45383891463279724 
v -2.536163330078125 -1.4073278903961182 0.46429917216300964 
v -2.725783586502075 -1.323772668838501 0.46691423654556274 
v -2.902174234390259 -1.24235999584198 0.46691423654556274 
v -3.056516170501709 -1.1630897521972656 0.45906904339790344 
v -3.197628974914551 -1.0838193893432617 0.44599369168281555 
v -3.153531074523926 -1.0731072425842285 0.5427512526512146 
v -3.091794490814209 -1.064537525177002 0.644739031791687 
v -3.0168282985687256 -1.0559676885604858 0.7493417859077454 
v -2.928632974624634 -1.0516828298568726 0.856559693813324 
v -2.822798490524292 -1.0473979711532593 0.9637775421142578 
v -2.787520170211792 -0.9702700972557068 1.0840708017349243 
v -2.708144426345825 -0.8909998536109924 1.2095941305160522 
v -2.580260992050171 -0.8138719797134399 1.348192811012268 
v -2.4126899242401123 -0.7303168177604675 1.4946367740631104 
v -2.2010209560394287 -0.6381919384002686 1.6489259004592896 
v -1.8967467546463013 -0.6617587804794312 1.7849094867706299 
v -1.5704237222671509 -0.6831831336021423 1.9130479097366333 
v -1.22646164894104 -0.7024651169776917 2.030726194381714 
v -0.873680055141449 -0.7196046113967896 2.127483606338501 
v -0.5164887309074402 -0.7367441654205322 2.2059357166290283 
v -0.15488757193088531 -0.7538836598396301 2.263467311859131 
v 0.21112334728240967 -0.7667382955551147 2.3000783920288086 
v 0.581544041633606 -0.7795929312705994 2.3183836936950684 
v 0.95637446641922 -0.7924476265907288 2.3131537437438965 
v 0.9387353658676147 -0.9295637607574463 2.250391960144043 
v 0.9166865348815918 -1.0516828298568726 2.1824002265930176 
v 0.8902279138565063 -1.1630897521972656 2.111793279647827 
v 0.8681790828704834 -1.2659268379211426 2.038571357727051 
v 0.8461301922798157 -1.360194206237793 1.9601192474365234 
v 0.8240813612937927 -1.45017671585083 1.8790520429611206 
v 0.8064422607421875 -1.5358742475509644 1.7901396751403809 
v 0.788803219795227 -1.617287039756775 1.6907670497894287 
v 0.7799836993217468 -1.698699712753296 1.5809340476989746 
v 0.7711641192436218 -1.7779699563980103 1.4606409072875977 
v 0.7711641192436218 -1.8550978899002075 1.3325023651123047 
v 0.47129976749420166 -1.9043740034103394 1.2095941305160522 
v 0.15820610523223877 -1.9365105628967285 1.068380355834961 
v -0.15929734706878662 -1.945080280303955 0.9219364523887634 
v -0.49443987011909485 -1.9707895517349243 0.79379802942276 
v -0.8295823931694031 -1.8893768787384033 0.6551992893218994 
v -1.1779541969299316 -1.827246069908142 0.5532115697860718 
v -1.5130966901779175 -1.752260684967041 0.47737452387809753 
v -1.817370891571045 -1.6729904413223267 0.41722792387008667 
v -2.0907766819000244 -1.5937201976776123 0.3544662296772003 
v -2.3333139419555664 -1.5037376880645752 0.3701566457748413 
v -2.553802490234375 -1.4180400371551514 0.378001868724823 
v -2.752242088317871 -1.332342505455017 0.3806169331073761 
v -2.928632974624634 -1.2509297132492065 0.378001868724823 
v -3.091794490814209 -1.1716594696044922 0.3675415813922882 
v -3.2329070568084717 -1.0923892259597778 0.3544662296772003 
v -3.360790252685547 -1.0152614116668701 0.3335456848144531 
v -3.325512170791626 -1.0045491456985474 0.43030327558517456 
v -3.2770047187805176 -0.9959794282913208 0.5296759009361267 
v -3.210858106613159 -0.9852672219276428 0.6342787146568298 
v -3.1314823627471924 -0.9766974449157715 0.7414966225624084 
v -3.0344674587249756 -0.9702700972557068 0.8539445996284485 
v -2.919813394546509 -0.9681276679039001 0.9663926362991333 
v -2.8713059425354004 -0.8845725059509277 1.0893008708953857 
v -2.778700828552246 -0.8010173439979553 1.2200543880462646 
v -2.6464076042175293 -0.7131773233413696 1.3586530685424805 
v -2.4700167179107666 -0.6189099550247192 1.5103272199630737 
v -2.249528408050537 -0.5139303803443909 1.6672313213348389 
v -1.9408444166183472 -0.5310699343681335 1.8110601902008057 
v -1.6057019233703613 -0.5482094287872314 1.949658989906311 
v -1.248510479927063 -0.5653489828109741 2.0725672245025635 
v -0.8869093656539917 -0.5803460478782654 2.1771700382232666 
v -0.5253082513809204 -0.5953431129455566 2.25823712348938 
v -0.15929734706878662 -0.6081977486610413 2.3157687187194824 
v 0.21112334728240967 -0.6210523843765259 2.354994773864746 
v 0.5903635621070862 -0.6296221613883972 2.37068510055542 
v 0.9740135669708252 -0.6381919384002686 2.365455150604248 
v 1.3664830923080444 -0.6467616558074951 2.3393044471740723 
v 1.340024471282959 -0.8053022623062134 2.2843878269195557 
v 1.309156060218811 -0.9445608258247375 2.2163960933685303 
v 1.2738778591156006 -1.0688223838806152 2.14578914642334 
v 1.2341899871826172 -1.182371735572815 2.0699522495269775 
v 1.1989117860794067 -1.285208821296692 1.9941151142120361 
v 1.1636337041854858 -1.3794761896133423 1.9156630039215088 
v 1.1371750831604004 -1.4694586992263794 1.8345959186553955 
v 1.110716462135315 -1.5551562309265137 1.7456834316253662 
v 1.0886675119400024 -1.6387114524841309 1.6489259004592896 
v 1.0754382610321045 -1.7179816961288452 1.5443230867385864 
v 1.0666186809539795 -1.795109510421753 1.429260015487671 
v 1.0666186809539795 -1.8679524660110474 1.306351661682129 
v 0.7755739092826843 -1.927940845489502 1.1991338729858398 
v 0.4757095277309418 -1.972931981086731 1.068380355834961 
v 0.1670256406068802 -1.9986413717269897 0.9271665811538696 
v -0.15488757193088531 -1.994356393814087 0.7859528064727783 
v -0.49443987011909485 -2.00506854057312 0.6656595468521118 
v -0.8384019136428833 -1.9150861501693726 0.5427512526512146 
v -1.1911835670471191 -1.8443856239318848 0.45645397901535034 
v -1.5219162702560425 -1.7651153802871704 0.393692284822464 
v -1.8261903524398804 -1.6837025880813599 0.3361607491970062 
v -2.0995960235595703 -1.6022899150848389 0.27862921357154846 
v -2.3421335220336914 -1.5144498348236084 0.28908950090408325 
v -2.5626220703125 -1.4266098737716675 0.29693469405174255 
v -2.7654714584350586 -1.3430546522140503 0.29693469405174255 
v -2.9462718963623047 -1.2594995498657227 0.29170456528663635 
v -3.1138432025909424 -1.1802291870117188 0.28124427795410156 
v -3.2593655586242676 -1.1009589433670044 0.26293879747390747 
v -3.3916587829589844 -1.0238311290740967 0.2420182228088379 
v -3.4754443168640137 -0.935991108417511 0.31262511014938354 
v -3.4357564449310303 -0.925278902053833 0.4119977653026581 
v -3.3828392028808594 -0.914566695690155 0.5139855146408081 
v -3.316692590713501 -0.903854489326477 0.6212033629417419 
v -3.2329070568084717 -0.8952847123146057 0.7336513996124268 
v -3.1314823627471924 -0.8867149353027344 0.8487144708633423 
v -3.012418508529663 -0.8845725059509277 0.969007670879364 
v -2.950681686401367 -0.7945900559425354 1.0919159650802612 
v -2.849256992340088 -0.7024651169776917 1.2252845764160156 
v -2.708144426345825 -0.603912889957428 1.3691134452819824 
v -2.52734375 -0.49679088592529297 1.5234025716781616 
v -2.2980358600616455 -0.37895667552948 1.6855368614196777 
v -1.984942078590393 -0.38966888189315796 1.8345959186553955 
v -1.6365703344345093 -0.40038108825683594 1.9810397624969482 
v -1.2705594301223755 -0.41323572397232056 2.114408254623413 
v -0.9045484662055969 -0.4260903596878052 2.2216262817382812 
v -0.5341277718544006 -0.43680256605148315 2.3053083419799805 
v -0.16370710730552673 -0.44751477241516113 2.362839937210083 
v 0.21112334728240967 -0.4582269489765167 2.3994510173797607 
v 0.5947733521461487 -0.46465426683425903 2.4125263690948486 
v 0.9872428774833679 -0.46679672598838806 2.4072961807250977 
v 1.3885319232940674 -0.4689391553401947 2.381145477294922 
v 1.8030502796173096 -0.47322404384613037 2.3262290954589844 
v 1.7721818685531616 -0.6596162915229797 2.2817728519439697 
v 1.7324939966201782 -0.8224417567253113 2.2216262817382812 
v 1.6839865446090698 -0.9617003798484802 2.151019334793091 
v 1.6266595125198364 -1.0881043672561646 2.0777974128723145 
v 1.5737422704696655 -1.199511170387268 2.001960277557373 
v 1.5208250284194946 -1.3023483753204346 1.9235082864761353 
v 1.4767273664474487 -1.3987581729888916 1.8476711511611938 
v 1.4326295852661133 -1.4887405633926392 1.7666040658950806 
v 1.4017612934112549 -1.5722957849502563 1.6829217672348022 
v 1.370892882347107 -1.6537084579467773 1.591394305229187 
v 1.353253722190857 -1.730836272239685 1.4920216798782349 
v 1.348844051361084 -1.8036792278289795 1.3848037719726562 
v 1.353253722190857 -1.870094895362854 1.2671257257461548 
v 1.079848051071167 -1.9365105628967285 1.1755982637405396 
v 0.788803219795227 -1.9964988231658936 1.0579200983047485 
v 0.4889388382434845 -2.037205219268799 0.9245514869689941 
v 0.1758451759815216 -2.0500597953796387 0.788567841053009 
v -0.150477796792984 -2.037205219268799 0.6578143835067749 
v -0.49884963035583496 -2.0286355018615723 0.5479814410209656 
v -0.8428117036819458 -1.9343681335449219 0.44337862730026245 
v -1.2000030279159546 -1.8593827486038208 0.3701566457748413 
v -1.5307358503341675 -1.7779699563980103 0.31524020433425903 
v -1.8306001424789429 -1.6944148540496826 0.26032373309135437 
v -2.0995960235595703 -1.613002061843872 0.20017710328102112 
v -2.346543312072754 -1.5230196714401245 0.2106373906135559 
v -2.3421335220336914 -1.531589388847351 0.13480035960674286 
v -2.5670318603515625 -1.435179591178894 0.2158675342798233 
v -2.5670318603515625 -1.4437493085861206 0.13741542398929596 
v -2.7742910385131836 -1.3516244888305664 0.2158675342798233 
v -2.959501266479492 -1.2680692672729492 0.2080223262310028 
v -2.7742910385131836 -1.3580517768859863 0.13480035960674286 
v -2.5626220703125 -1.4523191452026367 0.05896332859992981 
v -2.337723731994629 -1.538016676902771 0.05634826049208641 
v -2.0995960235595703 -1.6215718984603882 0.12695515155792236 
v -1.8306001424789429 -1.7029845714569092 0.18710176646709442 
v -1.5351455211639404 -1.7865397930145264 0.2394031584262848 
v -1.2088226079940796 -1.870094895362854 0.29170456528663635 
v -0.851631224155426 -1.949365258216858 0.3544662296772003 
v -0.49884963035583496 -2.041490077972412 0.44076356291770935 
v -0.1460680365562439 -2.071484327316284 0.5375211238861084 
v 0.18907448649406433 -2.0950510501861572 0.6551992893218994 
v 0.5065779089927673 -2.090766191482544 0.7859528064727783 
v 0.81085205078125 -2.0586297512054443 0.9167062640190125 
v 1.0974870920181274 -2.000783681869507 1.0396145582199097 
v 1.370892882347107 -1.9322257041931152 1.1416022777557373 
v 1.3973515033721924 -1.9900715351104736 1.0108487606048584 
v 1.1283555030822754 -2.0586297512054443 0.9010158777236938 
v 0.8373106718063354 -2.110048294067383 0.7781075835227966 
v 0.5286267995834351 -2.1357574462890625 0.6525841951370239 
v 0.20230379700660706 -2.1293301582336426 0.5349060893058777 
v -0.1416582614183426 -2.097193479537964 0.43030327558517456 
v -0.49884963035583496 -2.0500597953796387 0.346621036529541 
v -0.8560410141944885 -1.9622198343276978 0.27339908480644226 
v -1.213232398033142 -1.8808071613311768 0.2184825986623764 
v -1.539555311203003 -1.7972519397735596 0.16879627108573914 
v -1.8306001424789429 -1.7115544080734253 0.11387979984283447 
v -2.0907766819000244 -1.627999186515808 0.051118120551109314 
v -2.328904151916504 -1.546586513519287 -0.01948877051472664 
v -2.553802490234375 -1.4587464332580566 -0.01948877051472664 
v -2.769881248474121 -1.366621494293213 0.05634826049208641 
v -2.9639110565185547 -1.2766389846801758 0.12695515155792236 
v -3.12707257270813 -1.1887990236282349 0.19494697451591492 
v -3.2770047187805176 -1.109528660774231 0.17664147913455963 
v -3.1314823627471924 -1.1952263116836548 0.11387979984283447 
v -2.959501266479492 -1.2830663919448853 0.04588798061013222 
v -2.761061668395996 -1.3730487823486328 -0.022103840485215187 
v -2.5405731201171875 -1.4651737213134766 -0.09794086962938309 
v -2.3156747817993164 -1.553013801574707 -0.09794086962938309 
v -2.0819571018218994 -1.6365689039230347 -0.024718910455703735 
v -1.8261903524398804 -1.7201241254806519 0.04065784066915512 
v -1.539555311203003 -1.8058217763900757 0.09818937629461288 
v -1.2176421880722046 -1.89151930809021 0.14787571132183075 
v -0.8604507446289062 -1.972931981086731 0.20017710328102112 
v -0.49884963035583496 -2.0564870834350586 0.26032373309135437 
v -0.13724848628044128 -2.1164755821228027 0.3335456848144531 
v 0.21553310751914978 -2.157181978225708 0.42507311701774597 
v 0.550675630569458 -2.174321413040161 0.5296759009361267 
v 0.8681790828704834 -2.1550395488739014 0.644739031791687 
v 1.1636337041854858 -2.1057634353637695 0.7624171376228333 
v 1.4414491653442383 -2.0393476486206055 0.8774802684783936 
v 1.4899566173553467 -2.077911615371704 0.7414966225624084 
v 1.2077313661575317 -2.144327163696289 0.6316636800765991 
v 0.9034572243690491 -2.1893184185028076 0.5192156434059143 
v 0.572724461555481 -2.2021732330322266 0.41722792387008667 
v 0.2243526428937912 -2.1764638423919678 0.32570046186447144 
v -0.13283872604370117 -2.133615016937256 0.24986344575881958 
v -0.49884963035583496 -2.0650570392608643 0.18448668718338013 
v -0.8648605346679688 -1.9836442470550537 0.12957021594047546 
v -1.2176421880722046 -1.9000890254974365 0.0798838883638382 
v -1.5351455211639404 -1.8143914937973022 0.02496742084622383 
v -1.817370891571045 -1.7265514135360718 -0.03256411850452423 
v -2.0731375217437744 -1.6429963111877441 -0.10055594146251678 
v -2.2980358600616455 -1.5572986602783203 -0.17377789318561554 
v -2.52734375 -1.4694586992263794 -0.17639297246932983 
v -2.752242088317871 -1.3773337602615356 -0.10055594146251678 
v -2.9550914764404297 -1.2894936800003052 -0.03256411850452423 
v -3.1314823627471924 -1.2016535997390747 0.03281262889504433 
v -3.2858242988586426 -1.1159560680389404 0.09295924007892609 
v -3.4092979431152344 -1.0302584171295166 0.15572091937065125 
v -3.506312847137451 -0.9445608258247375 0.2184825986623764 
v -3.5724592208862305 -0.8524359464645386 0.28908950090408325 
v -3.532771348953247 -0.8417237401008606 0.3910772204399109 
v -3.479854106903076 -0.8310115337371826 0.495680034160614 
v -3.4137074947357178 -0.8202993273735046 0.608128011226654 
v -3.325512170791626 -0.8095871210098267 0.7231910824775696 
v -3.219677686691284 -0.8010173439979553 0.8434843420982361 
v -3.0962040424346924 -0.7945900559425354 0.9663926362991333 
v -3.0256478786468506 -0.6981802582740784 1.0919159650802612 
v -2.919813394546509 -0.5953431129455566 1.230514645576477 
v -2.769881248474121 -0.486078679561615 1.3769586086273193 
v -2.580260992050171 -0.368244469165802 1.533862829208374 
v -2.346543312072754 -0.23541319370269775 1.6986122131347656 
v -2.024630069732666 -0.23969808220863342 1.8555164337158203 
v -1.6674386262893677 -0.24184052646160126 2.00980544090271 
v -1.2926082611083984 -0.2504102885723114 2.151019334793091 
v -0.9133679866790771 -0.25898003578186035 2.263467311859131 
v -0.5429473519325256 -0.26540735363960266 2.347149610519409 
v -0.17252664268016815 -0.273977130651474 2.4020659923553467 
v 0.21112334728240967 -0.28254687786102295 2.4334468841552734 
v 0.5991830825805664 -0.2846893072128296 2.4439072608947754 
v 0.9960623979568481 -0.2868317663669586 2.4360618591308594 
v 1.4061709642410278 -0.28254687786102295 2.4072961807250977 
v 1.8250991106033325 -0.2782619893550873 2.354994773864746 
v 2.2484371662139893 -0.27611956000328064 2.2765426635742188 
v 2.2219784259796143 -0.4796513617038727 2.242546796798706 
v 2.1778807640075684 -0.6724709868431091 2.1902453899383545 
v 2.1161439418792725 -0.8374388217926025 2.127483606338501 
v 2.041177988052368 -0.9788398742675781 2.0568768978118896 
v 1.9662117958068848 -1.103101372718811 1.9810397624969482 
v 1.891245722770691 -1.2166507244110107 1.9052027463912964 
v 1.8250991106033325 -1.3194878101348877 1.8293657302856445 
v 1.7677721977233887 -1.413755178451538 1.7561438083648682 
v 1.7148549556732178 -1.5037376880645752 1.6803066730499268 
v 1.6707571744918823 -1.5872927904129028 1.5992395877838135 
v 1.6354790925979614 -1.6644207239151 1.5155572891235352 
v 1.613430142402649 -1.735121250152588 1.4266449213027954 
v 1.6046106815338135 -1.8015367984771729 1.3298873901367188 
v 1.613430142402649 -1.8615251779556274 1.2200543880462646 
v 1.6398887634277344 -1.9150861501693726 1.1049913167953491 
v 1.6839865446090698 -1.9622198343276978 0.9768528938293457 
v 1.7369037866592407 -2.0029261112213135 0.8487144708633423 
v 1.7942308187484741 -2.035062789916992 0.7153459191322327 
v 1.5428738594055176 -2.110048294067383 0.6107431054115295 
v 1.2562388181686401 -2.174321413040161 0.5061402916908264 
v 0.9387353658676147 -2.2150278091430664 0.4067676365375519 
v 0.5903635621070862 -2.230024814605713 0.31785526871681213 
v 0.2331721931695938 -2.1957457065582275 0.2367880940437317 
v -0.13283872604370117 -2.1528968811035156 0.17141133546829224 
v -0.49884963035583496 -2.0757691860198975 0.11387979984283447 
v -0.8648605346679688 -1.994356393814087 0.06157840043306351 
v -1.213232398033142 -1.9086588621139526 0.009277000091969967 
v -1.526326060295105 -1.8208187818527222 -0.04563947021961212 
v -1.80855131149292 -1.7329787015914917 -0.10840114951133728 
v -2.0554983615875244 -1.6472811698913574 -0.17900803685188293 
v -2.2803966999053955 -1.5615835189819336 -0.2548450827598572 
v -2.5052950382232666 -1.4737435579299927 -0.2548450827598572 
v -2.734602928161621 -1.3837610483169556 -0.17900803685188293 
v -2.941862106323242 -1.2937785387039185 -0.11101622134447098 
v -3.12707257270813 -1.2059385776519775 -0.04563947021961212 
v -3.2858242988586426 -1.1223833560943604 0.011892070062458515 
v -3.4181172847747803 -1.0366857051849365 0.069423608481884 
v -3.523951768875122 -0.9509881734848022 0.12957021594047546 
v -3.603327751159668 -0.8631480932235718 0.19494697451591492 
v -3.6253764629364014 -0.8695754408836365 0.10341951996088028 
v -3.532771348953247 -0.9574154615402222 0.04327290877699852 
v -3.4225270748138428 -1.043113112449646 -0.01164355967193842 
v -3.28141450881958 -1.1266682147979736 -0.06656002998352051 
v -3.118252992630005 -1.2123658657073975 -0.12409157305955887 
v -2.928632974624634 -1.2980633974075317 -0.18946832418441772 
v -2.7125542163848877 -1.3880459070205688 -0.2600752115249634 
v -2.483246088027954 -1.478028416633606 -0.33591222763061523 
v -2.2627575397491455 -1.5658684968948364 -0.33591222763061523 
v -2.0378594398498535 -1.6537084579467773 -0.2574601471424103 
v -1.795322060585022 -1.7394061088562012 -0.18685324490070343 
v -1.51750648021698 -1.827246069908142 -0.12147650122642517 
v -1.2088226079940796 -1.9150861501693726 -0.06132989004254341 
v -0.8648605346679688 -2.0029261112213135 -0.009028489701449871 
v -0.49884963035583496 -2.0864813327789307 0.04327290877699852 
v -0.12842895090579987 -2.1721789836883545 0.10080444812774658 
v 0.24199172854423523 -2.210742950439453 0.15833598375320435 
v 0.6080026626586914 -2.2557342052459717 0.2289428859949112 
v 0.9696037769317627 -2.234309673309326 0.30477991700172424 
v 1.3047462701797485 -2.193603277206421 0.3910772204399109 
v 1.6046106815338135 -2.131472587585449 0.4852197468280792 
v 1.860377311706543 -2.0586297512054443 0.5872074961662292 
v 1.9265239238739014 -2.0757691860198975 0.46429917216300964 
v 1.6619377136230469 -2.144327163696289 0.3727717399597168 
v 1.348844051361084 -2.20645809173584 0.28647440671920776 
v 0.9916526079177856 -2.2493069171905518 0.2106373906135559 
v 0.6212319731712341 -2.2793009281158447 0.14787571132183075 
v 0.24640150368213654 -2.223597526550293 0.0824989601969719 
v -0.12842895090579987 -2.187175989151001 0.030197560787200928 
v -0.49443987011909485 -2.0950510501861572 -0.024718910455703735 
v -0.8604507446289062 -2.0093536376953125 -0.0796353816986084 
v -1.204412817955017 -1.9215134382247925 -0.13716691732406616 
v -1.5086870193481445 -1.8336734771728516 -0.19731353223323822 
v -1.777682900428772 -1.7436909675598145 -0.2653053402900696 
v -2.0202202796936035 -1.655850887298584 -0.3385273218154907 
v -2.2362990379333496 -1.568010926246643 -0.4169794023036957 
v -2.456787586212158 -1.4801708459854126 -0.4169794023036957 
v -2.690505266189575 -1.3901883363723755 -0.3385273218154907 
v -2.9065840244293213 -1.3023483753204346 -0.26792043447494507 
v -3.100613832473755 -1.214508295059204 -0.20254367589950562 
v -3.272594928741455 -1.130953073501587 -0.14501212537288666 
v -3.4181172847747803 -1.0473979711532593 -0.09009566158056259 
v -3.5371811389923096 -0.9638428092002869 -0.03779425844550133 
v -3.6341960430145264 -0.8760027885437012 0.017122209072113037 
v -3.7091622352600098 -0.7838778495788574 0.0772688165307045 
v -3.6871132850646973 -0.7753080725669861 0.16879627108573914 
v -3.6606547832489014 -0.7667382955551147 0.26816892623901367 
v -3.620966672897339 -0.7560261487960815 0.3701566457748413 
v -3.568049430847168 -0.7431714534759521 0.47737452387809753 
v -3.497493267059326 -0.7303168177604675 0.5924376249313354 
v -3.4092979431152344 -0.7174621820449829 0.7101157307624817 
v -3.3034634590148926 -0.7067499756813049 0.8356391191482544 
v -3.1755800247192383 -0.700322687625885 0.9611625075340271 
v -3.100613832473755 -0.5953431129455566 1.0919159650802612 
v -2.9815502166748047 -0.4817937910556793 1.230514645576477 
v -2.8272082805633545 -0.3618171513080597 1.3821887969970703 
v -2.633178234100342 -0.23112832009792328 1.541707992553711 
v -2.3862311840057373 -0.08758483827114105 1.7116875648498535 
v -2.059908151626587 -0.08329995721578598 1.8738218545913696 
v -1.6938972473144531 -0.07687263935804367 2.0333411693573 
v -1.3058375120162964 -0.0790150836110115 2.1797850131988525 
v -0.9221875667572021 -0.08544240146875381 2.2974631786346436 
v -0.5517668724060059 -0.08972728252410889 2.378530502319336 
v -0.17693641781806946 -0.09401216357946396 2.4308319091796875 
v 0.20671357214450836 -0.10043948143720627 2.4569826126098633 
v 0.5991830825805664 -0.1025819182395935 2.4648277759552 
v 1.0048819780349731 -0.1025819182395935 2.4543673992156982 
v 1.4149905443191528 -0.09829703718423843 2.4256017208099365 
v 1.83832848072052 -0.08972728252410889 2.373300313949585 
v 2.2616662979125977 -0.08329995721578598 2.3000783920288086 
v 2.6717751026153564 -0.08544240146875381 2.2111659049987793 
v 2.6541359424591064 -0.2804044485092163 2.1824002265930176 
v 3.0421957969665527 -0.0961546003818512 2.114408254623413 
v 2.6188578605651855 -0.48822110891342163 2.140558958053589 
v 2.552711248397827 -0.6810407042503357 2.0804123878479004 
v 2.4645159244537354 -0.8460085988044739 2.012420654296875 
v 2.3675007820129395 -0.9874096512794495 1.939198613166809 
v 2.274895668029785 -1.1138136386871338 1.8659766912460327 
v 2.191110134124756 -1.227362871170044 1.7927547693252563 
v 2.11173415184021 -1.332342505455017 1.7195327281951904 
v 2.0367681980133057 -1.4266098737716675 1.6489259004592896 
v 1.9750313758850098 -1.5144498348236084 1.5783189535140991 
v 1.9177043437957764 -1.595862627029419 1.5050970315933228 
v 1.8736066818237305 -1.67084801197052 1.4318751096725464 
v 1.8427382707595825 -1.735121250152588 1.353422999382019 
v 1.8339186906814575 -1.7929670810699463 1.2697407007217407 
v 1.847148060798645 -1.8422431945800781 1.172983169555664 
v 1.8868359327316284 -1.8872344493865967 1.0657652616500854 
v 1.9397531747817993 -1.9257984161376953 0.9454720616340637 
v 2.005899667739868 -1.9579349756240845 0.819948673248291 
v 2.0720462799072266 -1.9836442470550537 0.6918102502822876 
v 2.14701247215271 -2.0029261112213135 0.5662869215011597 
v 2.2131588459014893 -2.0157809257507324 0.44860875606536865 
v 1.9882606267929077 -2.084338903427124 0.3518511652946472 
v 1.7148549556732178 -2.150754451751709 0.26816892623901367 
v 1.3841221332550049 -2.2150278091430664 0.19233189523220062 
v 1.0137014389038086 -2.2578766345977783 0.12695515155792236 
v 0.6300514936447144 -2.296440362930298 0.069423608481884 
v 0.25522103905677795 -2.2321672439575195 0.011892070062458515 
v -0.12401918321847916 -2.2021732330322266 -0.040409330278635025 
v -0.49003008008003235 -2.101478338241577 -0.09794086962938309 
v -0.8604507446289062 -2.013638496398926 -0.15285733342170715 
v -1.195593237876892 -1.9257984161376953 -0.2130039483308792 
v -1.495457649230957 -1.8379583358764648 -0.27576562762260437 
v -1.7600438594818115 -1.7479758262634277 -0.34637251496315 
v -1.9981714487075806 -1.6579933166503906 -0.42220956087112427 
v -2.2098402976989746 -1.5701533555984497 -0.5032767057418823 
v -2.430328845977783 -1.4801708459854126 -0.5032767057418823 
v -2.6640467643737793 -1.3923307657241821 -0.42220956087112427 
v -2.8801255226135254 -1.3044908046722412 -0.34637251496315 
v -3.0785651206970215 -1.2187931537628174 -0.28099575638771057 
v -3.254955768585205 -1.1330955028533936 -0.223464235663414 
v -3.4092979431152344 -1.049540400505066 -0.16854776442050934 
v -3.5371811389923096 -0.9659852385520935 -0.11886142939329147 
v -3.638605833053589 -0.8802876472473145 -0.06656002998352051 
v -3.7179818153381348 -0.7903051376342773 -0.01164355967193842 
v -3.7797183990478516 -0.6917529106140137 0.05373318865895271 
v -3.7620794773101807 -0.6831831336021423 0.14787571132183075 
v -3.731210947036743 -0.6724709868431091 0.24463330209255219 
v -3.6959328651428223 -0.6617587804794312 0.3492361009120941 
v -3.6430156230926514 -0.6489041447639465 0.45906904339790344 
v -3.576869010925293 -0.6339070200920105 0.5767471790313721 
v -3.488673686981201 -0.6189099550247192 0.6970404386520386 
v -3.3828392028808594 -0.6081977486610413 0.825178861618042 
v -3.254955768585205 -0.5996279716491699 0.9559323191642761 
v -3.1667604446411133 -0.48393625020980835 1.0893008708953857 
v -3.047696590423584 -0.35967472195625305 1.230514645576477 
v -2.884535312652588 -0.22898587584495544 1.3848037719726562 
v -2.6772758960723877 -0.09186971932649612 1.5495532751083374 
v -2.9330427646636963 -0.09186971932649612 1.3874188661575317 
v -3.100613832473755 -0.23112832009792328 1.2278996706008911 
v -3.228497266769409 -0.3639596104621887 1.0840708017349243 
v -3.3211023807525635 -0.49036356806755066 0.9480871558189392 
v -3.4533956050872803 -0.5010757446289062 0.8147185444831848 
v -3.559230089187622 -0.5139303803443909 0.6839650869369507 
v -3.6430156230926514 -0.5289275050163269 0.5610567927360535 
v -3.7091622352600098 -0.5460669994354248 0.44337862730026245 
v -3.757669687271118 -0.5589216351509094 0.3309306204319 
v -3.792947769165039 -0.571776270866394 0.2263278067111969 
v -3.819406509399414 -0.582488477230072 0.12695515155792236 
v -3.837045431137085 -0.59320068359375 0.03281262889504433 
v -3.7885379791259766 -0.6981802582740784 -0.03517919033765793 
v -3.7223916053771973 -0.7945900559425354 -0.09532579779624939 
v -3.6341960430145264 -0.8845725059509277 -0.14762720465660095 
v -3.5283615589141846 -0.9681276679039001 -0.19731353223323822 
v -3.396068572998047 -1.0516828298568726 -0.2469998598098755 
v -3.237316846847534 -1.1352380514144897 -0.29930126667022705 
v -3.056516170501709 -1.2187931537628174 -0.3594478666782379 
v -2.8536667823791504 -1.3066332340240479 -0.42743968963623047 
v -2.633178234100342 -1.3923307657241821 -0.5058917999267578 
v -2.399460554122925 -1.4801708459854126 -0.5895740389823914 
v -2.1833817958831787 -1.568010926246643 -0.5921890735626221 
v -1.9761226177215576 -1.6601357460021973 -0.5085068345069885 
v -1.742404818534851 -1.7501182556152344 -0.43005475401878357 
v -1.4778186082839966 -1.8422431945800781 -0.3568328022956848 
v -1.1867737770080566 -1.9300832748413086 -0.29145604372024536 
v -0.851631224155426 -2.0200657844543457 -0.2286943644285202 
v -0.49003008008003235 -2.103620767593384 -0.17116282880306244 
v -0.11519964039325714 -2.210742950439453 -0.11363129317760468 
v 0.26404058933258057 -2.240736961364746 -0.06132989004254341 
v 0.6432808041572571 -2.30715274810791 -0.003798349993303418 
v 1.035750389099121 -2.266446352005005 0.048503048717975616 
v 1.4149905443191528 -2.2193126678466797 0.10864966362714767 
v 1.7589526176452637 -2.1528968811035156 0.17402641475200653 
v 2.0367681980133057 -2.084338903427124 0.2524785101413727 
v 2.2704858779907227 -2.0200657844543457 0.3387758135795593 
v -3.153531074523926 -0.0961546003818512 1.2252845764160156 
v 2.318993330001831 -2.017923355102539 0.2394031584262848 
v 2.0808658599853516 -2.0821964740753174 0.15833598375320435 
v 1.798640489578247 -2.1528968811035156 0.08772909641265869 
v 1.4458589553833008 -2.2214550971984863 0.02758249081671238 
v 1.0533894300460815 -2.270731210708618 -0.029949050396680832 
v 0.6565101146697998 -2.31358003616333 -0.0796353816986084 
v 0.2728601098060608 -2.2450218200683594 -0.13193677365779877 
v -0.11078987270593643 -2.217170238494873 -0.18946832418441772 
v -0.48562031984329224 -2.107905864715576 -0.2496149241924286 
v -0.8472214341163635 -2.0222082138061523 -0.30976155400276184 
v -1.1735444068908691 -1.9343681335449219 -0.3725232183933258 
v -1.464589238166809 -1.8443856239318848 -0.44051504135131836 
v -1.7203558683395386 -1.752260684967041 -0.5163520574569702 
v -1.9496639966964722 -1.6579933166503906 -0.597419261932373 
v -2.1569230556488037 -1.5658684968948364 -0.6811015009880066 
v -2.3685920238494873 -1.4758859872817993 -0.6784864068031311 
v -2.597900152206421 -1.3923307657241821 -0.5895740389823914 
v -2.8183887004852295 -1.3066332340240479 -0.511121928691864 
v -3.0256478786468506 -1.220935583114624 -0.44051504135131836 
v -3.210858106613159 -1.1373804807662964 -0.377753347158432 
v -3.3740196228027344 -1.0538252592086792 -0.32283687591552734 
v -3.515132427215576 -0.9702700972557068 -0.27315056324005127 
v -3.629786252975464 -0.8867149353027344 -0.2260793000459671 
v -3.7179818153381348 -0.7988749146461487 -0.17900803685188293 
v -3.792947769165039 -0.7024651169776917 -0.12147650122642517 
v -3.84586501121521 -0.5996279716491699 -0.056099750101566315 
v -3.8767335414886475 -0.48393625020980835 0.017122209072113037 
v -3.86350417137146 -0.47322404384613037 0.11126472800970078 
v -3.837045431137085 -0.4625118374824524 0.2106373906135559 
v -3.801767349243164 -0.44751477241516113 0.31785526871681213 
v -3.757669687271118 -0.4346601068973541 0.42768821120262146 
v -3.6959328651428223 -0.4175206124782562 0.5453663468360901 
v -3.6165571212768555 -0.40038108825683594 0.6708897352218628 
v -3.5107226371765137 -0.3853839933872223 0.8016431927680969 
v -3.3828392028808594 -0.37252935767173767 0.9402419328689575 
v -3.2858242988586426 -0.2375556379556656 1.0762255191802979 
v -3.334331750869751 -0.1025819182395935 1.068380355834961 
v -3.4401662349700928 -0.24612540006637573 0.9297816157341003 
v -3.4842638969421387 -0.11329411715269089 0.9193213582038879 
v -3.5989179611206055 -0.12829120457172394 0.7781075835227966 
v -3.559230089187622 -0.261122465133667 0.7911829352378845 
v -3.6915230751037598 -0.14543071389198303 0.644739031791687 
v -3.6606547832489014 -0.27611956000328064 0.6578143835067749 
v -3.7620794773101807 -0.16257023811340332 0.5218307375907898 
v -3.7356207370758057 -0.29540151357650757 0.5322909951210022 
v -3.819406509399414 -0.1797097623348236 0.4067676365375519 
v -3.7973575592041016 -0.31254103779792786 0.41461285948753357 
v -3.837045431137085 -0.3275381326675415 0.30477991700172424 
v -3.8679139614105225 -0.34253519773483276 0.20017710328102112 
v -3.8590943813323975 -0.1968492865562439 0.29693469405174255 
v -3.8855528831481934 -0.21184636652469635 0.19494697451591492 
v -3.907601833343506 -0.22470100224018097 0.09818937629461288 
v -3.8943724632263184 -0.3553898334503174 0.10341951996088028 
v -3.925240993499756 -0.23541319370269775 0.006661930121481419 
v -3.907601833343506 -0.3639596104621887 0.009277000091969967 
v -3.916421413421631 -0.37252935767173767 -0.0796353816986084 
v -3.8855528831481934 -0.49036356806755066 -0.0717901736497879 
v -3.8502748012542725 -0.603912889957428 -0.14239706099033356 
v -3.7885379791259766 -0.7067499756813049 -0.20515874028205872 
v -3.7135720252990723 -0.7988749146461487 -0.2574601471424103 
v -3.6165571212768555 -0.8867149353027344 -0.30453139543533325 
v -3.4930834770202637 -0.9702700972557068 -0.3516026735305786 
v -3.351970911026001 -1.0538252592086792 -0.4012889862060547 
v -3.179989814758301 -1.1373804807662964 -0.45620545744895935 
v -2.9903697967529297 -1.220935583114624 -0.5215821862220764 
v -2.7831103801727295 -1.3044908046722412 -0.5948041677474976 
v -2.5626220703125 -1.3901883363723755 -0.6784864068031311 
v -2.328904151916504 -1.471601128578186 -0.7700138688087463 
v -2.1260547637939453 -1.559441089630127 -0.7752439975738525 
v -1.9276151657104492 -1.655850887298584 -0.691561758518219 
v -1.7027168273925781 -1.7501182556152344 -0.6078795194625854 
v -1.4469501972198486 -1.8443856239318848 -0.5294274091720581 
v -1.1603151559829712 -1.9365105628967285 -0.45620545744895935 
v -0.8384019136428833 -2.0264930725097656 -0.3908286988735199 
v -0.4812105596065521 -2.110048294067383 -0.32806703448295593 
v -0.10638009756803513 -2.2214550971984863 -0.26792043447494507 
v 0.2816796600818634 -2.247164249420166 -0.20777380466461182 
v 0.6697394251823425 -2.31358003616333 -0.15547241270542145 
v 1.0754382610321045 -2.272873640060425 -0.10578607767820358 
v 1.4723175764083862 -2.2214550971984863 -0.05086961016058922 
v 1.8339186906814575 -2.150754451751709 0.006661930121481419 
v 2.120553731918335 -2.077911615371704 0.0720386803150177 
v 2.363090991973877 -2.011496067047119 0.14787571132183075 
v -3.934060573577881 -0.2439829558134079 -0.0796353816986084 
v 2.4027791023254395 -2.0029261112213135 0.06157840043306351 
v 2.1602416038513184 -2.071484327316284 -0.01164355967193842 
v 1.8647871017456055 -2.1486120223999023 -0.074405238032341 
v 1.4987761974334717 -2.2214550971984863 -0.12932170927524567 
v 1.093077301979065 -2.272873640060425 -0.17900803685188293 
v 0.6829687356948853 -2.309295177459717 -0.2286943644285202 
v 0.2860894203186035 -2.2450218200683594 -0.28361085057258606 
v -0.10638009756803513 -2.2257399559020996 -0.3489875793457031 
v -0.4723910093307495 -2.110048294067383 -0.4117492735385895 
v -0.8295823931694031 -2.0286355018615723 -0.47451093792915344 
v -1.1426759958267212 -1.9365105628967285 -0.5451178550720215 
v -1.4293111562728882 -1.8422431945800781 -0.6209548711776733 
v -1.6806679964065552 -1.745833396911621 -0.7020220160484314 
v -1.9011565446853638 -1.649423599243164 -0.7857042551040649 
v -2.0907766819000244 -1.553013801574707 -0.872001588344574 
v -2.2892162799835205 -1.4673161506652832 -0.8641563653945923 
v -2.518524408340454 -1.3859034776687622 -0.7673987746238708 
v -2.743422508239746 -1.3023483753204346 -0.6811015009880066 
v -2.950681686401367 -1.2187931537628174 -0.60526442527771 
v -3.14471173286438 -1.1352380514144897 -0.5372726321220398 
v -3.3211023807525635 -1.0516828298568726 -0.47712603211402893 
v -3.471034526824951 -0.9702700972557068 -0.42743968963623047 
v -3.594508171081543 -0.8867149353027344 -0.3803684413433075 
v -3.7003426551818848 -0.8010173439979553 -0.33329716324806213 
v -3.784128189086914 -0.7067499756813049 -0.28361085057258606 
v -3.84586501121521 -0.6060553193092346 -0.2260793000459671 
v -3.889962673187256 -0.49464842677116394 -0.15808747708797455 
v -3.9208312034606934 -0.37895667552948 -0.16593268513679504 
v -3.9384701251983643 -0.25255271792411804 -0.16331762075424194 
v -3.9208312034606934 -0.381099134683609 -0.2469998598098755 
v -3.9384701251983643 -0.2568376064300537 -0.2443847954273224 
v -3.889962673187256 -0.4989333152770996 -0.2417697161436081 
v -3.837045431137085 -0.6081977486610413 -0.30714645981788635 
v -3.7708990573883057 -0.7088924646377563 -0.362062931060791 
v -3.6827034950256348 -0.7988749146461487 -0.4117492735385895 
v -3.5724592208862305 -0.8845725059509277 -0.45620545744895935 
v -3.4401662349700928 -0.9681276679039001 -0.5032767057418823 
v -3.28141450881958 -1.0516828298568726 -0.5555781126022339 
v -3.1050236225128174 -1.1330955028533936 -0.6183397769927979 
v -2.9065840244293213 -1.2166507244110107 -0.6889466643333435 
v -2.6949150562286377 -1.3002058267593384 -0.7700138688087463 
v -2.474426507949829 -1.381618618965149 -0.8615413308143616 
v -2.249528408050537 -1.4587464332580566 -0.9609139561653137 
v -2.0554983615875244 -1.5423016548156738 -0.9713742733001709 
v -1.8702881336212158 -1.6387114524841309 -0.8850769400596619 
v -1.6586191654205322 -1.7394061088562012 -0.8013947010040283 
v -1.4072622060775757 -1.8379583358764648 -0.7177124619483948 
v -1.1294467449188232 -1.9343681335449219 -0.6366453170776367 
v -0.8163530826568604 -2.0264930725097656 -0.5634233355522156 
v -0.4679812490940094 -2.110048294067383 -0.495431512594223 
v -0.10197032988071442 -2.2257399559020996 -0.43266981840133667 
v 0.290499210357666 -2.240736961364746 -0.362062931060791 
v 0.6873785257339478 -2.3007254600524902 -0.30191633105278015 
v 1.110716462135315 -2.270731210708618 -0.2522299885749817 
v 1.5208250284194946 -2.2193126678466797 -0.20515874028205872 
v 1.8956555128097534 -2.144327163696289 -0.15285733342170715 
v 2.191110134124756 -2.067199468612671 -0.09009566158056259 
v 2.442466974258423 -1.9922139644622803 -0.022103840485215187 
v 2.4777450561523438 -1.981501817703247 -0.10055594146251678 
v 2.2263882160186768 -2.060772180557251 -0.16854776442050934 
v 1.9265239238739014 -2.1421847343444824 -0.2286943644285202 
v 1.5428738594055176 -2.217170238494873 -0.27576562762260437 
v 1.115126132965088 -2.266446352005005 -0.32283687591552734 
v 0.6917882561683655 -2.2878706455230713 -0.377753347158432 
v 0.290499210357666 -2.2321672439575195 -0.44313010573387146 
v -0.09756056219339371 -2.2214550971984863 -0.5163520574569702 
v -0.4591616988182068 -2.107905864715576 -0.5843439102172852 
v -0.8075335025787354 -2.024350643157959 -0.6549507975578308 
v -1.1162173748016357 -1.9300832748413086 -0.7360179424285889 
v -1.3896231651306152 -1.8293886184692383 -0.8197001814842224 
v -1.6321605443954468 -1.7265514135360718 -0.903382420539856 
v -1.8438295125961304 -1.6258567571640015 -0.9870646595954895 
v -2.0202202796936035 -1.5294469594955444 -1.0681318044662476 
v -2.205430507659912 -1.4480342864990234 -1.0576715469360352 
v -2.4259190559387207 -1.375191330909729 -0.9556838274002075 
v -2.6464076042175293 -1.295920968055725 -0.8615413308143616 
v -2.858076572418213 -1.214508295059204 -0.777859091758728 
v -3.0609259605407715 -1.130953073501587 -0.7020220160484314 
v -3.2417266368865967 -1.049540400505066 -0.6366453170776367 
v -3.404888153076172 -0.9659852385520935 -0.5817288160324097 
v -3.541590929031372 -0.8824300765991211 -0.5320425033569336 
v -3.656244993209839 -0.796732485294342 -0.48497122526168823 
v -3.7532598972320557 -0.7067499756813049 -0.43789997696876526 
v -3.828226089477539 -0.6081977486610413 -0.3855985701084137 
v -3.88114333152771 -0.5010757446289062 -0.32283687591552734 
v -3.9120116233825684 -0.3853839933872223 -0.32806703448295593 
v -3.9296507835388184 -0.25898003578186035 -0.32545197010040283 
v -3.9031920433044434 -0.3853839933872223 -0.4065191447734833 
v -3.9208312034606934 -0.261122465133667 -0.4039040505886078 
v -3.872323751449585 -0.5010757446289062 -0.4012889862060547 
v -3.810586929321289 -0.6081977486610413 -0.46143558621406555 
v -3.731210947036743 -0.7046075463294983 -0.5137370228767395 
v -3.629786252975464 -0.7945900559425354 -0.5608082413673401 
v -3.506312847137451 -0.8781452178955078 -0.6078795194625854 
v -3.360790252685547 -0.9617003798484802 -0.660180926322937 
v -3.1932191848754883 -1.0452555418014526 -0.7203275561332703 
v -3.003598928451538 -1.1288106441497803 -0.7883193492889404 
v -2.8007495403289795 -1.2102234363555908 -0.8693864941596985 
v -2.589080572128296 -1.2916361093521118 -0.9556838274002075 
v -2.37300181388855 -1.3687639236450195 -1.0524414777755737 
v -2.1569230556488037 -1.4373220205307007 -1.1544291973114014 
v -1.984942078590393 -1.5144498348236084 -1.1675045490264893 
v -1.817370891571045 -1.6087172031402588 -1.089052438735962 
v -1.6101117134094238 -1.7115544080734253 -1.007985234260559 
v -1.3719841241836548 -1.8165339231491089 -0.926918089389801 
v -1.0985783338546753 -1.9193710088729858 -0.840620756149292 
v -0.7943041920661926 -2.017923355102539 -0.7569385170936584 
v -0.4503421485424042 -2.101478338241577 -0.6758713126182556 
v -0.0931507870554924 -2.210742950439453 -0.60526442527771 
v 0.29490897059440613 -2.2257399559020996 -0.5268123745918274 
v 0.696198046207428 -2.270731210708618 -0.45620545744895935 
v 1.1195359230041504 -2.260019063949585 -0.3934437930583954 
v 1.5516934394836426 -2.2128853797912598 -0.3437574505805969 
v 1.9485727548599243 -2.137899875640869 -0.29930126667022705 
v 2.2616662979125977 -2.0564870834350586 -0.2417697161436081 
v 2.5086135864257812 -1.972931981086731 -0.17639297246932983 
v 2.535072088241577 -1.9643622636795044 -0.2522299885749817 
v 2.2881250381469727 -2.054344654083252 -0.31499168276786804 
v 1.9662117958068848 -2.1357574462890625 -0.3646779954433441 
v 1.556103229522705 -2.2086005210876465 -0.4091342091560364 
v 1.1195359230041504 -2.2514493465423584 -0.46666574478149414 
v 0.696198046207428 -2.253591775894165 -0.5372726321220398 
v 0.29490897059440613 -2.2150278091430664 -0.6157247424125671 
v -0.08433125168085098 -2.1914608478546143 -0.6994069814682007 
v -0.44152262806892395 -2.0929086208343506 -0.777859091758728 
v -0.7810748815536499 -2.00506854057312 -0.8641563653945923 
v -1.0853490829467773 -1.9022315740585327 -0.953068733215332 
v -1.3543449640274048 -1.7972519397735596 -1.0367510318756104 
v -1.5880627632141113 -1.6901299953460693 -1.1178181171417236 
v -1.7909122705459595 -1.589435338973999 -1.1910401582717896 
v -1.9452542066574097 -1.4973104000091553 -1.264262080192566 
v -2.104005813598633 -1.4266098737716675 -1.251186728477478 
v -2.311264991760254 -1.3623366355895996 -1.1491990089416504 
v -2.5229339599609375 -1.2873512506484985 -1.0524414777755737 
v -2.7390127182006836 -1.2080810070037842 -0.9635290503501892 
v -2.941862106323242 -1.124525785446167 -0.8798468112945557 
v -3.135892152786255 -1.0409706830978394 -0.8040097951889038 
v -3.3122828006744385 -0.9574154615402222 -0.7412480711936951 
v -3.4666247367858887 -0.8738602995872498 -0.6863316297531128 
v -3.594508171081543 -0.7903051376342773 -0.6366453170776367 
v -3.7003426551818848 -0.700322687625885 -0.5895740389823914 
v -3.7885379791259766 -0.6060553193092346 -0.5372726321220398 
v -3.854684591293335 -0.5010757446289062 -0.47712603211402893 
v -3.8855528831481934 -0.3853839933872223 -0.48497122526168823 
v -3.907601833343506 -0.261122465133667 -0.47974109649658203 
v -3.8679139614105225 -0.38324156403541565 -0.5608082413673401 
v -3.889962673187256 -0.25898003578186035 -0.5581932067871094 
v -3.8326356410980225 -0.4989333152770996 -0.5555781126022339 
v -3.7620794773101807 -0.6017704606056213 -0.6131096482276917 
v -3.6694743633270264 -0.6960378289222717 -0.6654110550880432 
v -3.5548202991485596 -0.7838778495788574 -0.7150973677635193 
v -3.4181172847747803 -0.8695754408836365 -0.7647837400436401 
v -3.254955768585205 -0.9531306028366089 -0.8249303102493286 
v -3.074155330657959 -1.0388282537460327 -0.8929221630096436 
v -2.875715732574463 -1.1223833560943604 -0.9713742733001709 
v -2.6640467643737793 -1.2037960290908813 -1.0576715469360352 
v -2.4523777961730957 -1.2830663919448853 -1.1518141031265259 
v -2.2451186180114746 -1.353766918182373 -1.2459566593170166 
v -2.042269229888916 -1.4158976078033447 -1.3453292846679688 
v -1.9011565446853638 -1.478028416633606 -1.3557895421981812 
v -1.764453649520874 -1.5658684968948364 -1.2930278778076172 
v -1.5704237222671509 -1.6644207239151 -1.2250360250473022 
v -1.3367059230804443 -1.7715426683425903 -1.1518141031265259 
v -1.0677099227905273 -1.8808071613311768 -1.070746898651123 
v -0.7678455710411072 -1.9857866764068604 -0.9844496250152588 
v -0.43270307779312134 -2.0757691860198975 -0.8929221630096436 
v -0.07992147654294968 -2.163609266281128 -0.8040097951889038 
v 0.29931873083114624 -2.200030565261841 -0.7124823331832886 
v 0.6917882561683655 -2.236452102661133 -0.6261849999427795 
v 1.115126132965088 -2.240736961364746 -0.5451178550720215 
v 1.556103229522705 -2.2021732330322266 -0.47974109649658203 
v 1.9706215858459473 -2.133615016937256 -0.43005475401878357 
v 2.3145835399627686 -2.0522022247314453 -0.3829835057258606 
v 2.5571210384368896 -1.9579349756240845 -0.32545197010040283 
v 2.5747599601745605 -1.9536501169204712 -0.3960588574409485 
v 2.327812910079956 -2.0522022247314453 -0.45097532868385315 
v 1.9706215858459473 -2.1293301582336426 -0.495431512594223 
v 1.5516934394836426 -2.193603277206421 -0.5555781126022339 
v 1.110716462135315 -2.2257399559020996 -0.6340302228927612 
v 0.6917882561683655 -2.217170238494873 -0.7255576848983765 
v 0.29931873083114624 -2.180748701095581 -0.8223152756690979 
v -0.07110194116830826 -2.1293301582336426 -0.92168790102005 
v -0.4238835275173187 -2.0522022247314453 -1.015830397605896 
v -0.7546162605285645 -1.9579349756240845 -1.1099729537963867 
v -1.0544806718826294 -1.8508129119873047 -1.193655252456665 
v -1.3234766721725464 -1.7394061088562012 -1.269492268562317 
v -1.5527846813201904 -1.634426474571228 -1.3322539329528809 
v -1.7379950284957886 -1.538016676902771 -1.387170433998108 
v -1.8614685535430908 -1.4608888626098633 -1.436856746673584 
v -1.9673030376434326 -1.4094703197479248 -1.431626558303833 
v -2.161332845687866 -1.3494820594787598 -1.3453292846679688 
v -2.37300181388855 -1.278781533241272 -1.251186728477478 
v -2.5846707820892334 -1.2016535997390747 -1.1570441722869873 
v -2.796339750289917 -1.1202409267425537 -1.0681318044662476 
v -2.9991891384124756 -1.0345432758331299 -0.9870646595954895 
v -3.188809394836426 -0.9488457441329956 -0.9112276434898376 
v -3.360790252685547 -0.8631480932235718 -0.8484659790992737 
v -3.506312847137451 -0.7774505019187927 -0.7935494780540466 
v -3.629786252975464 -0.689610481262207 -0.7412480711936951 
v -3.7268011569976807 -0.5953431129455566 -0.6889466643333435 
v -3.8061771392822266 -0.49464842677116394 -0.6314151287078857 
v -3.8414552211761475 -0.37895667552948 -0.6392603516578674 
v -3.8679139614105225 -0.2568376064300537 -0.6340302228927612 
v -3.810586929321289 -0.37252935767173767 -0.7150973677635193 
v -3.837045431137085 -0.2504102885723114 -0.7124823331832886 
v -3.775308847427368 -0.48822110891342163 -0.7072522044181824 
v -3.6915230751037598 -0.5889158248901367 -0.7673987746238708 
v -3.5812788009643555 -0.6810407042503357 -0.8197001814842224 
v -3.4489858150482178 -0.7688807845115662 -0.872001588344574 
v -3.2946438789367676 -0.8567208051681519 -0.9321482181549072 
v -3.1138432025909424 -0.9445608258247375 -1.002755045890808 
v -2.9154036045074463 -1.0324008464813232 -1.083822250366211 
v -2.7037346363067627 -1.118098497390747 -1.1701195240020752 
v -2.492065668106079 -1.2016535997390747 -1.2616469860076904 
v -2.275986909866333 -1.278781533241272 -1.3531744480133057 
v -2.0643179416656494 -1.3473395109176636 -1.4420868158340454 
v -1.8791075944900513 -1.4094703197479248 -1.5126937627792358 
v -1.8261903524398804 -1.4480342864990234 -1.4970033168792725 
v -1.7115364074707031 -1.471601128578186 -1.541459560394287 
v -1.7203558683395386 -1.5080225467681885 -1.4734677076339722 
v -1.742404818534851 -1.4244674444198608 -1.5911458730697632 
v -1.9452542066574097 -1.3516244888305664 -1.5362293720245361 
v -2.1569230556488037 -1.2809239625930786 -1.4577772617340088 
v -2.381821393966675 -1.2037960290908813 -1.368864893913269 
v -2.6023099422454834 -1.118098497390747 -1.2747223377227783 
v -2.8183887004852295 -1.0302584171295166 -1.183194875717163 
v -3.0256478786468506 -0.9424183964729309 -1.0995126962661743 
v -3.2152678966522217 -0.8502934575080872 -1.0236756801605225 
v -3.3828392028808594 -0.7624534368515015 -0.9556838274002075 
v -3.5283615589141846 -0.6724709868431091 -0.8981522917747498 
v -3.6430156230926514 -0.5803460478782654 -0.8432357907295227 
v -3.740030527114868 -0.4817937910556793 -0.7830892205238342 
v -3.775308847427368 -0.36610203981399536 -0.7935494780540466 
v -3.8061771392822266 -0.24184052646160126 -0.7909344434738159 
v -3.7356207370758057 -0.3553898334503174 -0.872001588344574 
v -3.7620794773101807 -0.23112832009792328 -0.8693864941596985 
v -3.6959328651428223 -0.47108161449432373 -0.8615413308143616 
v -3.5900983810424805 -0.5674914121627808 -0.92168790102005 
v -3.4622151851654053 -0.6617587804794312 -0.9792194366455078 
v -3.307873010635376 -0.7538836598396301 -1.0445961952209473 
v -3.12707257270813 -0.8460085988044739 -1.1178181171417236 
v -2.9242231845855713 -0.9402759671211243 -1.201500415802002 
v -2.7037346363067627 -1.0324008464813232 -1.2930278778076172 
v -2.4788362979888916 -1.1223833560943604 -1.3845553398132324 
v -2.249528408050537 -1.2080810070037842 -1.4786977767944336 
v -2.0202202796936035 -1.2873512506484985 -1.5649951696395874 
v -1.7909122705459595 -1.3644790649414062 -1.6356019973754883 
v -1.8438295125961304 -1.2980633974075317 -1.6774431467056274 
v -2.095186471939087 -1.2166507244110107 -1.5937609672546387 
v -2.337723731994629 -1.1288106441497803 -1.5022335052490234 
v -2.5758512020111084 -1.0366857051849365 -1.4054758548736572 
v -2.805159330368042 -0.9424183964729309 -1.3087183237075806 
v -3.021238088607788 -0.8438661694526672 -1.2198059558868408 
v -3.2152678966522217 -0.7474563717842102 -1.1361236572265625 
v -3.387248992919922 -0.6510465741157532 -1.0655168294906616 
v -3.5283615589141846 -0.5567792057991028 -1.002755045890808 
v -3.6430156230926514 -0.4582269489765167 -0.9399933815002441 
v -3.6827034950256348 -0.34253519773483276 -0.9504536986351013 
v -3.7135720252990723 -0.21827368438243866 -0.9478386044502258 
v -3.6253764629364014 -0.3253956735134125 -1.0289057493209839 
v -3.656244993209839 -0.19899171590805054 -1.0289057493209839 
v -3.5812788009643555 -0.44322988390922546 -1.0184454917907715 
v -3.4533956050872803 -0.5439245700836182 -1.0864373445510864 
v -3.29905366897583 -0.6424767971038818 -1.1544291973114014 
v -3.10943341255188 -0.7431714534759521 -1.2381113767623901 
v -2.8977644443511963 -0.8460085988044739 -1.3270237445831299 
v -2.6640467643737793 -0.9467032551765442 -1.4263964891433716 
v -2.421509265899658 -1.0452555418014526 -1.5257691144943237 
v -2.1657426357269287 -1.139522910118103 -1.6251417398452759 
v -1.9011565446853638 -1.227362871170044 -1.7166692018508911 
v -1.9584834575653076 -1.1545199155807495 -1.7532801628112793 
v -2.2362990379333496 -1.0581101179122925 -1.6539075374603271 
v -2.5052950382232666 -0.9574154615402222 -1.549304723739624 
v -2.752242088317871 -0.8502934575080872 -1.444701910018921 
v -2.985960006713867 -0.7410290241241455 -1.3453292846679688 
v -3.1932191848754883 -0.6339070200920105 -1.2538018226623535 
v -3.369609832763672 -0.5289275050163269 -1.1727346181869507 
v -3.5107226371765137 -0.4282327890396118 -1.1021277904510498 
v -3.5548202991485596 -0.30611371994018555 -1.1099729537963867 
v -3.5900983810424805 -0.17756731808185577 -1.1099729537963867 
v -3.4754443168640137 -0.2846893072128296 -1.193655252456665 
v -3.5107226371765137 -0.15400047600269318 -1.193655252456665 
v -3.4269368648529053 -0.4110932946205139 -1.1858099699020386 
v -3.2681851387023926 -0.5182152986526489 -1.2668771743774414 
v -3.074155330657959 -0.6296221613883972 -1.3584046363830566 
v -2.840437412261963 -0.7431714534759521 -1.4630074501037598 
v -2.5846707820892334 -0.8588632345199585 -1.5728403329849243 
v -2.311264991760254 -0.9702700972557068 -1.6852883100509644 
v -2.0202202796936035 -1.0752496719360352 -1.792506217956543 
v -1.7159461975097656 -1.1695170402526855 -1.8918788433074951 
v -1.6718484163284302 -1.2445024251937866 -1.8448076248168945 
v -1.6277507543563843 -1.3152029514312744 -1.797736406326294 
v -1.5880627632141113 -1.3837610483169556 -1.742819905281067 
v -1.557194471359253 -1.4480342864990234 -1.6826733350753784 
v -1.5351455211639404 -1.5058801174163818 -1.612066388130188 
v -1.5307358503341675 -1.5551562309265137 -1.5309991836547852 
v -1.539555311203003 -1.5980050563812256 -1.4342416524887085 
v -1.3102473020553589 -1.7029845714569092 -1.3845553398132324 
v -1.3014277219772339 -1.655850887298584 -1.4970033168792725 
v -1.297018051147461 -1.6022899150848389 -1.604221224784851 
v -1.3014277219772339 -1.5423016548156738 -1.7009787559509277 
v -1.3146570920944214 -1.4758859872817993 -1.784661054611206 
v -1.3367059230804443 -1.4051854610443115 -1.8578829765319824 
v -1.3631645441055298 -1.332342505455017 -1.9206446409225464 
v -1.3940329551696777 -1.2616419792175293 -1.978176236152649 
v -1.4249013662338257 -1.1887990236282349 -2.027862548828125 
v -1.764453649520874 -1.0923892259597778 -1.9363350868225098 
v -2.0819571018218994 -0.9874096512794495 -1.8291171789169312 
v -2.3862311840057373 -0.8738602995872498 -1.7140541076660156 
v -2.668456554412842 -0.7517412304878235 -1.5937609672546387 
v -2.928632974624634 -0.6296221613883972 -1.4760828018188477 
v -3.1491212844848633 -0.5096455216407776 -1.3714799880981445 
v -3.3299219608306885 -0.39395377039909363 -1.2799525260925293 
v -3.3828392028808594 -0.26540735363960266 -1.2851825952529907 
v -3.4181172847747803 -0.13043363392353058 -1.2825676202774048 
v -3.272594928741455 -0.2439829558134079 -1.381940245628357 
v -3.307873010635376 -0.10472436249256134 -1.381940245628357 
v -3.2152678966522217 -0.37895667552948 -1.3793251514434814 
v -3.003598928451538 -0.5032181739807129 -1.48654305934906 
v -2.752242088317871 -0.6339070200920105 -1.6068363189697266 
v -2.4611973762512207 -0.7667382955551147 -1.737589716911316 
v -2.148103713989258 -0.8931422829627991 -1.8657281398773193 
v -1.8129611015319824 -1.0088340044021606 -1.9807912111282349 
v -1.4557697772979736 -1.1116712093353271 -2.0775487422943115 
v -1.0897587537765503 -1.2059385776519775 -2.153385877609253 
v -1.0721197128295898 -1.278781533241272 -2.1036994457244873 
v -1.0544806718826294 -1.3516244888305664 -2.043552875518799 
v -1.041251301765442 -1.4287523031234741 -1.9755611419677734 
v -1.0324318408966064 -1.5058801174163818 -1.8918788433074951 
v -1.0236122608184814 -1.580865502357483 -1.7951213121414185 
v -1.0236122608184814 -1.6515660285949707 -1.6879034042358398 
v -1.028022050857544 -1.713696837425232 -1.5702252388000488 
v -1.0324318408966064 -1.767257809638977 -1.4473170042037964 
v -1.0456610918045044 -1.8143914937973022 -1.319178581237793 
v -0.7457967400550842 -1.9236558675765991 -1.2407264709472656 
v -0.7325674295425415 -1.8786647319793701 -1.376710057258606 
v -0.7237479090690613 -1.8251036405563354 -1.5126937627792358 
v -0.714928388595581 -1.7629729509353638 -1.6460622549057007 
v -0.706108808517456 -1.6901299953460693 -1.7742007970809937 
v -0.706108808517456 -1.613002061843872 -1.8892638683319092 
v -0.706108808517456 -1.531589388847351 -1.9938665628433228 
v -0.7105185985565186 -1.45017671585083 -2.0801639556884766 
v -0.714928388595581 -1.3709063529968262 -2.150770902633667 
v -0.7237479090690613 -1.295920968055725 -2.2083022594451904 
v -0.7325674295425415 -1.2230780124664307 -2.260603666305542 
v -1.1073979139328003 -1.1288106441497803 -2.2056872844696045 
v -1.486638069152832 -1.0259735584259033 -2.132465362548828 
v -1.8614685535430908 -0.914566695690155 -2.027862548828125 
v -2.214250087738037 -0.7860202789306641 -1.8944939374923706 
v -2.5405731201171875 -0.6467616558074951 -1.7532801628112793 
v -2.831618070602417 -0.5032181739807129 -1.6146814823150635 
v -3.0785651206970215 -0.368244469165802 -1.4917731285095215 
v -3.135892152786255 -0.22470100224018097 -1.494388222694397 
v -3.171170234680176 -0.08115752041339874 -1.4917731285095215 
v -2.9639110565185547 -0.20970392227172852 -1.619911551475525 
v -3.003598928451538 -0.057590678334236145 -1.619911551475525 
v -2.902174234390259 -0.35967472195625305 -1.619911551475525 
v -2.615539312362671 -0.5096455216407776 -1.7611254453659058 
v -2.284806489944458 -0.6639012098312378 -1.915414571762085 
v -1.9143857955932617 -0.80744469165802 -2.0670886039733887 
v -1.5219162702560425 -0.9295637607574463 -2.1873817443847656 
v -1.1250369548797607 -1.0409706830978394 -2.260603666305542 
v -0.7413870096206665 -1.1438077688217163 -2.3102900981903076 
v -0.3665565252304077 -1.23593270778656 -2.3442859649658203 
v -0.3665565252304077 -1.3109180927276611 -2.2919845581054688 
v -0.3621467649936676 -1.3880459070205688 -2.234452962875366 
v -0.3621467649936676 -1.4673161506652832 -2.16123104095459 
v -0.3621467649936676 -1.5508713722229004 -2.0723187923431396 
v -0.3665565252304077 -1.634426474571228 -1.9677159786224365 
v -0.3709662854671478 -1.7179816961288452 -1.8500378131866455 
v -0.37978583574295044 -1.795109510421753 -1.7192842960357666 
v -0.38860538601875305 -1.863667607307434 -1.5780705213546753 
v -0.3974249064922333 -1.9257984161376953 -1.4342416524887085 
v -0.4062444567680359 -1.9772169589996338 -1.2904127836227417 
v -0.4150640070438385 -2.0200657844543457 -1.1518141031265259 
v -0.06669217348098755 -2.0950510501861572 -1.0498263835906982 
v -0.06228239834308624 -2.0564870834350586 -1.1910401582717896 
v -0.053462859243154526 -2.0072109699249268 -1.3374840021133423 
v -0.049053091555833817 -1.9515076875686646 -1.48654305934906 
v -0.0402335487306118 -1.88509202003479 -1.6329869031906128 
v -0.031414009630680084 -1.810106635093689 -1.7768157720565796 
v -0.022594470530748367 -1.730836272239685 -1.910184383392334 
v -0.013774929568171501 -1.6472811698913574 -2.030477523803711 
v -0.009365160018205643 -1.5615835189819336 -2.135080337524414 
v -0.004955390002578497 -1.4758859872817993 -2.2239928245544434 
v -0.004955390002578497 -1.3966156244277954 -2.2972147464752197 
v -0.004955390002578497 -1.3194878101348877 -2.357361316680908 
v -0.004955390002578497 -1.24235999584198 -2.4096627235412598 
v -0.3709662854671478 -1.1545199155807495 -2.393972396850586 
v -0.7502065300941467 -1.0516828298568726 -2.365206480026245 
v -1.1426759958267212 -0.9381335377693176 -2.3181352615356445 
v -1.5527846813201904 -0.8224417567253113 -2.234452962875366 
v -1.9673030376434326 -0.6853256225585938 -2.0984694957733154 
v -2.3509531021118164 -0.5225001573562622 -1.9284899234771729 
v -2.690505266189575 -0.3575322926044464 -1.7663555145263672 
v -2.752242088317871 -0.1968492865562439 -1.7663555145263672 
v -2.787520170211792 -0.03830872103571892 -1.7663555145263672 
v -2.465607166290283 -0.18613708019256592 -1.9363350868225098 
v -2.4876558780670166 -0.023311639204621315 -1.9389501810073853 
v -2.0995960235595703 -0.17542487382888794 -2.135080337524414 
v -2.1172351837158203 -0.006172120105475187 -2.135080337524414 
v -1.6894875764846802 -0.16899755597114563 -2.3312106132507324 
v -1.7071266174316406 0.006682519800961018 -2.3338258266448975 
v -1.266149640083313 -0.15828536450862885 -2.477654457092285 
v -1.2837886810302734 0.01953716017305851 -2.488114833831787 
v -0.851631224155426 -0.15400047600269318 -2.5822572708129883 
v -0.8692703247070312 0.02596447989344597 -2.600562810897827 
v -0.4503421485424042 -0.156142920255661 -2.6711697578430176 
v -0.4635714590549469 0.021679600700736046 -2.6920902729034424 
v -0.06228239834308624 -0.16257023811340332 -2.741776704788208 
v -0.07551170885562897 0.015252280049026012 -2.767927408218384 
v 0.3213675916194916 -0.16899755597114563 -2.7914628982543945 
v 0.30813828110694885 0.010967399924993515 -2.8176136016845703 
v 0.696198046207428 -0.16899755597114563 -2.8123834133148193 
v 0.6829687356948853 0.010967399924993515 -2.843764305114746 
v 1.079848051071167 -0.16899755597114563 -2.8149986267089844 
v 1.0666186809539795 0.008824960328638554 -2.846379518508911 
v 1.4811371564865112 -0.16899755597114563 -2.7966930866241455 
v 1.4634979963302612 0.004540080204606056 -2.8280739784240723 
v 1.8956555128097534 -0.16899755597114563 -2.744391679763794 
v 1.882426142692566 0.00025519999326206744 -2.7705423831939697 
v 2.3145835399627686 -0.17114000022411346 -2.6476340293884277 
v 2.3057641983032227 -0.004029680043458939 -2.6711697578430176 
v 2.7158727645874023 -0.18399463593959808 -2.5299558639526367 
v 2.7246923446655273 -0.021169200539588928 -2.5482614040374756 
v 3.090703248977661 -0.22898587584495544 -2.396587371826172 
v 3.117161750793457 -0.07044532150030136 -2.4096627235412598 
v 3.439074993133545 -0.29968640208244324 -2.25537371635437 
v 3.483172655105591 -0.14757315814495087 -2.260603666305542 
v 3.7213003635406494 -0.35967472195625305 -2.122004985809326 
v 3.783036947250366 -0.213988795876503 -2.124620199203491 
v 3.932969331741333 -0.3875264525413513 -1.9938665628433228 
v 4.012345314025879 -0.24612540006637573 -1.9938665628433228 
v 4.091721057891846 -0.39609619975090027 -1.8657281398773193 
v 4.1887359619140625 -0.2568376064300537 -1.8683432340621948 
v 4.232833385467529 -0.4025235176086426 -1.7454349994659424 
v 4.343077659606934 -0.261122465133667 -1.7480500936508179 
v 4.484190464019775 -0.27183467149734497 -1.6277568340301514 
v 4.373946189880371 -0.4153781533241272 -1.6277568340301514 
v 4.61207389831543 -0.2804044485092163 -1.5048484802246094 
v 4.506239414215088 -0.4218054711818695 -1.5100786685943604 
v 4.722318172454834 -0.2804044485092163 -1.37409508228302 
v 4.620893478393555 -0.41966304183006287 -1.3845553398132324 
v 4.810513496398926 -0.273977130651474 -1.2354962825775146 
v 4.7090888023376465 -0.4089508354663849 -1.2538018226623535 
v 4.850201606750488 -0.261122465133667 -1.0916674137115479 
v 4.779644966125488 -0.39395377039909363 -1.1204332113265991 
v 4.88547945022583 -0.2439829558134079 -0.958298921585083 
v 4.828152656555176 -0.37681424617767334 -0.989679753780365 
v 4.90311861038208 -0.23112832009792328 -0.8249303102493286 
v 4.832562446594238 -0.3553898334503174 -0.8563111424446106 
v 4.925167560577393 -0.22255855798721313 -0.6967918872833252 
v 4.854610919952393 -0.35324740409851074 -0.7255576848983765 
v 4.86784029006958 -0.3382503092288971 -0.6000342965126038 
v 4.964855194091797 -0.21184636652469635 -0.5686534643173218 
v 4.889889240264893 -0.3211108148097992 -0.47189587354660034 
v 5.004543304443359 -0.19470684230327606 -0.43789997696876526 
v 4.929577350616455 -0.30611371994018555 -0.3385273218154907 
v 5.017772674560547 -0.17542487382888794 -0.31237661838531494 
v 4.951626300811768 -0.28897419571876526 -0.2103888839483261 
v 5.022182464599609 -0.16042779386043549 -0.18946832418441772 
v 4.942806720733643 -0.27183467149734497 -0.0848655179142952 
v 5.008953094482422 -0.14114584028720856 -0.06656002998352051 
v 4.911938190460205 -0.261122465133667 0.03281262889504433 
v 4.978084564208984 -0.12400632351636887 0.05373318865895271 
v 4.88547945022583 -0.2504102885723114 0.15572091937065125 
v 4.942806720733643 -0.10686679929494858 0.17402641475200653 
v 4.841382026672363 -0.22255855798721313 0.28124427795410156 
v 4.898708820343018 -0.0961546003818512 0.29693469405174255 
v 4.828152656555176 -0.08544240146875381 0.41722792387008667 
v 4.753186225891113 -0.1797097623348236 0.3989224433898926 
v 4.770825386047363 -0.08115752041339874 0.5427512526512146 
v 4.660581111907959 -0.15828536450862885 0.5166006088256836 
v 4.739957332611084 -0.08758483827114105 0.6891952157020569 
v 4.6914496421813965 -0.20756147801876068 0.676119863986969 
v 4.7002692222595215 -0.0961546003818512 0.8434843420982361 
v 4.642941951751709 -0.24612540006637573 0.8382542133331299 
v 4.550336837768555 -0.273977130651474 1.0108487606048584 
v 4.603254318237305 -0.11543656140565872 1.0134638547897339 
v 4.435682773590088 -0.29968640208244324 1.1886736154556274 
v 4.488600254058838 -0.12829120457172394 1.1939036846160889 
v 4.294570446014404 -0.3146834671497345 1.3638832569122314 
v 4.343077659606934 -0.13471852242946625 1.3769586086273193 
v 4.13140869140625 -0.3211108148097992 1.5312477350234985 
v 4.184326171875 -0.13471852242946625 1.5495532751083374 
v 3.9550180435180664 -0.32325324416160583 1.6724615097045898 
v 4.003525733947754 -0.13471852242946625 1.7012273073196411 
v 3.760988235473633 -0.3211108148097992 1.7901396751403809 
v 3.8139054775238037 -0.1325760781764984 1.8241355419158936 
v 3.5537290573120117 -0.31254103779792786 1.8921273946762085 
v 3.60223650932312 -0.12400632351636887 1.9261232614517212 
v 3.315601348876953 -0.3018288314342499 1.9836548566818237 
v 3.3552894592285156 -0.11115168035030365 2.017650842666626 
v 3.0157370567321777 -0.28897419571876526 2.0830276012420654 
v 2.962819814682007 -0.49464842677116394 2.030726194381714 
v 2.8790342807769775 -0.6853256225585938 1.9653493165969849 
v 2.7731997966766357 -0.8502934575080872 1.8921273946762085 
v 2.6629555225372314 -0.9938369393348694 1.8189054727554321 
v 2.5571210384368896 -1.1223833560943604 1.7456834316253662 
v 2.460106134414673 -1.2380751371383667 1.6724615097045898 
v 2.3675007820129395 -1.3409122228622437 1.601854681968689 
v 2.28371524810791 -1.4373220205307007 1.533862829208374 
v 2.2087490558624268 -1.5251621007919312 1.4684860706329346 
v 2.1426026821136475 -1.6044323444366455 1.4057244062423706 
v 2.0808658599853516 -1.6729904413223267 1.3429627418518066 
v 2.041177988052368 -1.7329787015914917 1.2802010774612427 
v 2.0191290378570557 -1.780112385749817 1.2174392938613892 
v 2.0455877780914307 -1.8186763525009155 1.1337571144104004 
v 2.0985047817230225 -1.8508129119873047 1.0343844890594482 
v 2.164651393890381 -1.8829495906829834 0.9193213582038879 
v 2.2396175861358643 -1.9108012914657593 0.7990281581878662 
v 2.318993330001831 -1.9322257041931152 0.676119863986969 
v 2.3939595222473145 -1.949365258216858 0.5532115697860718 
v 2.460106134414673 -1.9579349756240845 0.44076356291770935 
v 2.5130233764648438 -1.9557925462722778 0.3335456848144531 
v 2.552711248397827 -1.9407954216003418 0.2367880940437317 
v 2.5835795402526855 -1.9108012914657593 0.14526064693927765 
v 2.6100382804870605 -1.8743797540664673 0.05896332859992981 
v 2.6364967823028564 -1.8401007652282715 -0.022103840485215187 
v 2.658545732498169 -1.8122490644454956 -0.10578607767820358 
v 2.685004234313965 -1.788682222366333 -0.18423818051815033 
v 2.702643394470215 -1.7715426683425903 -0.2626902759075165 
v 2.7158727645874023 -1.7586880922317505 -0.3385273218154907 
v 2.7291018962860107 -1.7501182556152344 -0.4143643379211426 
v 2.5923991203308105 -1.9515076875686646 -0.46666574478149414 
v 2.336632490158081 -2.0500597953796387 -0.5189671516418457 
v 1.9662117958068848 -2.1229028701782227 -0.5686534643173218 
v 1.538464069366455 -2.1828911304473877 -0.6444904804229736 
v 1.1063066720962524 -2.2086005210876465 -0.7360179424285889 
v 0.6873785257339478 -2.1957457065582275 -0.8380056619644165 
v 0.29931873083114624 -2.1550395488739014 -0.9426084756851196 
v 0.30372852087020874 -2.1186180114746094 -1.07859206199646 
v 0.30372852087020874 -2.0757691860198975 -1.2250360250473022 
v 0.30813828110694885 -2.0222082138061523 -1.376710057258606 
v 0.30813828110694885 -1.9622198343276978 -1.5283842086791992 
v 0.31695783138275146 -1.89151930809021 -1.6774431467056274 
v 0.3257773518562317 -1.8143914937973022 -1.8212720155715942 
v 0.3345969021320343 -1.7329787015914917 -1.9546406269073486 
v 0.3434164524078369 -1.6472811698913574 -2.0749337673187256 
v 0.35223597288131714 -1.5615835189819336 -2.1795365810394287 
v 0.35664576292037964 -1.4758859872817993 -2.268449068069458 
v 0.36105552315711975 -1.3944731950759888 -2.3416709899902344 
v 0.36546528339385986 -1.317345380783081 -2.401817560195923 
v 0.36546528339385986 -1.24235999584198 -2.4515037536621094 
v -0.004955390002578497 -1.1630897521972656 -2.4593491554260254 
v -0.3753760755062103 -1.0602525472640991 -2.4488887786865234 
v -0.759026050567627 -0.9445608258247375 -2.4201231002807617 
v -1.1647249460220337 -0.8267266154289246 -2.365206480026245 
v -1.5880627632141113 -0.6981802582740784 -2.27367901802063 
v -2.015810489654541 -0.5353547930717468 -2.1193900108337402 
v -2.4170994758605957 -0.3575322926044464 -1.9337199926376343 
v -2.0643179416656494 -0.35967472195625305 -2.129850149154663 
v 3.2450451850891113 -0.5010757446289062 1.9287383556365967 
v -1.6233409643173218 -0.5396396517753601 -2.3024449348449707 
v -1.6586191654205322 -0.3575322926044464 -2.3207504749298096 
v -1.2396910190582275 -0.3489625155925751 -2.4593491554260254 
v -0.8295823931694031 -0.3446776270866394 -2.5587217807769775 
v -0.4282933175563812 -0.3489625155925751 -2.642404079437256 
v -0.04464332014322281 -0.3553898334503174 -2.7103958129882812 
v 0.3301871418952942 -0.3618171513080597 -2.754852056503296 
v 0.7050175666809082 -0.3618171513080597 -2.7757725715637207 
v 1.093077301979065 -0.3553898334503174 -2.7757725715637207 
v 1.4943664073944092 -0.3511049747467041 -2.757467031478882 
v 1.9088847637176514 -0.3446776270866394 -2.7077808380126953 
v 2.318993330001831 -0.3403927683830261 -2.618868350982666 
v 2.702643394470215 -0.3511049747467041 -2.503805160522461 
v 3.055424928665161 -0.3853839933872223 -2.375666856765747 
v 3.377338171005249 -0.4517996311187744 -2.239683151245117 
v 3.646334171295166 -0.507503092288971 -2.1089296340942383 
v 3.8403639793395996 -0.5310699343681335 -1.978176236152649 
v 3.9902961254119873 -0.5374972224235535 -1.8448076248168945 
v 4.122589111328125 -0.5482094287872314 -1.721899390220642 
v 4.263701915740967 -0.5589216351509094 -1.604221224784851 
v 4.391585350036621 -0.5589216351509094 -1.48654305934906 
v 4.4930100440979 -0.5439245700836182 -1.3662497997283936 
v 4.57679557800293 -0.5225001573562622 -1.2433415651321411 
v 4.642941951751709 -0.5032181739807129 -1.1204332113265991 
v 4.704679012298584 -0.48822110891342163 -1.0001400709152222 
v 4.748776435852051 -0.47108161449432373 -0.8824618458747864 
v 4.766415596008301 -0.4689391553401947 -0.7490932941436768 
v 4.779644966125488 -0.45394209027290344 -0.6261849999427795 
v 4.784054756164551 -0.4389449954032898 -0.5032767057418823 
v 4.784054756164551 -0.4175206124782562 -0.3829835057258606 
v 4.753186225891113 -0.37681424617767334 -0.2600752115249634 
v 4.748776435852051 -0.37038692831993103 -0.13455185294151306 
v 4.770825386047363 -0.39395377039909363 -0.003798349993303418 
v 4.753186225891113 -0.38966888189315796 0.11910994350910187 
v 4.7002692222595215 -0.3446776270866394 0.2394031584262848 
v 4.61207389831543 -0.2568376064300537 0.3492361009120941 
v 4.532698154449463 -0.24612540006637573 0.4826046824455261 
v 4.519468784332275 -0.28897419571876526 0.6473540663719177 
v 4.519468784332275 -0.38324156403541565 0.819948673248291 
v 4.453321933746338 -0.4325176775455475 0.9925433397293091 
v 4.347487449645996 -0.47108161449432373 1.1651378870010376 
v 4.2063751220703125 -0.49464842677116394 1.3298873901367188 
v 4.047623157501221 -0.507503092288971 1.4815614223480225 
v 3.8756422996520996 -0.5117879509925842 1.6149300336837769 
v 3.6860220432281494 -0.5117879509925842 1.7299931049346924 
v 3.4787628650665283 -0.507503092288971 1.83198082447052 
v 3.1480300426483154 -0.689610481262207 1.8555164337158203 
v 3.0377860069274902 -0.8545783758163452 1.777064323425293 
v 2.9231319427490234 -1.000264286994934 1.6986122131347656 
v 2.8084778785705566 -1.130953073501587 1.6227751970291138 
v 2.702643394470215 -1.2466448545455933 1.5495532751083374 
v 2.6012187004089355 -1.3516244888305664 1.4815614223480225 
v 2.5042037963867188 -1.4480342864990234 1.416184663772583 
v 2.416008234024048 -1.5337318181991577 1.3560380935668945 
v 2.336632490158081 -1.6108596324920654 1.3011215925216675 
v 2.257256507873535 -1.6794177293777466 1.248820185661316 
v 2.191110134124756 -1.7329787015914917 1.2069790363311768 
v 2.1426026821136475 -1.7694002389907837 1.1782132387161255 
v 2.1955199241638184 -1.7865397930145264 1.1128365993499756 
v 2.274895668029785 -1.8122490644454956 1.0186940431594849 
v 2.3586814403533936 -1.8358159065246582 0.9062460064888 
v 2.4468767642974854 -1.8593827486038208 0.788567841053009 
v 2.5306622982025146 -1.8808071613311768 0.6682746410369873 
v 2.6012187004089355 -1.8893768787384033 0.5532115697860718 
v 2.6453163623809814 -1.870094895362854 0.44599369168281555 
v 2.6717751026153564 -1.8293886184692383 0.3440059721469879 
v 2.702643394470215 -1.7865397930145264 0.24724836647510529 
v 2.7379214763641357 -1.7479758262634277 0.15310585498809814 
v 2.7776095867156982 -1.713696837425232 0.0641934722661972 
v 2.8172974586486816 -1.685845136642456 -0.022103840485215187 
v 2.8525755405426025 -1.6622782945632935 -0.10840114951133728 
v 2.8790342807769775 -1.6451387405395508 -0.18946832418441772 
v 2.901082992553711 -1.6258567571640015 -0.27053549885749817 
v 2.9054927825927734 -1.6087172031402588 -0.3489875793457031 
v 2.9054927825927734 -1.595862627029419 -0.42482462525367737 
v 2.7379214763641357 -1.752260684967041 -0.48758628964424133 
v 2.596808910369873 -1.9515076875686646 -0.5372726321220398 
v 2.327812910079956 -2.0457749366760254 -0.5921890735626221 
v 1.9529825448989868 -2.114333152770996 -0.6549507975578308 
v 1.5296446084976196 -2.167894124984741 -0.7438631653785706 
v 1.0974870920181274 -2.1850335597991943 -0.8484659790992737 
v 0.6873785257339478 -2.163609266281128 -0.9635290503501892 
v 0.6829687356948853 -2.1250452995300293 -1.1047427654266357 
v 0.6785589456558228 -2.077911615371704 -1.2538018226623535 
v 0.6785589456558228 -2.0222082138061523 -1.4080909490585327 
v 0.6785589456558228 -1.9579349756240845 -1.562380075454712 
v 0.6829687356948853 -1.88509202003479 -1.7114390134811401 
v 0.6917882561683655 -1.8079642057418823 -1.8526527881622314 
v 0.7006078362464905 -1.7244089841842651 -1.9860213994979858 
v 0.7094273567199707 -1.6365689039230347 -2.1036994457244873 
v 0.7226566672325134 -1.5487289428710938 -2.2083022594451904 
v 0.7314761877059937 -1.46303129196167 -2.294599771499634 
v 0.7358859777450562 -1.381618618965149 -2.36782169342041 
v 0.7402957677841187 -1.3044908046722412 -2.4253532886505127 
v 0.7447054982185364 -1.2316478490829468 -2.475039482116699 
v 0.36105552315711975 -1.1630897521972656 -2.501190185546875 
v -0.009365160018205643 -1.0688223838806152 -2.511650562286377 
v -0.37978583574295044 -0.9531306028366089 -2.501190185546875 
v -0.7722553610801697 -0.8310115337371826 -2.4645791053771973 
v -1.1823639869689941 -0.6981802582740784 -2.401817560195923 
v -1.2088226079940796 -0.5353547930717468 -2.4331984519958496 
v -0.8031237721443176 -0.5332123637199402 -2.5325710773468018 
v -0.410654217004776 -0.5374972224235535 -2.613638162612915 
v -0.031414009630680084 -0.5460669994354248 -2.6790149211883545 
v 0.3434164524078369 -0.5503518581390381 -2.720856189727783 
v 0.7138371467590332 -0.5482094287872314 -2.736546516418457 
v 1.1063066720962524 -0.5374972224235535 -2.736546516418457 
v 1.5075957775115967 -0.5246425867080688 -2.718240976333618 
v 1.9177043437957764 -0.5117879509925842 -2.6685547828674316 
v 2.3145835399627686 -0.5032181739807129 -2.5848724842071533 
v 2.685004234313965 -0.507503092288971 -2.4724245071411133 
v 3.0201468467712402 -0.5353547930717468 -2.3495161533355713 
v 3.3200111389160156 -0.59320068359375 -2.2213776111602783 
v 3.566958427429199 -0.6446192264556885 -2.0906240940093994 
v 3.7477588653564453 -0.6660436391830444 -1.9546406269073486 
v 3.888871431350708 -0.6746134161949158 -1.8186569213867188 
v 4.025574207305908 -0.689610481262207 -1.6931335926055908 
v 4.157867431640625 -0.6938953399658203 -1.5728403329849243 
v 4.272521495819092 -0.6746134161949158 -1.4603923559188843 
v 4.365126609802246 -0.6510465741157532 -1.3479443788528442 
v 4.44009256362915 -0.6253373026847839 -1.2302662134170532 
v 4.501829624176025 -0.6017704606056213 -1.1125880479812622 
v 4.55915641784668 -0.582488477230072 -0.9975249767303467 
v 4.61207389831543 -0.5782036185264587 -0.8850769400596619 
v 4.651761531829834 -0.5696338415145874 -0.7621686458587646 
v 4.687039852142334 -0.5632064938545227 -0.6549507975578308 
v 4.7002692222595215 -0.5567792057991028 -0.5268123745918274 
v 4.687039852142334 -0.5482094287872314 -0.3986739218235016 
v 4.638532638549805 -0.49036356806755066 -0.28099575638771057 
v 4.625303268432617 -0.4689391553401947 -0.16331762075424194 
v 4.642941951751709 -0.49679088592529297 -0.03256411850452423 
v 4.634122848510742 -0.5139303803443909 0.09557431191205978 
v 4.598844528198242 -0.507503092288971 0.2237127423286438 
v 4.497419834136963 -0.4389449954032898 0.3309306204319 
v 4.426863670349121 -0.4260903596878052 0.46429917216300964 
v 4.378355979919434 -0.44322988390922546 0.6159732341766357 
v 4.351897239685059 -0.4925059974193573 0.7833377122879028 
v 4.307799816131592 -0.5803460478782654 0.9507021903991699 
v 4.224013805389404 -0.6360495090484619 1.118066668510437 
v 4.096130847930908 -0.6703284978866577 1.2723557949066162 
v 3.941788673400879 -0.6853256225585938 1.410954475402832 
v 3.7742176055908203 -0.6917529106140137 1.5364779233932495 
v 3.5890071392059326 -0.6938953399658203 1.6489259004592896 
v 3.3817479610443115 -0.6917529106140137 1.7535287141799927 
v 3.2715036869049072 -0.8588632345199585 1.6672313213348389 
v 3.152439832687378 -1.006691575050354 1.5809340476989746 
v 3.0333762168884277 -1.139522910118103 1.5024819374084473 
v 2.918722152709961 -1.257357120513916 1.4266449213027954 
v 2.8084778785705566 -1.3644790649414062 1.3586530685424805 
v 2.702643394470215 -1.4608888626098633 1.2958914041519165 
v 2.605628490447998 -1.546586513519287 1.240975022315979 
v 2.5042037963867188 -1.6237143278121948 1.1912885904312134 
v 2.407188892364502 -1.6901299953460693 1.1494475603103638 
v 2.310173749923706 -1.745833396911621 1.123296856880188 
v 2.416008234024048 -1.7629729509353638 1.0213091373443604 
v 2.5218427181243896 -1.7843973636627197 0.9114761352539062 
v 2.6188578605651855 -1.8058217763900757 0.79379802942276 
v 2.6894140243530273 -1.8058217763900757 0.6813499927520752 
v 2.7335116863250732 -1.773685097694397 0.5715170502662659 
v 2.7687900066375732 -1.7286938428878784 0.46429917216300964 
v 2.804068088531494 -1.6794177293777466 0.3596963882446289 
v 2.8525755405426025 -1.6387114524841309 0.2577086389064789 
v 3.474353075027466 -0.8610056638717651 1.5573984384536743 
v 2.945180654525757 -1.5508713722229004 0.3727717399597168 
v 2.8966732025146484 -1.595862627029419 0.4852197468280792 
v 2.856985330581665 -1.649423599243164 0.5976677536964417 
v 2.8172974586486816 -1.7008421421051025 0.707500696182251 
v 2.7599704265594482 -1.735121250152588 0.8173336386680603 
v 2.6629555225372314 -1.7286938428878784 0.9297816157341003 
v 2.543891668319702 -1.7072694301605225 1.0422296524047852 
v 2.658545732498169 -1.6408538818359375 1.0788406133651733 
v 2.7908387184143066 -1.6601357460021973 0.9637775421142578 
v 2.8878536224365234 -1.649423599243164 0.8487144708633423 
v 2.9407708644866943 -1.5980050563812256 0.738881528377533 
v 2.980458974838257 -1.538016676902771 0.6238184571266174 
v 3.0289664268493652 -1.4865981340408325 0.5061402916908264 
v 3.1039323806762695 -1.4608888626098633 0.3832319974899292 
v 3.0113272666931152 -1.5187348127365112 0.26293879747390747 
v 2.9054927825927734 -1.6087172031402588 0.15833598375320435 
v 2.962819814682007 -1.5915777683258057 0.0641934722661972 
v 3.108342170715332 -1.5423016548156738 0.15833598375320435 
v 3.2185864448547363 -1.4973104000091553 0.26555386185646057 
v 3.2759134769439697 -1.3987581729888916 0.3963073492050171 
v 3.1833083629608154 -1.4009006023406982 0.527060866355896 
v 3.117161750793457 -1.4394644498825073 0.6551992893218994 
v 3.073064088821411 -1.5058801174163818 0.7754924893379211 
v 3.0157370567321777 -1.568010926246643 0.8905555605888367 
v 2.9143123626708984 -1.5830079317092896 1.005618691444397 
v 2.7687900066375732 -1.5658684968948364 1.123296856880188 
v 2.88344407081604 -1.4801708459854126 1.1782132387161255 
v 3.0377860069274902 -1.499452829360962 1.0579200983047485 
v 3.152439832687378 -1.4844557046890259 0.937626838684082 
v 3.2097668647766113 -1.413755178451538 0.8173336386680603 
v 3.2582743167877197 -1.3430546522140503 0.6944253444671631 
v 3.3288307189941406 -1.3044908046722412 0.5662869215011597 
v 3.41261625289917 -1.2894936800003052 0.43030327558517456 
v 3.3729283809661865 -1.413755178451538 0.27862921357154846 
v 3.3376502990722656 -1.574438214302063 0.17141133546829224 
v 3.2185864448547363 -1.6258567571640015 0.069423608481884 
v 3.0157370567321777 -1.5765806436538696 -0.024718910455703735 
v 3.0686542987823486 -1.5765806436538696 -0.10840114951133728 
v 3.1127519607543945 -1.5722957849502563 -0.19208338856697083 
v 3.134800910949707 -1.5508713722229004 -0.27315056324005127 
v 3.134800910949707 -1.5208772420883179 -0.3542177379131317 
v 3.125981330871582 -1.5015952587127686 -0.43266981840133667 
v 3.1127519607543945 -1.4951679706573486 -0.511121928691864 
v 2.9054927825927734 -1.5915777683258057 -0.5032767057418823 
v 2.7467410564422607 -1.7565455436706543 -0.5634233355522156 
v 2.6012187004089355 -1.949365258216858 -0.6131096482276917 
v 2.3145835399627686 -2.0393476486206055 -0.6732562780380249 
v 1.9353433847427368 -2.103620767593384 -0.754323422908783 
v 1.5120054483413696 -2.1464695930480957 -0.8589262366294861 
v 1.0886675119400024 -2.1528968811035156 -0.9792194366455078 
v 1.0754382610321045 -2.1121907234191895 -1.1230483055114746 
v 1.0666186809539795 -2.0629146099090576 -1.2721072435379028 
v 1.062208890914917 -2.00506854057312 -1.4290114641189575 
v 1.057799220085144 -1.9407954216003418 -1.5833005905151367 
v 1.057799220085144 -1.8679524660110474 -1.729744553565979 
v 1.062208890914917 -1.7865397930145264 -1.8709583282470703 
v 1.071028470993042 -1.7008421421051025 -1.9990967512130737 
v 1.0842578411102295 -1.613002061843872 -2.1141598224639893 
v 1.0974870920181274 -1.5251621007919312 -2.2161476612091064 
v 1.110716462135315 -1.4373220205307007 -2.3024449348449707 
v 1.1195359230041504 -1.3559093475341797 -2.373051881790161 
v 1.1283555030822754 -1.2809239625930786 -2.4305832386016846 
v 1.1283555030822754 -1.2080810070037842 -2.48026967048645 
v 0.7447054982185364 -1.1523774862289429 -2.5221107006073 
v 0.36105552315711975 -1.0688223838806152 -2.5508766174316406 
v -0.009365160018205643 -0.9617003798484802 -2.5639519691467285 
v -0.38860538601875305 -0.8374388217926025 -2.5456464290618896 
v -0.7854846715927124 -0.6981802582740784 -2.501190185546875 
v -0.3974249064922333 -0.7046075463294983 -2.5822572708129883 
v -0.022594470530748367 -0.711034893989563 -2.645019054412842 
v 0.347826212644577 -0.7153197526931763 -2.6842451095581055 
v 0.7270664572715759 -0.7088924646377563 -2.6999354362487793 
v 1.115126132965088 -0.6960378289222717 -2.6999354362487793 
v 1.5164152383804321 -0.6767558455467224 -2.6816301345825195 
v 1.9177043437957764 -0.6574738621711731 -2.631943702697754 
v 2.310173749923706 -0.6446192264556885 -2.5482614040374756 
v 2.667365312576294 -0.6446192264556885 -2.4410436153411865 
v 2.9848687648773193 -0.6639012098312378 -2.3207504749298096 
v 3.2670938968658447 -0.7131773233413696 -2.1978421211242676 
v 3.4964020252227783 -0.7624534368515015 -2.0670886039733887 
v 3.6683831214904785 -0.7860202789306641 -1.9284899234771729 
v 3.8050858974456787 -0.796732485294342 -1.792506217956543 
v 3.9373788833618164 -0.8117295503616333 -1.6643677949905396 
v 4.056442737579346 -0.803159773349762 -1.549304723739624 
v 4.157867431640625 -0.7774505019187927 -1.436856746673584 
v 4.237243175506592 -0.7453139424324036 -1.3270237445831299 
v 4.298980236053467 -0.7088924646377563 -1.2119606733322144 
v 4.356307029724121 -0.678898274898529 -1.0995126962661743 
v 4.409224510192871 -0.6639012098312378 -0.9870646595954895 
v 4.47537088394165 -0.6810407042503357 -0.8824618458747864 
v 4.515058994293213 -0.6853256225585938 -0.7517083883285522 
v 4.55915641784668 -0.7088924646377563 -0.6523357033729553 
v 4.572385787963867 -0.6981802582740784 -0.5268123745918274 
v 4.572385787963867 -0.6724709868431091 -0.4117492735385895 
v 4.523878574371338 -0.59320068359375 -0.30191633105278015 
v 4.51064920425415 -0.5610640645027161 -0.18946832418441772 
v 4.501829624176025 -0.5760611891746521 -0.06656002998352051 
v 4.501829624176025 -0.6210523843765259 0.0641934722661972 
v 4.47537088394165 -0.6510465741157532 0.19756203889846802 
v 4.413634300231934 -0.6467616558074951 0.32308539748191833 
v 4.303390026092529 -0.5953431129455566 0.43553340435028076 
v 4.224013805389404 -0.5867733359336853 0.5741321444511414 
v 4.16668701171875 -0.6124826669692993 0.7284212708473206 
v 4.1358184814453125 -0.7024651169776917 0.8957857489585876 
v 4.069672107696533 -0.7838778495788574 1.0474598407745361 
v 3.968247413635254 -0.8352963924407959 1.1965187788009644 
v 3.827134847640991 -0.8545783758163452 1.3246572017669678 
v 3.6595635414123535 -0.8610056638717651 1.4449504613876343 
v 3.3552894592285156 -1.013118863105774 1.465870976448059 
v 3.231815814971924 -1.1502350568771362 1.3821887969970703 
v 3.1127519607543945 -1.2723541259765625 1.306351661682129 
v 2.9980978965759277 -1.3837610483169556 1.2383599281311035 
v 3.161259412765503 -1.4030430316925049 1.118066668510437 
v 3.2803232669830322 -1.3837610483169556 0.9977734684944153 
v 3.3376502990722656 -1.3023483753204346 0.8774802684783936 
v 3.3905675411224365 -1.2230780124664307 0.7519568800926208 
v 3.465533494949341 -1.1845141649246216 0.6212033629417419 
v 3.5537290573120117 -1.1738018989562988 0.4878348112106323 
v 3.5052216053009033 -1.2916361093521118 0.30477991700172424 
v 3.4875824451446533 -1.4844557046890259 0.18710176646709442 
v 3.4346652030944824 -1.627999186515808 0.09034416824579239 
v 3.3023722171783447 -1.6729904413223267 -0.009028489701449871 
v 3.359699010848999 -1.6665631532669067 -0.09532579779624939 
v 3.386157751083374 -1.6194294691085815 -0.18423818051815033 
v 3.3817479610443115 -1.546586513519287 -0.27576562762260437 
v 3.3552894592285156 -1.478028416633606 -0.3646779954433441 
v 3.3376502990722656 -1.4480342864990234 -0.44313010573387146 
v 3.3288307189941406 -1.441606879234314 -0.5215821862220764 
v 3.315601348876953 -1.4373220205307007 -0.6000342965126038 
v 3.099522590637207 -1.4930254220962524 -0.5895740389823914 
v 2.901082992553711 -1.5915777683258057 -0.5791137218475342 
v 2.7555606365203857 -1.767257809638977 -0.6392603516578674 
v 2.596808910369873 -1.9472227096557617 -0.6941768527030945 
v 2.2969446182250977 -2.0329203605651855 -0.7673987746238708 
v 1.9132945537567139 -2.0864813327789307 -0.8667714595794678 
v 1.4987761974334717 -2.1164755821228027 -0.989679753780365 
v 1.4811371564865112 -2.077911615371704 -1.1308934688568115 
v 1.4634979963302612 -2.030777931213379 -1.2825676202774048 
v 1.4502687454223633 -1.9750745296478271 -1.436856746673584 
v 1.4414491653442383 -1.9086588621139526 -1.5859156847000122 
v 1.4370393753051758 -1.8358159065246582 -1.7323596477508545 
v 1.4370393753051758 -1.7544031143188477 -1.8657281398773193 
v 1.4414491653442383 -1.6665631532669067 -1.9886364936828613 
v 1.4502687454223633 -1.5765806436538696 -2.1010844707489014 
v 1.4679077863693237 -1.4887405633926392 -2.1978421211242676 
v 1.4811371564865112 -1.4009006023406982 -2.281524419784546 
v 1.4987761974334717 -1.3194878101348877 -2.3521311283111572 
v 1.5075957775115967 -1.2445024251937866 -2.412277936935425 
v 1.5164152383804321 -1.1759443283081055 -2.4593491554260254 
v 1.132765293121338 -1.130953073501587 -2.524725914001465 
v 0.7402957677841187 -1.0581101179122925 -2.5717971324920654 
v 0.35664576292037964 -0.9638428092002869 -2.603178024291992 
v -0.013774929568171501 -0.8460085988044739 -2.608407974243164 
v 0.35223597288131714 -0.8481510281562805 -2.6476340293884277 
v 0.7314761877059937 -0.8395812511444092 -2.6633245944976807 
v 1.123945713043213 -0.8224417567253113 -2.6633245944976807 
v 1.5208250284194946 -0.8010173439979553 -2.645019054412842 
v 1.9177043437957764 -0.7753080725669861 -2.595332622528076 
v 2.30135440826416 -0.7581685781478882 -2.514265537261963 
v 2.649726152420044 -0.7538836598396301 -2.4096627235412598 
v 2.9584100246429443 -0.7688807845115662 -2.294599771499634 
v 3.222996234893799 -0.8095871210098267 -2.171691417694092 
v 3.4346652030944824 -0.8545783758163452 -2.043552875518799 
v 3.5978267192840576 -0.8802876472473145 -1.904954195022583 
v 3.7301197052001953 -0.8974271416664124 -1.7689706087112427 
v 3.853593349456787 -0.9124242663383484 -1.6434472799301147 
v 3.959427833557129 -0.8974271416664124 -1.5283842086791992 
v 4.043213367462158 -0.8652905821800232 -1.4185512065887451 
v 4.104950428009033 -0.8224417567253113 -1.306103229522705 
v 4.1534576416015625 -0.7774505019187927 -1.196270227432251 
v 4.2063751220703125 -0.7495988011360168 -1.0864373445510864 
v 4.263701915740967 -0.7431714534759521 -0.9792194366455078 
v 4.334258079528809 -0.7688807845115662 -0.8798468112945557 
v 4.391585350036621 -0.8117295503616333 -0.754323422908783 
v 4.422453880310059 -0.8310115337371826 -0.6549507975578308 
v 4.431273460388184 -0.8224417567253113 -0.5294274091720581 
v 4.431273460388184 -0.8053022623062134 -0.4169794023036957 
v 4.373946189880371 -0.7067499756813049 -0.31760674715042114 
v 4.347487449645996 -0.6510465741157532 -0.2156190127134323 
v 4.321029186248779 -0.6531890034675598 -0.09794086962938309 
v 4.329848289489746 -0.7303168177604675 0.030197560787200928 
v 4.316619396209717 -0.7881627082824707 0.16356612741947174 
v 4.276931285858154 -0.8160144686698914 0.29170456528663635 
v 4.1710968017578125 -0.7603110074996948 0.393692284822464 
v 4.074081897735596 -0.7410290241241455 0.5244457721710205 
v 3.9991157054901123 -0.7538836598396301 0.6708897352218628 
v 3.924149751663208 -0.7881627082824707 0.8277938961982727 
v 3.8932812213897705 -0.9017120599746704 0.969007670879364 
v 3.818315267562866 -0.9766974449157715 1.1076064109802246 
v 3.6948416233062744 -1.0152614116668701 1.235744833946228 
v 3.5360898971557617 -1.0195462703704834 1.353422999382019 
v 3.41261625289917 -1.1630897521972656 1.2671257257461548 
v 3.2891428470611572 -1.2916361093521118 1.1886736154556274 
v 3.4170260429382324 -1.2766389846801758 1.068380355834961 
v 3.4875824451446533 -1.1973687410354614 0.9480871558189392 
v 3.5625486373901367 -1.1588048934936523 1.1468324661254883 
v 3.6507439613342285 -1.0945316553115845 1.0239241123199463 
v 3.708070993423462 -1.0024067163467407 0.8931706547737122 
v 3.5360898971557617 -1.1073862314224243 0.819948673248291 
v 3.611056089401245 -1.0602525472640991 0.6865801215171814 
v 3.699251413345337 -1.0452555418014526 0.5505964756011963 
v 3.7653980255126953 -0.9295637607574463 0.7545719742774963 
v 3.844773769378662 -0.9017120599746704 0.6107431054115295 
v 3.9461984634399414 -0.9124242663383484 0.4826046824455261 
v 3.8227250576019287 -1.0773921012878418 0.43291833996772766 
v 3.6683831214904785 -1.1973687410354614 0.3675415813922882 
v 3.637514591217041 -1.375191330909729 0.2263278067111969 
v 3.58459734916687 -1.538016676902771 0.10603459179401398 
v 3.509631395339966 -1.6451387405395508 0.00404686015099287 
v 3.549319267272949 -1.6215718984603882 -0.0874805897474289 
v 3.5537290573120117 -1.5722957849502563 -0.18423818051815033 
v 3.540499687194824 -1.5058801174163818 -0.28099575638771057 
v 3.522860527038574 -1.45017671585083 -0.3725232183933258 
v 3.509631395339966 -1.4073278903961182 -0.45620545744895935 
v 3.474353075027466 -1.3494820594787598 -0.5320425033569336 
v 3.474353075027466 -1.338769793510437 -0.6131096482276917 
v 3.4611239433288574 -1.3280576467514038 -0.6967918872833252 
v 3.2979624271392822 -1.4244674444198608 -0.6811015009880066 
v 3.0862934589385986 -1.4865981340408325 -0.6706411838531494 
v 2.901082992553711 -1.5937201976776123 -0.6575658321380615 
v 2.7643802165985107 -1.7843973636627197 -0.7203275561332703 
v 2.587989330291748 -1.9429378509521484 -0.7857042551040649 
v 2.2704858779907227 -2.017923355102539 -0.872001588344574 
v 1.891245722770691 -2.060772180557251 -0.9922947883605957 
v 1.869196891784668 -2.024350643157959 -1.1308934688568115 
v 1.847148060798645 -1.981501817703247 -1.2773374319076538 
v 1.829508900642395 -1.927940845489502 -1.4263964891433716 
v 1.8118698596954346 -1.8658100366592407 -1.5728403329849243 
v 1.798640489578247 -1.7929670810699463 -1.7114390134811401 
v 1.7898210287094116 -1.7115544080734253 -1.8395774364471436 
v 1.7898210287094116 -1.6237143278121948 -1.95987069606781 
v 1.798640489578247 -1.5358742475509644 -2.0644736289978027 
v 1.816279649734497 -1.4458918571472168 -2.158616065979004 
v 1.8339186906814575 -1.3580517768859863 -2.2370681762695312 
v 1.860377311706543 -1.278781533241272 -2.3050599098205566 
v 1.8780163526535034 -1.2059385776519775 -2.362591505050659 
v 1.891245722770691 -1.139522910118103 -2.4096627235412598 
v 1.5208250284194946 -1.1009589433670044 -2.506420373916626 
v 1.132765293121338 -1.0388282537460327 -2.5744121074676514 
v 0.7358859777450562 -0.9531306028366089 -2.621483325958252 
v 1.1283555030822754 -0.9338486194610596 -2.621483325958252 
v 1.5252348184585571 -1.0088340044021606 -2.5534915924072266 
v 1.9044749736785889 -1.0666799545288086 -2.4567339420318604 
v 2.2396175861358643 -1.109528660774231 -2.3338258266448975 
v 2.2175686359405518 -1.1738018989562988 -2.289369583129883 
v 2.1867003440856934 -1.2445024251937866 -2.2370681762695312 
v 2.1514220237731934 -1.323772668838501 -2.171691417694092 
v 2.1249635219573975 -1.4094703197479248 -2.0984694957733154 
v 2.102914571762085 -1.4951679706573486 -2.012172222137451 
v 2.102914571762085 -1.5830079317092896 -1.910184383392334 
v 2.11173415184021 -1.6665631532669067 -1.797736406326294 
v 2.12937331199646 -1.745833396911621 -1.674828052520752 
v 2.14701247215271 -1.8165339231491089 -1.541459560394287 
v 2.1690611839294434 -1.876522183418274 -1.4028607606887817 
v 2.1955199241638184 -1.9257984161376953 -1.2616469860076904 
v 2.2175686359405518 -1.9643622636795044 -1.1230483055114746 
v 2.2440273761749268 -1.9964988231658936 -0.9922947883605957 
v 2.570350408554077 -1.9343681335449219 -0.8850769400596619 
v 2.543891668319702 -1.9172285795211792 -0.9949098825454712 
v 2.5174331665039062 -1.89151930809021 -1.1178181171417236 
v 2.4909744262695312 -1.8593827486038208 -1.2433415651321411 
v 2.4689254760742188 -1.8165339231491089 -1.376710057258606 
v 2.442466974258423 -1.7651153802871704 -1.5074635744094849 
v 2.4115986824035645 -1.7008421421051025 -1.6356019973754883 
v 2.3851399421691895 -1.627999186515808 -1.7532801628112793 
v 2.363090991973877 -1.5508713722229004 -1.860498070716858 
v 2.3586814403533936 -1.4694586992263794 -1.9520255327224731 
v 2.3851399421691895 -1.3859034776687622 -2.027862548828125 
v 2.424827814102173 -1.3066332340240479 -2.0932393074035645 
v 2.4689254760742188 -1.2295053005218506 -2.150770902633667 
v 2.5130233764648438 -1.160947322845459 -2.1978421211242676 
v 2.5483014583587646 -1.0966740846633911 -2.239683151245117 
v 2.2616662979125977 -1.0388282537460327 -2.378281831741333 
v 1.9132945537567139 -0.9766974449157715 -2.503805160522461 
v 1.5252348184585571 -0.9081393480300903 -2.603178024291992 
v 1.9177043437957764 -0.8781452178955078 -2.5534915924072266 
v 2.2793054580688477 -0.9531306028366089 -2.4253532886505127 
v 2.579169750213623 -1.02811598777771 -2.281524419784546 
v 2.8084778785705566 -1.1052438020706177 -2.135080337524414 
v 2.7643802165985107 -1.167374610900879 -2.0958542823791504 
v 2.7070531845092773 -1.2337902784347534 -2.054013252258301 
v 2.6453163623809814 -1.3066332340240479 -2.0069420337677 
v 2.5923991203308105 -1.381618618965149 -1.9546406269073486 
v 2.5571210384368896 -1.4523191452026367 -1.8944939374923706 
v 2.570350408554077 -1.5208772420883179 -1.8134267330169678 
v 2.605628490447998 -1.5851503610610962 -1.7140541076660156 
v 2.649726152420044 -1.6472811698913574 -1.5989910364151 
v 2.685004234313965 -1.6965572834014893 -1.4786977767944336 
v 2.7158727645874023 -1.735121250152588 -1.3557895421981812 
v 2.7379214763641357 -1.7651153802871704 -1.2328813076019287 
v 2.7599704265594482 -1.7865397930145264 -1.1152031421661377 
v 2.7731997966766357 -1.8036792278289795 -1.0053701400756836 
v 2.7820191383361816 -1.8079642057418823 -0.9007673859596252 
v 2.7776095867156982 -1.7993943691253662 -0.8066248297691345 
v 2.901082992553711 -1.6022899150848389 -0.7412480711936951 
v 3.073064088821411 -1.4823132753372192 -0.754323422908783 
v 3.2715036869049072 -1.4030430316925049 -0.7673987746238708 
v 3.439074993133545 -1.3087756633758545 -0.7830892205238342 
v 3.6154658794403076 -1.227362871170044 -0.7150973677635193 
v 3.6331048011779785 -1.257357120513916 -0.6261849999427795 
v 3.6683831214904785 -1.3194878101348877 -0.5372726321220398 
v 3.681612253189087 -1.3580517768859863 -0.45359039306640625 
v 3.681612253189087 -1.3901883363723755 -0.3672930896282196 
v 3.672792673110962 -1.420182466506958 -0.28099575638771057 
v 3.6683831214904785 -1.4608888626098633 -0.18685324490070343 
v 3.6683831214904785 -1.5123074054718018 -0.09009566158056259 
v 3.6419243812561035 -1.546586513519287 0.014507140032947063 
v 3.716890573501587 -1.3944731950759888 0.13741542398929596 
v 3.8139054775238037 -1.278781533241272 0.28647440671920776 
v 3.9550180435180664 -1.1438077688217163 0.3387758135795593 
v 4.065262317657471 -0.9659852385520935 0.3753868043422699 
v 4.1358184814453125 -0.9724125862121582 0.26032373309135437 
v 4.007935523986816 -1.1266682147979736 0.2263278067111969 
v 3.871232509613037 -1.2659268379211426 0.18187162280082703 
v 3.752168655395508 -1.360194206237793 0.03281262889504433 
v 3.743349075317383 -1.278781533241272 -0.0796353816986084 
v 3.7962663173675537 -1.295920968055725 -0.17377789318561554 
v 3.827134847640991 -1.3002058267593384 -0.2600752115249634 
v 3.8491835594177246 -1.3002058267593384 -0.34637251496315 
v 3.8491835594177246 -1.2873512506484985 -0.43789997696876526 
v 3.8403639793395996 -1.2594995498657227 -0.5346575379371643 
v 3.818315267562866 -1.2230780124664307 -0.6340302228927612 
v 3.7742176055908203 -1.1545199155807495 -0.7334029078483582 
v 3.593416929244995 -1.2123658657073975 -0.8040097951889038 
v 3.394977331161499 -1.2894936800003052 -0.8746166825294495 
v 3.231815814971924 -1.3794761896133423 -0.8563111424446106 
v 3.0598347187042236 -1.478028416633606 -0.8432357907295227 
v 2.9054927825927734 -1.613002061843872 -0.8275454044342041 
v 2.9143123626708984 -1.6258567571640015 -0.9190728664398193 
v 3.055424928665161 -1.478028416633606 -0.9347632527351379 
v 3.205357074737549 -1.3623366355895996 -0.9504536986351013 
v 3.3552894592285156 -1.2680692672729492 -0.9713742733001709 
v 3.549319267272949 -1.1952263116836548 -0.8981522917747498 
v 3.743349075317383 -1.1202409267425537 -0.8249303102493286 
v 3.9373788833618164 -1.085961937904358 -0.7386330366134644 
v 3.9726572036743164 -1.139522910118103 -0.6340302228927612 
v 3.9902961254119873 -1.167374610900879 -0.5294274091720581 
v 3.9991157054901123 -1.182371735572815 -0.42743968963623047 
v 3.9902961254119873 -1.1738018989562988 -0.33329716324806213 
v 3.941788673400879 -1.1202409267425537 -0.2443847954273224 
v 3.880052089691162 -1.0688223838806152 -0.15808747708797455 
v 3.844773769378662 -1.0731072425842285 -0.06132989004254341 
v 3.8668227195739746 -1.1759443283081055 0.0641934722661972 
v 3.9991157054901123 -1.0345432758331299 0.09818937629461288 
v 3.9814767837524414 -0.9295637607574463 -0.03779425844550133 
v 3.9991157054901123 -0.8674330115318298 -0.15808747708797455 
v 4.038803577423096 -0.9017120599746704 -0.2469998598098755 
v 4.082901477813721 -0.9595578908920288 -0.33591222763061523 
v 4.13140869140625 -1.049540400505066 -0.42743968963623047 
v 4.1358184814453125 -1.0559676885604858 -0.5294274091720581 
v 4.122589111328125 -1.043113112449646 -0.6392603516578674 
v 4.078491687774658 -0.9788398742675781 -0.7307878136634827 
v 4.232833385467529 -0.8909998536109924 -0.7438631653785706 
v 4.272521495819092 -0.9424183964729309 -0.6497206687927246 
v 4.281341075897217 -0.9402759671211243 -0.5320425033569336 
v 4.276931285858154 -0.9274213314056396 -0.42220956087112427 
v 4.2151947021484375 -0.8095871210098267 -0.33591222763061523 
v 4.1799163818359375 -0.7560261487960815 -0.239154651761055 
v 4.1490478515625 -0.7260319590568542 -0.13455185294151306 
v 4.140228271484375 -0.803159773349762 -0.00641342019662261 
v 4.157867431640625 -0.9124242663383484 0.12957021594047546 
v 4.1799163818359375 -0.8395812511444092 -0.8693864941596985 
v 4.029983997344971 -0.920993983745575 -0.8589262366294861 
v 3.8932812213897705 -1.0238311290740967 -0.8432357907295227 
v 3.6948416233062744 -1.0966740846633911 -0.92168790102005 
v 3.5052216053009033 -1.178086757659912 -0.9949098825454712 
v 3.3288307189941406 -1.2594995498657227 -1.0681318044662476 
v 3.187718152999878 -1.3580517768859863 -1.0498263835906982 
v 3.055424928665161 -1.4844557046890259 -1.0341359376907349 
v 2.927541732788086 -1.6408538818359375 -1.0184454917907715 
v 2.936361312866211 -1.6472811698913574 -1.1204332113265991 
v 3.064244508743286 -1.4973104000091553 -1.133508563041687 
v 3.187718152999878 -1.3709063529968262 -1.1491990089416504 
v 3.3200111389160156 -1.2723541259765625 -1.1701195240020752 
v 3.4699432849884033 -1.1716594696044922 -1.0942825078964233 
v 3.646334171295166 -1.0838193893432617 -1.0184454917907715 
v 3.835954189300537 -1.000264286994934 -0.9426084756851196 
v 3.9726572036743164 -0.903854489326477 -0.958298921585083 
v 4.113770008087158 -0.8202993273735046 -0.9687591791152954 
v 4.056442737579346 -0.8224417567253113 -1.0733619928359985 
v 3.9197399616241455 -0.903854489326477 -1.0602866411209106 
v 3.783036947250366 -0.9916945099830627 -1.0419811010360718 
v 3.611056089401245 -1.0838193893432617 -1.1178181171417236 
v 3.4523043632507324 -1.1866565942764282 -1.193655252456665 
v 3.324420928955078 -1.295920968055725 -1.2747223377227783 
v 3.2009472846984863 -1.3901883363723755 -1.2538018226623535 
v 3.0774738788604736 -1.5101649761199951 -1.2381113767623901 
v 2.936361312866211 -1.6472811698913574 -1.2302662134170532 
v 2.9143123626708984 -1.6322840452194214 -1.3453292846679688 
v 3.073064088821411 -1.5187348127365112 -1.3479443788528442 
v 3.205357074737549 -1.4094703197479248 -1.3610197305679321 
v 3.324420928955078 -1.3194878101348877 -1.3793251514434814 
v 3.44789457321167 -1.214508295059204 -1.2982579469680786 
v 3.58459734916687 -1.1052438020706177 -1.2198059558868408 
v 3.743349075317383 -1.000264286994934 -1.1413538455963135 
v 3.8756422996520996 -0.9231364130973816 -1.1648894548416138 
v 4.012345314025879 -0.8460085988044739 -1.1805799007415771 
v 3.9726572036743164 -0.8952847123146057 -1.2877976894378662 
v 3.844773769378662 -0.9638428092002869 -1.269492268562317 
v 3.7124807834625244 -1.0302584171295166 -1.2459566593170166 
v 3.566958427429199 -1.1416653394699097 -1.3217936754226685 
v 3.4346652030944824 -1.2445024251937866 -1.4054758548736572 
v 3.3023722171783447 -1.3280576467514038 -1.4917731285095215 
v 3.1833083629608154 -1.4116127490997314 -1.4708526134490967 
v 3.046605348587036 -1.5080225467681885 -1.4603923559188843 
v 2.88344407081604 -1.6065747737884521 -1.4603923559188843 
v 2.839346170425415 -1.5722957849502563 -1.5780705213546753 
v 2.786428928375244 -1.5273045301437378 -1.6879034042358398 
v 2.7335116863250732 -1.4801708459854126 -1.784661054611206 
v 2.685004234313965 -1.4437493085861206 -1.8526527881622314 
v 2.7467410564422607 -1.3923307657241821 -1.8788034915924072 
v 2.821707248687744 -1.323772668838501 -1.9127994775772095 
v 2.8966732025146484 -1.2509297132492065 -1.9494104385375977 
v 2.9672296047210693 -1.1845141649246216 -1.9860213994979858 
v 3.0201468467712402 -1.124525785446167 -2.020017385482788 
v 2.84816575050354 -1.0366857051849365 -2.171691417694092 
v 2.605628490447998 -0.9424183964729309 -2.3285956382751465 
v 2.292534828186035 -0.8567208051681519 -2.475039482116699 
v 2.632086992263794 -0.8481510281562805 -2.373051881790161 
v 2.8878536224365234 -0.9531306028366089 -2.2161476612091064 
v 3.073064088821411 -1.0602525472640991 -2.0566282272338867 
v 3.1921279430389404 -1.145950198173523 -1.902339220046997 
v 3.125981330871582 -1.2037960290908813 -1.8709583282470703 
v 3.046605348587036 -1.2723541259765625 -1.8369624614715576 
v 2.954000234603882 -1.345197081565857 -1.8081966638565063 
v 2.8525755405426025 -1.420182466506958 -1.7898911237716675 
v 2.9319515228271484 -1.4523191452026367 -1.6852883100509644 
v 2.9980978965759277 -1.4823132753372192 -1.5728403329849243 
v 3.1303911209106445 -1.3966156244277954 -1.5859156847000122 
v 3.055424928665161 -1.3709063529968262 -1.6983636617660522 
v 3.1568496227264404 -1.2937785387039185 -1.721899390220642 
v 3.2450451850891113 -1.227362871170044 -1.7506650686264038 
v 3.2450451850891113 -1.317345380783081 -1.6068363189697266 
v 3.3376502990722656 -1.2509297132492065 -1.6329869031906128 
v 3.3200111389160156 -1.1695170402526855 -1.7820459604263306 
v 3.249454975128174 -1.085961937904358 -1.9363350868225098 
v 3.125981330871582 -0.9809823036193848 -2.0984694957733154 
v 2.927541732788086 -0.8610056638717651 -2.257988691329956 
v 3.178898572921753 -0.8952847123146057 -2.140310525894165 
v 3.315601348876953 -1.013118863105774 -1.9755611419677734 
v 3.386157751083374 -1.109528660774231 -1.8134267330169678 
v 3.421435832977295 -1.1909414529800415 -1.661752700805664 
v 3.403796911239624 -1.257357120513916 -1.5179238319396973 
v 3.540499687194824 -1.1759443283081055 -1.431626558303833 
v 3.690431833267212 -1.0752496719360352 -1.3479443788528442 
v 3.809495687484741 -1.013118863105774 -1.37409508228302 
v 3.9285595417022705 -0.9445608258247375 -1.3976306915283203 
v 3.8580031394958496 -0.9766974449157715 -1.5074635744094849 
v 3.752168655395508 -1.0473979711532593 -1.4839279651641846 
v 3.646334171295166 -1.1116712093353271 -1.4577772617340088 
v 3.4964020252227783 -1.1952263116836548 -1.544074535369873 
v 3.500811815261841 -1.130953073501587 -1.6905184984207153 
v 3.5890071392059326 -1.1330955028533936 -1.5702252388000488 
v 3.6772024631500244 -1.0666799545288086 -1.5963759422302246 
v 3.5801875591278076 -1.0623950958251953 -1.7192842960357666 
v 3.4611239433288574 -1.0388282537460327 -1.84742271900177 
v 3.377338171005249 -0.9338486194610596 -2.014787197113037 
v 3.531680107116699 -0.9595578908920288 -1.8788034915924072 
v 3.655153751373291 -0.9831247329711914 -1.7454349994659424 
v 3.769807815551758 -0.9938369393348694 -1.619911551475525 
v 0.5991830825805664 0.0752405971288681 2.477903127670288 
v 0.20230379700660706 0.07738304138183594 2.472672939300537 
v -0.17693641781806946 -0.09401216357946396 2.4308319091796875 
v -0.18134619295597076 0.07952547818422318 2.4491372108459473 
v -0.5517668724060059 -0.08972728252410889 2.378530502319336 
v -0.5517668724060059 0.08166792243719101 2.3968358039855957 
v -0.9221875667572021 -0.08544240146875381 2.2974631786346436 
v -0.9221875667572021 0.08381035923957825 2.3157687187194824 
v -1.3058375120162964 -0.0790150836110115 2.1797850131988525 
v -1.3102473020553589 0.08595280349254608 2.1980905532836914 
v -1.6938972473144531 -0.07687263935804367 2.0333411693573 
v -1.7159461975097656 0.08595280349254608 2.0464165210723877 
v -2.059908151626587 -0.08329995721578598 1.8738218545913696 
v -2.086366891860962 0.07309816032648087 1.8868972063064575 
v -2.3862311840057373 -0.08758483827114105 1.7116875648498535 
v -2.4170994758605957 0.05810108035802841 1.722147822380066 
v -2.6772758960723877 -0.09186971932649612 1.5495532751083374 
v -2.71696400642395 0.04953131824731827 1.5573984384536743 
v -2.9330427646636963 -0.09186971932649612 1.3874188661575317 
v -2.977140426635742 0.045246440917253494 1.3874188661575317 
v -3.153531074523926 -0.0961546003818512 1.2252845764160156 
v -3.197628974914551 0.04096155986189842 1.2226694822311401 
v -3.334331750869751 -0.1025819182395935 1.068380355834961 
v -3.3740196228027344 0.03667667880654335 1.060535192489624 
v -3.4842638969421387 -0.11329411715269089 0.9193213582038879 
v -3.515132427215576 0.02596447989344597 0.9088611006736755 
v -3.6253764629364014 0.013109840452671051 0.7650322318077087 
v -3.5989179611206055 -0.12829120457172394 0.7781075835227966 
v -3.7091622352600098 -0.004029680043458939 0.6342787146568298 
v -3.6915230751037598 -0.14543071389198303 0.644739031791687 
v -3.775308847427368 -0.023311639204621315 0.5139855146408081 
v -3.7620794773101807 -0.16257023811340332 0.5218307375907898 
v -3.8238162994384766 -0.040451161563396454 0.3989224433898926 
v -3.819406509399414 -0.1797097623348236 0.4067676365375519 
v -3.86350417137146 -0.057590678334236145 0.29431962966918945 
v -3.8590943813323975 -0.1968492865562439 0.29693469405174255 
v -3.889962673187256 -0.0725877583026886 0.19494697451591492 
v -3.8855528831481934 -0.21184636652469635 0.19494697451591492 
v -3.9120116233825684 -0.08758483827114105 0.10341951996088028 
v -3.907601833343506 -0.22470100224018097 0.09818937629461288 
v -3.9296507835388184 -0.09829703718423843 0.011892070062458515 
v -3.925240993499756 -0.23541319370269775 0.006661930121481419 
v -3.934060573577881 -0.2439829558134079 -0.0796353816986084 
v -3.9384701251983643 -0.10900924354791641 -0.0717901736497879 
v -3.9384701251983643 -0.25255271792411804 -0.16331762075424194 
v -3.9428799152374268 -0.11757899820804596 -0.15547241270542145 
v -3.9384701251983643 -0.2568376064300537 -0.2443847954273224 
v -3.9428799152374268 -0.12186387926340103 -0.2339245080947876 
v -3.9296507835388184 -0.25898003578186035 -0.32545197010040283 
v -3.9384701251983643 -0.1261487603187561 -0.31237661838531494 
v -3.9208312034606934 -0.261122465133667 -0.4039040505886078 
v -3.9296507835388184 -0.12829120457172394 -0.3882136344909668 
v -3.907601833343506 -0.261122465133667 -0.47974109649658203 
v -3.916421413421631 -0.12829120457172394 -0.46405068039894104 
v -3.889962673187256 -0.25898003578186035 -0.5581932067871094 
v -3.898782253265381 -0.12829120457172394 -0.5398877263069153 
v -3.8679139614105225 -0.2568376064300537 -0.6340302228927612 
v -3.8767335414886475 -0.12400632351636887 -0.6183397769927979 
v -3.837045431137085 -0.2504102885723114 -0.7124823331832886 
v -3.8502748012542725 -0.1197214424610138 -0.6941768527030945 
v -3.8061771392822266 -0.24184052646160126 -0.7909344434738159 
v -3.819406509399414 -0.11115168035030365 -0.7752439975738525 
v -3.7620794773101807 -0.23112832009792328 -0.8693864941596985 
v -3.7797183990478516 -0.10043948143720627 -0.8536961078643799 
v -3.7135720252990723 -0.21827368438243866 -0.9478386044502258 
v -3.731210947036743 -0.08544240146875381 -0.9347632527351379 
v -3.656244993209839 -0.19899171590805054 -1.0289057493209839 
v -3.6738839149475098 -0.06616044044494629 -1.01321542263031 
v -3.5900983810424805 -0.17756731808185577 -1.1099729537963867 
v -3.6077375411987305 -0.04473603889346123 -1.0968976020812988 
v -3.5107226371765137 -0.15400047600269318 -1.193655252456665 
v -3.5283615589141846 -0.021169200539588928 -1.1805799007415771 
v -3.4181172847747803 -0.13043363392353058 -1.2825676202774048 
v -3.4357564449310303 0.006682519800961018 -1.2721072435379028 
v -3.307873010635376 -0.10472436249256134 -1.381940245628357 
v -3.325512170791626 0.03239180147647858 -1.37409508228302 
v -3.171170234680176 -0.08115752041339874 -1.4917731285095215 
v -3.188809394836426 0.06024352088570595 -1.48654305934906 
v -3.003598928451538 -0.057590678334236145 -1.619911551475525 
v -3.0168282985687256 0.08381035923957825 -1.619911551475525 
v -2.787520170211792 -0.03830872103571892 -1.7663555145263672 
v -2.7919299602508545 0.10523475706577301 -1.7715857028961182 
v -2.4876558780670166 -0.023311639204621315 -1.9389501810073853 
v -2.4876558780670166 0.12451671808958054 -1.9467953443527222 
v -2.1172351837158203 -0.006172120105475187 -2.135080337524414 
v -2.1172351837158203 0.14165623486042023 -2.137695550918579 
v -1.7071266174316406 0.006682519800961018 -2.3338258266448975 
v -1.7115364074707031 0.15665331482887268 -2.3285956382751465 
v -1.2837886810302734 0.01953716017305851 -2.488114833831787 
v -1.288198471069336 0.1695079654455185 -2.485499858856201 
v -0.8692703247070312 0.02596447989344597 -2.600562810897827 
v -0.873680055141449 0.1759352833032608 -2.605792999267578 
v -0.4635714590549469 0.021679600700736046 -2.6920902729034424 
v -0.4723910093307495 0.17165039479732513 -2.7025506496429443 
v -0.07551170885562897 0.015252280049026012 -2.767927408218384 
v -0.08433125168085098 0.16736552119255066 -2.7810027599334717 
v 0.30813828110694885 0.010967399924993515 -2.8176136016845703 
v 0.29490897059440613 0.16522307693958282 -2.8333041667938232 
v 0.6829687356948853 0.010967399924993515 -2.843764305114746 
v 0.674149215221405 0.16736552119255066 -2.859454870223999 
v 1.0666186809539795 0.008824960328638554 -2.846379518508911 
v 1.0533894300460815 0.16522307693958282 -2.862069845199585 
v 1.4634979963302612 0.004540080204606056 -2.8280739784240723 
v 1.4458589553833008 0.15879575908184052 -2.843764305114746 
v 1.882426142692566 0.00025519999326206744 -2.7705423831939697 
v 1.8647871017456055 0.1523684412240982 -2.7836177349090576 
v 2.3057641983032227 -0.004029680043458939 -2.6711697578430176 
v 2.292534828186035 0.1459411233663559 -2.6816301345825195 
v 2.7246923446655273 -0.021169200539588928 -2.5482614040374756 
v 2.720282554626465 0.12665915489196777 -2.5587217807769775 
v 3.117161750793457 -0.07044532150030136 -2.4096627235412598 
v 3.1303911209106445 0.0752405971288681 -2.412277936935425 
v 3.483172655105591 -0.14757315814495087 -2.260603666305542 
v 3.509631395339966 -0.006172120105475187 -2.25537371635437 
v 3.783036947250366 -0.213988795876503 -2.124620199203491 
v 3.827134847640991 -0.0790150836110115 -2.1115448474884033 
v 4.012345314025879 -0.24612540006637573 -1.9938665628433228 
v 4.074081897735596 -0.11543656140565872 -1.978176236152649 
v 4.1887359619140625 -0.2568376064300537 -1.8683432340621948 
v 4.272521495819092 -0.1261487603187561 -1.8448076248168945 
v 4.343077659606934 -0.261122465133667 -1.7480500936508179 
v 4.44009256362915 -0.1325760781764984 -1.7166692018508911 
v 4.581205368041992 -0.13900339603424072 -1.5885307788848877 
v 4.484190464019775 -0.27183467149734497 -1.6277568340301514 
v 4.704679012298584 -0.1432882845401764 -1.4603923559188843 
v 4.61207389831543 -0.2804044485092163 -1.5048484802246094 
v 4.801693916320801 -0.14114584028720856 -1.3244086503982544 
v 4.722318172454834 -0.2804044485092163 -1.37409508228302 
v 4.876659870147705 -0.13471852242946625 -1.1858099699020386 
v 4.810513496398926 -0.273977130651474 -1.2354962825775146 
v 4.90311861038208 -0.12186387926340103 -1.0472112894058228 
v 4.850201606750488 -0.261122465133667 -1.0916674137115479 
v 4.933987140655518 -0.10900924354791641 -0.9164577722549438 
v 4.88547945022583 -0.2439829558134079 -0.958298921585083 
v 4.964855194091797 -0.0961546003818512 -0.7883193492889404 
v 4.90311861038208 -0.23112832009792328 -0.8249303102493286 
v 5.004543304443359 -0.08544240146875381 -0.6654110550880432 
v 4.925167560577393 -0.22255855798721313 -0.6967918872833252 
v 4.964855194091797 -0.21184636652469635 -0.5686534643173218 
v 5.044231414794922 -0.07044532150030136 -0.5398877263069153 
v 5.004543304443359 -0.19470684230327606 -0.43789997696876526 
v 5.061870574951172 -0.0490209199488163 -0.4169794023036957 
v 5.017772674560547 -0.17542487382888794 -0.31237661838531494 
v 5.057460784912109 -0.029738960787653923 -0.29668620228767395 
v 5.022182464599609 -0.16042779386043549 -0.18946832418441772 
v 5.048641204833984 -0.012599440291523933 -0.18162311613559723 
v 5.008953094482422 -0.14114584028720856 -0.06656002998352051 
v 5.031002044677734 0.004540080204606056 -0.058714818209409714 
v 4.978084564208984 -0.12400632351636887 0.05373318865895271 
v 5.004543304443359 0.01953716017305851 0.05896332859992981 
v 4.942806720733643 -0.10686679929494858 0.17402641475200653 
v 4.969264984130859 0.034534238278865814 0.17402641475200653 
v 4.898708820343018 -0.0961546003818512 0.29693469405174255 
v 4.925167560577393 0.04310400038957596 0.29431962966918945 
v 4.863430500030518 0.051673758774995804 0.41461285948753357 
v 4.828152656555176 -0.08544240146875381 0.41722792387008667 
v 4.810513496398926 0.05381619930267334 0.5427512526512146 
v 4.770825386047363 -0.08115752041339874 0.5427512526512146 
v 4.762005805969238 0.051673758774995804 0.6865801215171814 
v 4.739957332611084 -0.08758483827114105 0.6891952157020569 
v 4.7090888023376465 0.04953131824731827 0.8382542133331299 
v 4.7002692222595215 -0.0961546003818512 0.8434843420982361 
v 4.603254318237305 -0.11543656140565872 1.0134638547897339 
v 4.616483688354492 0.038819119334220886 1.0082337856292725 
v 4.488600254058838 -0.12829120457172394 1.1939036846160889 
v 4.497419834136963 0.034534238278865814 1.186058521270752 
v 4.343077659606934 -0.13471852242946625 1.3769586086273193 
v 4.356307029724121 0.03667667880654335 1.3691134452819824 
v 4.184326171875 -0.13471852242946625 1.5495532751083374 
v 4.193145751953125 0.038819119334220886 1.541707992553711 
v 4.003525733947754 -0.13471852242946625 1.7012273073196411 
v 4.021164417266846 0.04096155986189842 1.6959971189498901 
v 3.8139054775238037 -0.1325760781764984 1.8241355419158936 
v 3.827134847640991 0.04096155986189842 1.8215205669403076 
v 3.60223650932312 -0.12400632351636887 1.9261232614517212 
v 3.6154658794403076 0.04738888144493103 1.9287383556365967 
v 3.3552894592285156 -0.11115168035030365 2.017650842666626 
v 3.359699010848999 0.05810108035802841 2.030726194381714 
v 3.0421957969665527 -0.0961546003818512 2.114408254623413 
v 3.0421957969665527 0.07309816032648087 2.127483606338501 
v 2.6717751026153564 -0.08544240146875381 2.2111659049987793 
v 2.6717751026153564 0.08595280349254608 2.224241256713867 
v 2.2616662979125977 -0.08329995721578598 2.3000783920288086 
v 2.2616662979125977 0.08809524029493332 2.3105385303497314 
v 1.83832848072052 -0.08972728252410889 2.373300313949585 
v 1.83832848072052 0.08166792243719101 2.381145477294922 
v 1.4149905443191528 -0.09829703718423843 2.4256017208099365 
v 1.4194003343582153 0.0752405971288681 2.4334468841552734 
v 1.0048819780349731 0.07309816032648087 2.4648277759552 
v 0.9960623979568481 0.2402084767818451 2.470057964324951 
v 0.5947733521461487 0.24235092103481293 2.485748291015625 
v 0.19789403676986694 0.24449336528778076 2.480518102645874 
v -0.18134619295597076 0.24449336528778076 2.4543673992156982 
v -0.5473570823669434 0.24235092103481293 2.4020659923553467 
v -0.9265972971916199 0.2402084767818451 2.3157687187194824 
v -1.3146570920944214 0.23806604743003845 2.2007057666778564 
v -1.724765658378601 0.23806604743003845 2.0542616844177246 
v -2.104005813598633 0.21878407895565033 1.8973575830459595 
v -2.439148426055908 0.1995021253824234 1.7326080799102783 
v -2.743422508239746 0.1866474747657776 1.5626286268234253 
v -3.0080087184906006 0.1823626011610031 1.3900339603424072 
v -3.228497266769409 0.18022015690803528 1.2174392938613892 
v -3.404888153076172 0.17807771265506744 1.050074815750122 
v -3.5371811389923096 0.1695079654455185 0.8957857489585876 
v -3.6341960430145264 0.15665331482887268 0.7519568800926208 
v -3.7135720252990723 0.1395138055086136 0.6238184571266174 
v -3.775308847427368 0.1223742812871933 0.5061402916908264 
v -3.819406509399414 0.10523475706577301 0.3963073492050171 
v -3.854684591293335 0.08809524029493332 0.29431962966918945 
v -3.8855528831481934 0.07095572352409363 0.20017710328102112 
v -3.9031920433044434 0.055958639830350876 0.11126472800970078 
v -3.9208312034606934 0.045246440917253494 0.02496742084622383 
v -3.9296507835388184 0.034534238278865814 -0.056099750101566315 
v -3.934060573577881 0.02596447989344597 -0.13716691732406616 
v -3.9384701251983643 0.017394719645380974 -0.2130039483308792 
v -3.934060573577881 0.013109840452671051 -0.28884097933769226 
v -3.925240993499756 0.010967399924993515 -0.362062931060791 
v -3.916421413421631 0.008824960328638554 -0.43789997696876526 
v -3.898782253265381 0.010967399924993515 -0.511121928691864 
v -3.8767335414886475 0.013109840452671051 -0.5869589447975159 
v -3.8502748012542725 0.01953716017305851 -0.6654110550880432 
v -3.819406509399414 0.028106920421123505 -0.7438631653785706 
v -3.784128189086914 0.038819119334220886 -0.8249303102493286 
v -3.7356207370758057 0.05381619930267334 -0.903382420539856 
v -3.6782937049865723 0.07095572352409363 -0.9870646595954895 
v -3.612147331237793 0.09238012135028839 -1.070746898651123 
v -3.532771348953247 0.11594696342945099 -1.1570441722869873 
v -3.4357564449310303 0.14165623486042023 -1.2538018226623535 
v -3.3211023807525635 0.16736552119255066 -1.3584046363830566 
v -3.1755800247192383 0.19093236327171326 -1.481312870979309 
v -2.994779348373413 0.21449920535087585 -1.619911551475525 
v -2.7742910385131836 0.23592360317707062 -1.7768157720565796 
v -2.4700167179107666 0.2573480010032654 -1.9546406269073486 
v -2.104005813598633 0.2766299545764923 -2.142925500869751 
v -1.7027168273925781 0.29162704944610596 -2.3259804248809814 
v -1.288198471069336 0.3001967966556549 -2.48026967048645 
v -0.873680055141449 0.30233922600746155 -2.603178024291992 
v -0.4768007695674896 0.29805436730384827 -2.7025506496429443 
v -0.0931507870554924 0.29591190814971924 -2.7810027599334717 
v 0.2860894203186035 0.29591190814971924 -2.835919141769409 
v 0.6609199047088623 0.29805436730384827 -2.864684820175171 
v 1.040160059928894 0.3001967966556549 -2.867300033569336 
v 1.4282199144363403 0.2937694787979126 -2.846379518508911 
v 1.8427382707595825 0.2873421609401703 -2.7862329483032227 
v 2.2704858779907227 0.280914843082428 -2.6816301345825195 
v 2.7070531845092773 0.26163288950920105 -2.5561065673828125 
v 3.125981330871582 0.21021431684494019 -2.4096627235412598 
v 3.5140411853790283 0.12665915489196777 -2.244913339614868 
v 3.8491835594177246 0.04738888144493103 -2.0906240940093994 
v 4.118179798126221 0.006682519800961018 -1.9441802501678467 
v 4.334258079528809 -0.006172120105475187 -1.8003513813018799 
v 4.515058994293213 -0.010456999763846397 -1.6591376066207886 
v 4.660581111907959 -0.010456999763846397 -1.5205389261245728 
v 4.766415596008301 -0.008314560167491436 -1.387170433998108 
v 4.850201606750488 -0.00188723998144269 -1.251186728477478 
v 4.911938190460205 0.006682519800961018 -1.1178181171417236 
v 4.942806720733643 0.021679600700736046 -0.989679753780365 
v 4.969264984130859 0.034534238278865814 -0.8667714595794678 
v 5.004543304443359 0.04953131824731827 -0.7490932941436768 
v 5.035411834716797 0.06452839821577072 -0.628800094127655 
v 5.061870574951172 0.07952547818422318 -0.5058917999267578 
v 5.075099468231201 0.09666500240564346 -0.3882136344909668 
v 5.075099468231201 0.11594696342945099 -0.27576562762260437 
v 5.066279888153076 0.13522891700267792 -0.16331762075424194 
v 5.044231414794922 0.14808355271816254 -0.05086961016058922 
v 5.022182464599609 0.16522307693958282 0.06157840043306351 
v 4.991313934326172 0.1823626011610031 0.17141133546829224 
v 4.947216510772705 0.19093236327171326 0.28647440671920776 
v 4.889889240264893 0.19735968112945557 0.4041525721549988 
v 4.832562446594238 0.1995021253824234 0.5322909951210022 
v 4.770825386047363 0.19521723687648773 0.6735047698020935 
v 4.695859432220459 0.19093236327171326 0.8277938961982727 
v 4.598844528198242 0.1866474747657776 0.9925433397293091 
v 4.479780673980713 0.18878991901874542 1.167752981185913 
v 4.338667869567871 0.1930747926235199 1.3455777168273926 
v 4.1799163818359375 0.19735968112945557 1.5181723833084106 
v 4.003525733947754 0.19735968112945557 1.6698464155197144 
v 3.8139054775238037 0.19735968112945557 1.8005999326705933 
v 3.5978267192840576 0.1995021253824234 1.9156630039215088 
v 3.3376502990722656 0.21021431684494019 2.022880792617798 
v 3.0201468467712402 0.22521139681339264 2.124868631362915 
v 2.6541359424591064 0.23806604743003845 2.2216262817382812 
v 2.2484371662139893 0.24449336528778076 2.3079235553741455 
v 1.829508900642395 0.24235092103481293 2.381145477294922 
v 1.4105807542800903 0.23806604743003845 2.4360618591308594 
v 1.3973515033721924 0.39232170581817627 2.4334468841552734 
v 0.9872428774833679 0.3944641649723053 2.467442750930786 
v 0.5859537720680237 0.39660659432411194 2.483133316040039 
v 0.19348426163196564 0.39660659432411194 2.477903127670288 
v -0.18134619295597076 0.3944641649723053 2.4491372108459473 
v -0.5473570823669434 0.388036847114563 2.391605854034424 
v -0.9354168772697449 0.38589438796043396 2.3000783920288086 
v -1.3278863430023193 0.3816095292568207 2.1928603649139404 
v -1.7203558683395386 0.37518221139907837 2.0594918727874756 
v -2.104005813598633 0.3537577986717224 1.9078178405761719 
v -2.447968006134033 0.33233338594436646 1.7430684566497803 
v -2.761061668395996 0.31947875022888184 1.5704737901687622 
v -3.0344674587249756 0.3173363208770752 1.3900339603424072 
v -3.2505462169647217 0.31947875022888184 1.2095941305160522 
v -3.4181172847747803 0.31947875022888184 1.0369994640350342 
v -3.541590929031372 0.3130514323711395 0.8800953030586243 
v -3.6341960430145264 0.30233922600746155 0.7414966225624084 
v -3.7047524452209473 0.2873421609401703 0.613358199596405 
v -3.7620794773101807 0.27020263671875 0.4982950985431671 
v -3.8061771392822266 0.2530631124973297 0.393692284822464 
v -3.837045431137085 0.23592360317707062 0.29954975843429565 
v -3.86350417137146 0.22092652320861816 0.2080223262310028 
v -3.8855528831481934 0.2059294432401657 0.12172500789165497 
v -3.9031920433044434 0.19093236327171326 0.04065784066915512 
v -3.9120116233825684 0.18022015690803528 -0.03517919033765793 
v -3.916421413421631 0.17165039479732513 -0.11101622134447098 
v -3.9208312034606934 0.163080632686615 -0.18423818051815033 
v -3.916421413421631 0.15665331482887268 -0.2574601471424103 
v -3.907601833343506 0.15451088547706604 -0.32806703448295593 
v -3.898782253265381 0.15451088547706604 -0.4012889862060547 
v -3.8855528831481934 0.15451088547706604 -0.47189587354660034 
v -3.86350417137146 0.15665331482887268 -0.5477328896522522 
v -3.8414552211761475 0.163080632686615 -0.6235699653625488 
v -3.810586929321289 0.17165039479732513 -0.7020220160484314 
v -3.7708990573883057 0.1823626011610031 -0.7830892205238342 
v -3.7268011569976807 0.19521723687648773 -0.8641563653945923 
v -3.6694743633270264 0.21235676109790802 -0.9452235698699951 
v -3.603327751159668 0.23163871467113495 -1.0341359376907349 
v -3.5195419788360596 0.2530631124973297 -1.12566339969635 
v -3.4181172847747803 0.27448752522468567 -1.2276511192321777 
v -3.2946438789367676 0.29591190814971924 -1.3453292846679688 
v -3.1403019428253174 0.31519389152526855 -1.4760828018188477 
v -2.9550914764404297 0.3344758450984955 -1.6225266456604004 
v -2.734602928161621 0.3537577986717224 -1.7820459604263306 
v -2.439148426055908 0.37518221139907837 -1.95987069606781 
v -2.077547311782837 0.39874905347824097 -2.145540714263916 
v -1.6894875764846802 0.41588854789733887 -2.3285956382751465 
v -1.279378890991211 0.4223158657550812 -2.48026967048645 
v -0.8692703247070312 0.41588854789733887 -2.597947835922241 
v -0.4768007695674896 0.4073188006877899 -2.6947054862976074 
v -0.0931507870554924 0.4051763713359833 -2.7757725715637207 
v 0.2772698998451233 0.4073188006877899 -2.830688953399658 
v 0.6476905941963196 0.4137461185455322 -2.859454870223999 
v 1.0225210189819336 0.4180310070514679 -2.862069845199585 
v 1.4061709642410278 0.4137461185455322 -2.84114933013916 
v 1.816279649734497 0.40946123003959656 -2.7810027599334717 
v 2.2484371662139893 0.4051763713359833 -2.6737847328186035 
v 2.6805944442749023 0.38589438796043396 -2.5482614040374756 
v 3.108342170715332 0.3344758450984955 -2.401817560195923 
v 3.5052216053009033 0.25092068314552307 -2.2318379878997803 
v 3.853593349456787 0.1695079654455185 -2.0644736289978027 
v 4.1446380615234375 0.1223742812871933 -1.9075692892074585 
v 4.378355979919434 0.10737720131874084 -1.7480500936508179 
v 4.567975997924805 0.10737720131874084 -1.5937609672546387 
v 4.704679012298584 0.11380451917648315 -1.4473170042037964 
v 4.801693916320801 0.12451671808958054 -1.3113332986831665 
v 4.86784029006958 0.1395138055086136 -1.1779648065567017 
v 4.916347980499268 0.1523684412240982 -1.0498263835906982 
v 4.947216510772705 0.1695079654455185 -0.9243029952049255 
v 4.964855194091797 0.1866474747657776 -0.8118549585342407 
v 5.000133514404297 0.20164455473423004 -0.7020220160484314 
v 5.044231414794922 0.21235676109790802 -0.5869589447975159 
v 5.070689678192139 0.22735384106636047 -0.47189587354660034 
v 5.083919048309326 0.2466357946395874 -0.3568328022956848 
v 5.079509258270264 0.26806020736694336 -0.2496149241924286 
v 5.070689678192139 0.28519973158836365 -0.14501212537288666 
v 5.048641204833984 0.29805436730384827 -0.040409330278635025 
v 5.026592254638672 0.3066241145133972 0.0668085366487503 
v 4.995723724365234 0.3109090030193329 0.17925654351711273 
v 4.947216510772705 0.3173363208770752 0.28908950090408325 
v 4.872250080108643 0.3280485272407532 0.4015375077724457 
v 4.797284126281738 0.33233338594436646 0.5166006088256836 
v 4.7355475425720215 0.33233338594436646 0.6551992893218994 
v 4.660581111907959 0.3301909565925598 0.8094884157180786 
v 4.563566207885742 0.3301909565925598 0.9716227650642395 
v 4.448912143707275 0.33233338594436646 1.1442173719406128 
v 4.312209606170654 0.3366182744503021 1.3194270133972168 
v 4.1534576416015625 0.3409031629562378 1.4894065856933594 
v 3.9814767837524414 0.3409031629562378 1.6410807371139526 
v 3.7874467372894287 0.33876073360443115 1.777064323425293 
v 3.566958427429199 0.33876073360443115 1.8973575830459595 
v 3.3023722171783447 0.3473304808139801 2.00980544090271 
v 2.989278554916382 0.36232754588127136 2.111793279647827 
v 2.623267412185669 0.377324640750885 2.2085509300231934 
v 2.2219784259796143 0.38589438796043396 2.3000783920288086 
v 1.8118698596954346 0.39017927646636963 2.375915288925171 
v 1.7854112386703491 0.5315803289413452 2.360224962234497 
v 1.3797123432159424 0.5380076169967651 2.4203715324401855 
v 0.9740135669708252 0.5422925353050232 2.4543673992156982 
v 0.5771342515945435 0.5444349646568298 2.467442750930786 
v 0.19348426163196564 0.5444349646568298 2.459597587585449 
v -0.17693641781806946 0.5358651876449585 2.4282166957855225 
v -0.5517668724060059 0.5294378995895386 2.368070125579834 
v -0.9574657082557678 0.5251529812812805 2.2765426635742188 
v -1.3411157131195068 0.516583263874054 2.1797850131988525 
v -1.7071266174316406 0.5015861392021179 2.0647220611572266 
v -2.0995960235595703 0.482304185628891 1.9182780981063843 
v -2.447968006134033 0.4608798027038574 1.7535287141799927 
v -2.769881248474121 0.4458827078342438 1.5757039785385132 
v -3.047696590423584 0.4458827078342438 1.3874188661575317 
v -3.2593655586242676 0.4523100256919861 1.1991338729858398 
v -3.4137074947357178 0.45659491419792175 1.0213091373443604 
v -3.5283615589141846 0.4544524848461151 0.8644049167633057 
v -3.6165571212768555 0.44374027848243713 0.7284212708473206 
v -3.6827034950256348 0.43302807211875916 0.6028978824615479 
v -3.7356207370758057 0.4180310070514679 0.4930649399757385 
v -3.7797183990478516 0.4008914828300476 0.393692284822464 
v -3.810586929321289 0.38589438796043396 0.30216485261917114 
v -3.837045431137085 0.36875489354133606 0.2158675342798233 
v -3.854684591293335 0.3537577986717224 0.13741542398929596 
v -3.872323751449585 0.3409031629562378 0.05896332859992981 
v -3.88114333152771 0.3280485272407532 -0.014258629642426968 
v -3.8855528831481934 0.3173363208770752 -0.0848655179142952 
v -3.889962673187256 0.30876657366752625 -0.15285733342170715 
v -3.8855528831481934 0.30233922600746155 -0.2208491563796997 
v -3.88114333152771 0.3001967966556549 -0.28884097933769226 
v -3.872323751449585 0.29805436730384827 -0.3568328022956848 
v -3.854684591293335 0.3001967966556549 -0.42743968963623047 
v -3.837045431137085 0.3044816851615906 -0.4980465769767761 
v -3.8149967193603516 0.30876657366752625 -0.573883593082428 
v -3.784128189086914 0.3173363208770752 -0.6497206687927246 
v -3.748850107192993 0.3280485272407532 -0.7307878136634827 
v -3.7047524452209473 0.3409031629562378 -0.8118549585342407 
v -3.647425413131714 0.35590022802352905 -0.8981522917747498 
v -3.576869010925293 0.37303975224494934 -0.989679753780365 
v -3.4930834770202637 0.39017927646636963 -1.0916674137115479 
v -3.3828392028808594 0.4051763713359833 -1.2041155099868774 
v -3.2505462169647217 0.4223158657550812 -1.3322539329528809 
v -3.091794490814209 0.4373129606246948 -1.4734677076339722 
v -2.902174234390259 0.4523100256919861 -1.6251417398452759 
v -2.6772758960723877 0.46730712056159973 -1.7872761487960815 
v -2.3906409740448 0.4887315332889557 -1.9624857902526855 
v -2.0378594398498535 0.5101559162139893 -2.142925500869751 
v -1.6718484163284302 0.5294378995895386 -2.3259804248809814 
v -1.2705594301223755 0.5337227582931519 -2.477654457092285 
v -0.8648605346679688 0.5251529812812805 -2.597947835922241 
v -0.4723910093307495 0.5101559162139893 -2.6894752979278564 
v -0.09756056219339371 0.505871057510376 -2.7653121948242188 
v 0.2684503495693207 0.5101559162139893 -2.8202288150787354 
v 0.6344612836837769 0.516583263874054 -2.851609468460083 
v 1.0048819780349731 0.5230105519294739 -2.854224681854248 
v 1.3841221332550049 0.5230105519294739 -2.830688953399658 
v 1.7898210287094116 0.5208681225776672 -2.767927408218384 
v 2.2175686359405518 0.5187256932258606 -2.6633245944976807 
v 2.6541359424591064 0.5015861392021179 -2.5351860523223877 
v 3.081883668899536 0.4523100256919861 -2.391357183456421 
v 3.4875824451446533 0.3708973228931427 -2.2161476612091064 
v 3.844773769378662 0.2873421609401703 -2.040937900543213 
v 4.1490478515625 0.23592360317707062 -1.8735734224319458 
v 4.400404930114746 0.21878407895565033 -1.7009787559509277 
v 4.590024948120117 0.22735384106636047 -1.5362293720245361 
v 4.7179083824157715 0.24235092103481293 -1.3897854089736938 
v 4.801693916320801 0.26163288950920105 -1.251186728477478 
v 4.859020709991455 0.280914843082428 -1.1178181171417236 
v 4.894299030303955 0.3001967966556549 -0.989679753780365 
v 4.92075777053833 0.3173363208770752 -0.8693864941596985 
v 4.942806720733643 0.3366182744503021 -0.7569385170936584 
v 4.964855194091797 0.3537577986717224 -0.6549507975578308 
v 5.022182464599609 0.3708973228931427 -0.5398877263069153 
v 5.066279888153076 0.38589438796043396 -0.42482462525367737 
v 5.070689678192139 0.4073188006877899 -0.32283687591552734 
v 5.057460784912109 0.42660075426101685 -0.2286943644285202 
v 5.039821624755859 0.43945538997650146 -0.13455185294151306 
v 5.017772674560547 0.4458827078342438 -0.040409330278635025 
v 4.991313934326172 0.4480251669883728 0.06157840043306351 
v 4.964855194091797 0.45016759634017944 0.16618120670318604 
v 4.911938190460205 0.4523100256919861 0.27601414918899536 
v 4.819333076477051 0.46302223205566406 0.3806169331073761 
v 4.748776435852051 0.46944954991340637 0.495680034160614 
v 4.6914496421813965 0.46730712056159973 0.6316636800765991 
v 4.616483688354492 0.46730712056159973 0.7807226777076721 
v 4.523878574371338 0.46730712056159973 0.9428569674491882 
v 4.413634300231934 0.46944954991340637 1.1128365993499756 
v 4.276931285858154 0.4715920090675354 1.2880462408065796 
v 4.1269989013671875 0.47373443841934204 1.4580258131027222 
v 3.950608253479004 0.4715920090675354 1.6149300336837769 
v 3.7565784454345703 0.46730712056159973 1.7535287141799927 
v 3.531680107116699 0.46730712056159973 1.8764369487762451 
v 3.2670938968658447 0.4758768677711487 1.9888850450515747 
v 2.9495904445648193 0.49087396264076233 2.0908727645874023 
v 2.587989330291748 0.5101559162139893 2.1902453899383545 
v 2.1955199241638184 0.5230105519294739 2.2817728519439697 
v 2.164651393890381 0.6579842567443848 2.255622148513794 
v 1.7633624076843262 0.6708388924598694 2.3366892337799072 
v 1.3576635122299194 0.6836935877799988 2.3942208290100098 
v 0.9607842564582825 0.6901208758354187 2.4282166957855225 
v 0.5683147311210632 0.6922633051872253 2.4386770725250244 
v 0.18907448649406433 0.6901208758354187 2.4282166957855225 
v -0.16811688244342804 0.6794086694717407 2.3968358039855957 
v -0.5605863928794861 0.6729813814163208 2.3366892337799072 
v -0.9795145392417908 0.6665540337562561 2.247776985168457 
v -1.3587547540664673 0.6515569686889648 2.1614797115325928 
v -1.6938972473144531 0.6258476972579956 2.0647220611572266 
v -2.086366891860962 0.6087081432342529 1.9235082864761353 
v -2.439148426055908 0.5829988718032837 1.758758783340454 
v -2.7654714584350586 0.5680018067359924 1.5783189535140991 
v -3.047696590423584 0.5680018067359924 1.3821887969970703 
v -3.2505462169647217 0.580856442451477 1.1834434270858765 
v -3.396068572998047 0.587283730506897 1.005618691444397 
v -3.506312847137451 0.587283730506897 0.8513295650482178 
v -3.5900983810424805 0.5829988718032837 0.7153459191322327 
v -3.6518352031707764 0.5722866654396057 0.5950526595115662 
v -3.7047524452209473 0.5594320297241211 0.4878348112106323 
v -3.7444403171539307 0.5465773940086365 0.393692284822464 
v -3.7708990573883057 0.5294378995895386 0.30477991700172424 
v -3.7973575592041016 0.5144407749176025 0.2263278067111969 
v -3.8149967193603516 0.4994437098503113 0.15049077570438385 
v -3.828226089477539 0.48658907413482666 0.0772688165307045 
v -3.837045431137085 0.47373443841934204 0.009277000091969967 
v -3.8414552211761475 0.46302223205566406 -0.056099750101566315 
v -3.84586501121521 0.4523100256919861 -0.12147650122642517 
v -3.8414552211761475 0.4458827078342438 -0.18423818051815033 
v -3.8326356410980225 0.44374027848243713 -0.2469998598098755 
v -3.828226089477539 0.44374027848243713 -0.30976155400276184 
v -3.8149967193603516 0.4458827078342438 -0.377753347158432 
v -3.792947769165039 0.45016759634017944 -0.44574517011642456 
v -3.7708990573883057 0.45659491419792175 -0.5189671516418457 
v -3.7444403171539307 0.46302223205566406 -0.5921890735626221 
v -3.7091622352600098 0.47373443841934204 -0.6732562780380249 
v -3.665064573287964 0.48658907413482666 -0.7569385170936584 
v -3.6077375411987305 0.5015861392021179 -0.8484659790992737 
v -3.5371811389923096 0.5144407749176025 -0.9478386044502258 
v -3.4489858150482178 0.5251529812812805 -1.0602866411209106 
v -3.3299219608306885 0.5358651876449585 -1.1858099699020386 
v -3.1843996047973633 0.5465773940086365 -1.3244086503982544 
v -3.021238088607788 0.5572896003723145 -1.4734677076339722 
v -2.831618070602417 0.5680018067359924 -1.6277568340301514 
v -2.606719732284546 0.5787140130996704 -1.792506217956543 
v -2.328904151916504 0.597995936870575 -1.965100884437561 
v -1.9893518686294556 0.6215627789497375 -2.140310525894165 
v -1.6409800052642822 0.6387023329734802 -2.3155202865600586 
v -1.257330060005188 0.6429871916770935 -2.4698092937469482 
v -0.8648605346679688 0.6322749853134155 -2.5927176475524902 
v -0.4768007695674896 0.612993061542511 -2.6842451095581055 
v -0.10197032988071442 0.602280855178833 -2.754852056503296 
v 0.26404058933258057 0.6065657138824463 -2.8097684383392334 
v 0.6212319731712341 0.6151354908943176 -2.838534116744995 
v 0.9872428774833679 0.623705267906189 -2.84114933013916 
v 1.3664830923080444 0.6279901266098022 -2.8176136016845703 
v 1.7677721977233887 0.6279901266098022 -2.754852056503296 
v 2.191110134124756 0.6258476972579956 -2.6502492427825928 
v 2.623267412185669 0.6108505725860596 -2.519495725631714 
v 3.055424928665161 0.5658593773841858 -2.378281831741333 
v 3.456714153289795 0.4887315332889557 -2.2056872844696045 
v 3.818315267562866 0.4073188006877899 -2.022632360458374 
v 4.1358184814453125 0.35161536931991577 -1.84742271900177 
v 4.391585350036621 0.3366182744503021 -1.6695979833602905 
v 4.581205368041992 0.34947291016578674 -1.5022335052490234 
v 4.695859432220459 0.37518221139907837 -1.3531744480133057 
v 4.770825386047363 0.4008914828300476 -1.2145757675170898 
v 4.819333076477051 0.4244583249092102 -1.0812071561813354 
v 4.850201606750488 0.4458827078342438 -0.9478386044502258 
v 4.86784029006958 0.4651646912097931 -0.8249303102493286 
v 4.881069660186768 0.48444664478302 -0.7177124619483948 
v 4.911938190460205 0.505871057510376 -0.6104946136474609 
v 4.933987140655518 0.5251529812812805 -0.5032767057418823 
v 4.933987140655518 0.5487198233604431 -0.4065191447734833 
v 4.92075777053833 0.5722866654396057 -0.31760674715042114 
v 4.90311861038208 0.5851413011550903 -0.2313094437122345 
v 4.872250080108643 0.5958535075187683 -0.15285733342170715 
v 4.850201606750488 0.602280855178833 -0.0691751018166542 
v 4.828152656555176 0.6044232845306396 0.019737280905246735 
v 4.792874336242676 0.6065657138824463 0.11649487167596817 
v 4.766415596008301 0.6065657138824463 0.2237127423286438 
v 4.7267279624938965 0.6065657138824463 0.3387758135795593 
v 4.6914496421813965 0.6065657138824463 0.46168410778045654 
v 4.634122848510742 0.6044232845306396 0.5976677536964417 
v 4.567975997924805 0.6044232845306396 0.7467267513275146 
v 4.479780673980713 0.6044232845306396 0.9062460064888 
v 4.373946189880371 0.6044232845306396 1.0788406133651733 
v 4.241652965545654 0.6044232845306396 1.254050374031067 
v 4.091721057891846 0.6001384258270264 1.4266449213027954 
v 3.9197399616241455 0.5958535075187683 1.5861642360687256 
v 3.725709915161133 0.587283730506897 1.727378010749817 
v 3.4964020252227783 0.587283730506897 1.8529013395309448 
v 3.2274060249328613 0.5958535075187683 1.962734341621399 
v 2.909902572631836 0.6151354908943176 2.0647220611572266 
v 2.552711248397827 0.6365599036216736 2.1640946865081787 
v 2.5174331665039062 0.7629638314247131 2.130098819732666 
v 2.1337831020355225 0.790815532207489 2.2216262817382812 
v 1.7369037866592407 0.8100975155830383 2.3000783920288086 
v 1.340024471282959 0.827237069606781 2.354994773864746 
v 0.9475549459457397 0.8358067870140076 2.386375665664673 
v 0.5639049410820007 0.8379492163658142 2.3942208290100098 
v 0.18907448649406433 0.8336643576622009 2.383760452270508 
v -0.16811688244342804 0.8208097219467163 2.354994773864746 
v -0.5738157033920288 0.8143823742866516 2.2948482036590576 
v -1.0015634298324585 0.805812656879425 2.2111659049987793 
v -1.3763939142227173 0.7886731028556824 2.135329008102417 
v -1.6894875764846802 0.7565365433692932 2.0594918727874756 
v -2.0643179416656494 0.7351121306419373 1.9287383556365967 
v -2.4170994758605957 0.7072603702545166 1.7613738775253296 
v -2.752242088317871 0.6901208758354187 1.5757039785385132 
v -3.030057668685913 0.6901208758354187 1.3691134452819824 
v -3.2240874767303467 0.70511794090271 1.1651378870010376 
v -3.360790252685547 0.7136877179145813 0.9899282455444336 
v -3.4666247367858887 0.7158301472663879 0.8356391191482544 
v -3.550410509109497 0.7136877179145813 0.7022705674171448 
v -3.612147331237793 0.7072603702545166 0.5872074961662292 
v -3.6606547832489014 0.6965482234954834 0.4826046824455261 
v -3.6959328651428223 0.6836935877799988 0.3910772204399109 
v -3.7223916053771973 0.6708388924598694 0.30739498138427734 
v -3.740030527114868 0.6558418273925781 0.2315579503774643 
v -3.757669687271118 0.6408447623252869 0.16095106303691864 
v -3.7708990573883057 0.6279901266098022 0.09295924007892609 
v -3.775308847427368 0.612993061542511 0.030197560787200928 
v -3.7797183990478516 0.602280855178833 -0.03256411850452423 
v -3.784128189086914 0.591568648815155 -0.09009566158056259 
v -3.7797183990478516 0.5851413011550903 -0.14762720465660095 
v -3.7708990573883057 0.5829988718032837 -0.20777380466461182 
v -3.7620794773101807 0.5829988718032837 -0.2653053402900696 
v -3.748850107192993 0.587283730506897 -0.32806703448295593 
v -3.731210947036743 0.5937110781669617 -0.3934437930583954 
v -3.7091622352600098 0.6001384258270264 -0.46143558621406555 
v -3.6827034950256348 0.6087081432342529 -0.5346575379371643 
v -3.6518352031707764 0.6194203495979309 -0.6157247424125671 
v -3.6077375411987305 0.6322749853134155 -0.7046371102333069 
v -3.550410509109497 0.6451296210289001 -0.8013947010040283 
v -3.479854106903076 0.6536993980407715 -0.9112276434898376 
v -3.3828392028808594 0.6601267457008362 -1.0367510318756104 
v -3.254955768585205 0.6665540337562561 -1.1753497123718262 
v -3.1050236225128174 0.6729813814163208 -1.3244086503982544 
v -2.941862106323242 0.6772662401199341 -1.4760828018188477 
v -2.7478322982788086 0.6836935877799988 -1.6356019973754883 
v -2.52734375 0.694405734539032 -1.797736406326294 
v -2.2539381980895996 0.7115452885627747 -1.965100884437561 
v -1.9320248365402222 0.7329697012901306 -2.129850149154663 
v -1.6012921333312988 0.7479667663574219 -2.2972147464752197 
v -1.24410080909729 0.7522516250610352 -2.4541189670562744 
v -0.8560410141944885 0.7415394186973572 -2.5822572708129883 
v -0.4768007695674896 0.7222574949264526 -2.6737847328186035 
v -0.10638009756803513 0.7072603702545166 -2.741776704788208 
v 0.25522103905677795 0.7072603702545166 -2.7914628982543945 
v 0.6124123930931091 0.7158301472663879 -2.8202288150787354 
v 0.9696037769317627 0.7243999242782593 -2.8202288150787354 
v 1.3444342613220215 0.7308272123336792 -2.7966930866241455 
v 1.7413135766983032 0.7329697012901306 -2.733931541442871 
v 2.1602416038513184 0.7329697012901306 -2.629328727722168 
v 2.587989330291748 0.720115065574646 -2.501190185546875 
v 3.0157370567321777 0.6794086694717407 -2.3599765300750732 
v 3.4170260429382324 0.6087081432342529 -2.1926119327545166 
v 3.7742176055908203 0.5315803289413452 -2.009557008743286 
v 4.091721057891846 0.4780193269252777 -1.8291171789169312 
v 4.351897239685059 0.4608798027038574 -1.6512924432754517 
v 4.537107944488525 0.4780193269252777 -1.4839279651641846 
v 4.642941951751709 0.5101559162139893 -1.3374840021133423 
v 4.713498592376709 0.5401501059532166 -1.196270227432251 
v 4.757596015930176 0.5680018067359924 -1.0576715469360352 
v 4.784054756164551 0.591568648815155 -0.9190728664398193 
v 4.792874336242676 0.6108505725860596 -0.7961645722389221 
v 4.797284126281738 0.6301325559616089 -0.6837165355682373 
v 4.797284126281738 0.6515569686889648 -0.5764986872673035 
v 4.806103706359863 0.6751238107681274 -0.47451093792915344 
v 4.814923286437988 0.7008330821990967 -0.377753347158432 
v 4.823742866516113 0.7222574949264526 -0.29407110810279846 
v 4.819333076477051 0.7329697012901306 -0.2208491563796997 
v 4.801693916320801 0.7393969893455505 -0.15285733342170715 
v 4.784054756164551 0.7501091957092285 -0.0848655179142952 
v 4.757596015930176 0.7543940544128418 -0.00641342019662261 
v 4.7267279624938965 0.7522516250610352 0.08511403203010559 
v 4.6914496421813965 0.7501091957092285 0.18448668718338013 
v 4.6561713218688965 0.7458243370056152 0.29954975843429565 
v 4.620893478393555 0.7436819076538086 0.41984298825263977 
v 4.572385787963867 0.7436819076538086 0.5532115697860718 
v 4.506239414215088 0.7415394186973572 0.7022705674171448 
v 4.422453880310059 0.7415394186973572 0.8617898225784302 
v 4.321029186248779 0.7372545599937439 1.0343844890594482 
v 4.1975555419921875 0.7329697012901306 1.2148243188858032 
v 4.052032947540283 0.7265423536300659 1.3900339603424072 
v 3.880052089691162 0.7158301472663879 1.5547833442687988 
v 3.6860220432281494 0.70511794090271 1.6986122131347656 
v 3.456714153289795 0.7029755115509033 1.8215205669403076 
v 3.187718152999878 0.7115452885627747 1.9313534498214722 
v 2.874624490737915 0.7351121306419373 2.030726194381714 
v 2.8349363803863525 0.8529463410377502 1.9915000200271606 
v 2.4821548461914062 0.8872253894805908 2.0856425762176514 
v 2.102914571762085 0.91936194896698 2.1745550632476807 
v 1.7148549556732178 0.9450712203979492 2.250391960144043 
v 1.3223854303359985 0.9643532037734985 2.3000783920288086 
v 0.934325635433197 0.9772078394889832 2.3288440704345703 
v 0.5550854206085205 0.9793502688407898 2.3340742588043213 
v 0.18907448649406433 0.9750654101371765 2.3236138820648193 
v -0.16370710730552673 0.9643532037734985 2.2974631786346436 
v -0.5826352834701538 0.9557834267616272 2.242546796798706 
v -1.019202470779419 0.9493561387062073 2.1614797115325928 
v -1.3896231651306152 0.9257892966270447 2.0908727645874023 
v -1.6806679964065552 0.8893678188323975 2.0359561443328857 
v -2.0202202796936035 0.8636585474014282 1.9182780981063843 
v -2.381821393966675 0.8336643576622009 1.7482985258102417 
v -2.7125542163848877 0.8143823742866516 1.5626286268234253 
v -2.985960006713867 0.8143823742866516 1.3508079051971436 
v -3.171170234680176 0.827237069606781 1.1494475603103638 
v -3.307873010635376 0.8358067870140076 0.974237859249115 
v -3.4137074947357178 0.8400917053222656 0.8225637674331665 
v -3.4930834770202637 0.8379492163658142 0.6944253444671631 
v -3.5548202991485596 0.8336643576622009 0.5793622732162476 
v -3.5989179611206055 0.827237069606781 0.47998958826065063 
v -3.6341960430145264 0.816524863243103 0.3910772204399109 
v -3.656244993209839 0.8036702275276184 0.31001004576683044 
v -3.6694743633270264 0.790815532207489 0.2341730147600174 
v -3.6827034950256348 0.7758184671401978 0.16618120670318604 
v -3.6959328651428223 0.7629638314247131 0.10341951996088028 
v -3.6959328651428223 0.7479667663574219 0.04327290877699852 
v -3.7003426551818848 0.7329697012901306 -0.01164355967193842 
v -3.6959328651428223 0.7243999242782593 -0.06656002998352051 
v -3.6915230751037598 0.7179725766181946 -0.11886142939329147 
v -3.6871132850646973 0.7158301472663879 -0.17116282880306244 
v -3.6782937049865723 0.7179725766181946 -0.2260793000459671 
v -3.665064573287964 0.7243999242782593 -0.28099575638771057 
v -3.647425413131714 0.7308272123336792 -0.3437574505805969 
v -3.6253764629364014 0.7415394186973572 -0.4091342091560364 
v -3.603327751159668 0.7543940544128418 -0.48235616087913513 
v -3.576869010925293 0.7651062607765198 -0.5634233355522156 
v -3.5371811389923096 0.7779608964920044 -0.6549507975578308 
v -3.4842638969421387 0.7865306735038757 -0.7595535516738892 
v -3.404888153076172 0.7929580211639404 -0.8824618458747864 
v -3.29905366897583 0.7951004505157471 -1.021060585975647 
v -3.162350654602051 0.7972428798675537 -1.1727346181869507 
v -3.012418508529663 0.7972428798675537 -1.3270237445831299 
v -2.8448472023010254 0.7972428798675537 -1.4839279651641846 
v -2.6552271842956543 0.801527738571167 -1.6434472799301147 
v -2.4347386360168457 0.8100975155830383 -1.8029664754867554 
v -2.1745622158050537 0.8250945806503296 -1.95987069606781 
v -1.8702881336212158 0.8465189933776855 -2.1141598224639893 
v -1.5527846813201904 0.8615160584449768 -2.271064043045044 
v -1.2220518589019775 0.8636585474014282 -2.4253532886505127 
v -0.851631224155426 0.8550887703895569 -2.5508766174316406 
v -0.4768007695674896 0.8379492163658142 -2.6502492427825928 
v -0.11078987270593643 0.8250945806503296 -2.720856189727783 
v 0.24640150368213654 0.8208097219467163 -2.767927408218384 
v 0.5991830825805664 0.822952151298523 -2.7914628982543945 
v 0.95637446641922 0.8315219283103943 -2.7914628982543945 
v 1.3267951011657715 0.8379492163658142 -2.7653121948242188 
v 1.7148549556732178 0.8422341346740723 -2.7025506496429443 
v 2.120553731918335 0.8422341346740723 -2.600562810897827 
v 2.5394818782806396 0.8293794989585876 -2.4724245071411133 
v 2.9584100246429443 0.7972428798675537 -2.3338258266448975 
v 3.350879669189453 0.7351121306419373 -2.1769216060638428 
v 3.699251413345337 0.6686964631080627 -1.9990967512130737 
v 4.003525733947754 0.6172779202461243 -1.8186569213867188 
v 4.259292125701904 0.6001384258270264 -1.6460622549057007 
v 4.444502353668213 0.6151354908943176 -1.4786977767944336 
v 4.554746627807617 0.6494145393371582 -1.3296388387680054 
v 4.620893478393555 0.6815510988235474 -1.188425064086914 
v 4.6649909019470215 0.7115452885627747 -1.0445961952209473 
v 4.6914496421813965 0.7351121306419373 -0.903382420539856 
v 4.695859432220459 0.7565365433692932 -0.772628903388977 
v 4.7002692222595215 0.7758184671401978 -0.6575658321380615 
v 4.704679012298584 0.7972428798675537 -0.5451178550720215 
v 4.7179083824157715 0.8250945806503296 -0.44313010573387146 
v 4.731137752532959 0.8508038520812988 -0.3516026735305786 
v 4.7355475425720215 0.8679434061050415 -0.27576562762260437 
v 4.722318172454834 0.8722282648086548 -0.2156190127134323 
v 4.7090888023376465 0.8722282648086548 -0.16070255637168884 
v 4.7002692222595215 0.8936526775360107 -0.10317101329565048 
v 4.678220272064209 0.9022224545478821 -0.03779425844550133 
v 4.642941951751709 0.9000800251960754 0.04327290877699852 
v 4.603254318237305 0.8936526775360107 0.13741542398929596 
v 4.563566207885742 0.8872253894805908 0.24724836647510529 
v 4.5282883644104 0.8850829005241394 0.3675415813922882 
v 4.4930100440979 0.8829404711723328 0.5009101629257202 
v 4.431273460388184 0.8829404711723328 0.6473540663719177 
v 4.351897239685059 0.8786556124687195 0.8094884157180786 
v 4.254882335662842 0.8743706941604614 0.9846981167793274 
v 4.1358184814453125 0.8658009767532349 1.1651378870010376 
v 3.99470591545105 0.8529463410377502 1.3455777168273926 
v 3.827134847640991 0.8358067870140076 1.5103272199630737 
v 3.6331048011779785 0.822952151298523 1.6567710638046265 
v 3.4082067012786865 0.816524863243103 1.782294511795044 
v 3.143620491027832 0.827237069606781 1.8921273946762085 
v 3.0862934589385986 0.9450712203979492 1.839825987815857 
v 3.3464698791503906 0.9365015029907227 1.7326080799102783 
v 3.566958427429199 0.9450712203979492 1.604469656944275 
v 3.752168655395508 0.9643532037734985 1.4554107189178467 
v 3.915330171585083 0.9857776165008545 1.285431146621704 
v 4.052032947540283 1.0029171705245972 1.1049913167953491 
v 4.1622772216796875 1.015771746635437 0.9219364523887634 
v 4.254882335662842 1.022199034690857 0.7467267513275146 
v 4.329848289489746 1.0264840126037598 0.5845924019813538 
v 4.387175559997559 1.0264840126037598 0.43814846873283386 
v 4.193145751953125 1.1721699237823486 0.5192156434059143 
v 4.122589111328125 1.170027494430542 0.6813499927520752 
v 4.034393787384033 1.1614576578140259 0.8539445996284485 
v 3.9285595417022705 1.148603081703186 1.0317693948745728 
v 3.800676107406616 1.12717866897583 1.2122092247009277 
v 3.6507439613342285 1.1014693975448608 1.3821887969970703 
v 3.4699432849884033 1.0779025554656982 1.5364779233932495 
v 3.2626841068267822 1.0650478601455688 1.6672313213348389 
v 3.0157370567321777 1.0671902894973755 1.7796794176101685 
v 2.7820191383361816 0.9729229807853699 1.939198613166809 
v 2.442466974258423 1.0072020292282104 2.030726194381714 
v 2.0720462799072266 1.0414810180664062 2.114408254623413 
v 1.6883963346481323 1.073617696762085 2.1824002265930176 
v 1.3047462701797485 1.0950419902801514 2.2268564701080322 
v 0.925506055355072 1.1100391149520874 2.250391960144043 
v 0.550675630569458 1.1143239736557007 2.253007173538208 
v 0.18907448649406433 1.112181544303894 2.245161771774292 
v -0.16370710730552673 1.0993269681930542 2.2163960933685303 
v -0.5870450139045715 1.090757131576538 2.1667096614837646 
v -1.0236122608184814 1.0843298435211182 2.0882575511932373 
v -1.3940329551696777 1.0629054307937622 2.020265817642212 
v -1.6586191654205322 1.022199034690857 1.9810397624969482 
v -1.9540737867355347 0.9879200458526611 1.8868972063064575 
v -2.3156747817993164 0.9643532037734985 1.7195327281951904 
v -2.6464076042175293 0.9429287910461426 1.533862829208374 
v -2.910993814468384 0.9386439323425293 1.3298873901367188 
v -3.0962040424346924 0.9493561387062073 1.131142020225525 
v -3.228497266769409 0.9557834267616272 0.9611625075340271 
v -3.334331750869751 0.9600683450698853 0.8147185444831848 
v -3.4137074947357178 0.9622107744216919 0.6865801215171814 
v -3.4754443168640137 0.9579258561134338 0.5741321444511414 
v -3.5195419788360596 0.9536409974098206 0.47737452387809753 
v -3.550410509109497 0.9450712203979492 0.3884621560573578 
v -3.568049430847168 0.9343590140342712 0.31001004576683044 
v -3.5812788009643555 0.9215043783187866 0.2341730147600174 
v -3.5900983810424805 0.9065073132514954 0.16879627108573914 
v -3.594508171081543 0.8893678188323975 0.10603459179401398 
v -3.5989179611206055 0.8722282648086548 0.051118120551109314 
v -3.5989179611206055 0.8572311997413635 -0.0011832800228148699 
v -3.5989179611206055 0.8465189933776855 -0.04825453832745552 
v -3.5900983810424805 0.8379492163658142 -0.09532579779624939 
v -3.5812788009643555 0.8400917053222656 -0.14239706099033356 
v -3.576869010925293 0.8465189933776855 -0.18946832418441772 
v -3.568049430847168 0.8572311997413635 -0.2417697161436081 
v -3.550410509109497 0.8658009767532349 -0.29930126667022705 
v -3.5283615589141846 0.8807980418205261 -0.3646779954433441 
v -3.5107226371765137 0.8936526775360107 -0.43528491258621216 
v -3.4842638969421387 0.9043648838996887 -0.5189671516418457 
v -3.4489858150482178 0.9150770902633667 -0.6131096482276917 
v -3.3916587829589844 0.9257892966270447 -0.7281727194786072 
v -3.307873010635376 0.930074155330658 -0.8641563653945923 
v -3.1932191848754883 0.9279317259788513 -1.015830397605896 
v -3.056516170501709 0.9257892966270447 -1.1753497123718262 
v -2.902174234390259 0.9215043783187866 -1.3348690271377563 
v -2.7390127182006836 0.9172195196151733 -1.494388222694397 
v -2.553802490234375 0.9172195196151733 -1.6512924432754517 
v -2.3421335220336914 0.9257892966270447 -1.8029664754867554 
v -2.086366891860962 0.9407863616943359 -1.9494104385375977 
v -1.8041415214538574 0.9600683450698853 -2.0906240940093994 
v -1.5086870193481445 0.9772078394889832 -2.234452962875366 
v -1.195593237876892 0.9836351871490479 -2.378281831741333 
v -0.8384019136428833 0.9772078394889832 -2.501190185546875 
v -0.4768007695674896 0.9622107744216919 -2.605792999267578 
v -0.11519964039325714 0.9514985680580139 -2.6790149211883545 
v 0.23758195340633392 0.9472137093544006 -2.72870135307312 
v 0.5859537720680237 0.9493561387062073 -2.749621868133545 
v 0.9387353658676147 0.9536409974098206 -2.747006893157959 
v 1.3047462701797485 0.9600683450698853 -2.718240976333618 
v 1.6795767545700073 0.9622107744216919 -2.6580944061279297 
v 2.076456069946289 0.9622107744216919 -2.5587217807769775 
v 2.4777450561523438 0.9493561387062073 -2.4358134269714355 
v 2.874624490737915 0.923646867275238 -2.2998297214508057 
v 3.249454975128174 0.8743706941604614 -2.156000852584839 
v 3.5801875591278076 0.8208097219467163 -1.9912515878677368 
v 3.8668227195739746 0.7779608964920044 -1.8186569213867188 
v 4.109360218048096 0.7608214020729065 -1.6486773490905762 
v 4.294570446014404 0.7715336084365845 -1.4891581535339355 
v 4.413634300231934 0.7993853092193604 -1.3374840021133423 
v 4.484190464019775 0.8315219283103943 -1.1910401582717896 
v 4.5282883644104 0.8593736290931702 -1.0445961952209473 
v 4.55915641784668 0.8829404711723328 -0.8981522917747498 
v 4.572385787963867 0.9065073132514954 -0.7595535516738892 
v 4.57679557800293 0.9257892966270447 -0.6366453170776367 
v 4.581205368041992 0.9429287910461426 -0.5241972804069519 
v 4.59443473815918 0.9707804918289185 -0.4195944666862488 
v 4.607664108276367 0.9986322522163391 -0.33329716324806213 
v 4.607664108276367 1.0114868879318237 -0.27053549885749817 
v 4.590024948120117 0.9964898228645325 -0.2182340919971466 
v 4.563566207885742 0.9664956331253052 -0.17639297246932983 
v 4.572385787963867 1.022199034690857 -0.13193677365779877 
v 4.563566207885742 1.043623447418213 -0.0796353816986084 
v 4.537107944488525 1.0457658767700195 -0.01164355967193842 
v 4.497419834136963 1.037196159362793 0.0772688165307045 
v 4.4577317237854 1.0286264419555664 0.18710176646709442 
v 4.422453880310059 1.0243414640426636 0.30739498138427734 
v 4.246062755584717 1.170027494430542 0.3727717399597168 
v 4.007935523986816 1.3199982643127441 0.45645397901535034 
v 3.941788673400879 1.3199982643127441 0.6159732341766357 
v 3.862412929534912 1.3135709762573242 0.7807226777076721 
v 3.7653980255126953 1.3007162809371948 0.9533172845840454 
v 3.6507439613342285 1.2771494388580322 1.1285269260406494 
v 3.509631395339966 1.2471553087234497 1.3011215925216675 
v 3.3464698791503906 1.215018630027771 1.4606409072875977 
v 3.1568496227264404 1.1914517879486084 1.596624493598938 
v 2.9319515228271484 1.1871669292449951 1.709072470664978 
v 2.7246923446655273 1.090757131576538 1.8738218545913696 
v 2.3939595222473145 1.1228938102722168 1.9601192474365234 
v 2.0367681980133057 1.1571727991104126 2.0359561443328857 
v 1.6663473844528198 1.1893093585968018 2.0961029529571533 
v 1.287107229232788 1.215018630027771 2.132713794708252 
v 0.9166865348815918 1.230015754699707 2.151019334793091 
v 0.5462658405303955 1.2385854721069336 2.1536343097686768 
v 0.19348426163196564 1.2343006134033203 2.140558958053589 
v -0.16370710730552673 1.2257308959960938 2.111793279647827 
v -0.5826352834701538 1.2214460372924805 2.0647220611572266 
v -1.010382890701294 1.2171611785888672 1.9915000200271606 
v -1.3763939142227173 1.1978791952133179 1.9261232614517212 
v -1.6277507543563843 1.1571727991104126 1.894742488861084 
v -1.8746979236602783 1.118608832359314 1.8215205669403076 
v -2.2186598777770996 1.0950419902801514 1.6698464155197144 
v -2.5405731201171875 1.0757601261138916 1.4920216798782349 
v -2.7919299602508545 1.0671902894973755 1.303736686706543 
v -2.977140426635742 1.0714751482009888 1.118066668510437 
v -3.1138432025909424 1.0757601261138916 0.9533172845840454 
v -3.219677686691284 1.0800449848175049 0.8094884157180786 
v -3.29905366897583 1.0821874141693115 0.6865801215171814 
v -3.360790252685547 1.0821874141693115 0.5767471790313721 
v -3.404888153076172 1.0779025554656982 0.47737452387809753 
v -3.4357564449310303 1.0714751482009888 0.3884621560573578 
v -3.4489858150482178 1.0607630014419556 0.30739498138427734 
v -3.4578053951263428 1.043623447418213 0.2315579503774643 
v -3.4622151851654053 1.0286264419555664 0.16618120670318604 
v -3.4666247367858887 1.0136293172836304 0.10341951996088028 
v -3.4666247367858887 0.994347333908081 0.051118120551109314 
v -3.4666247367858887 0.9772078394889832 0.00404686015099287 
v -3.4666247367858887 0.9622107744216919 -0.03779425844550133 
v -3.4578053951263428 0.9579258561134338 -0.0796353816986084 
v -3.4489858150482178 0.9622107744216919 -0.12147650122642517 
v -3.4445760250091553 0.9707804918289185 -0.16593268513679504 
v -3.4357564449310303 0.9836351871490479 -0.2130039483308792 
v -3.4225270748138428 1.000774621963501 -0.26792043447494507 
v -3.404888153076172 1.015771746635437 -0.33068209886550903 
v -3.387248992919922 1.030768871307373 -0.4039040505886078 
v -3.3652000427246094 1.0393385887145996 -0.48758628964424133 
v -3.3299219608306885 1.0500508546829224 -0.5895740389823914 
v -3.272594928741455 1.0607630014419556 -0.7124823331832886 
v -3.1843996047973633 1.0629054307937622 -0.8615413308143616 
v -3.0609259605407715 1.058620572090149 -1.0236756801605225 
v -2.919813394546509 1.052193284034729 -1.1910401582717896 
v -2.769881248474121 1.0414810180664062 -1.3531744480133057 
v -2.6111295223236084 1.0350537300109863 -1.5100786685943604 
v -2.439148426055908 1.030768871307373 -1.661752700805664 
v -2.2362990379333496 1.037196159362793 -1.8029664754867554 
v -2.0025811195373535 1.052193284034729 -1.9337199926376343 
v -1.7379950284957886 1.0714751482009888 -2.0592434406280518 
v -1.4601794481277466 1.090757131576538 -2.1847667694091797 
v -1.1647249460220337 1.1057542562484741 -2.3129050731658936 
v -0.8251726031303406 1.1036118268966675 -2.4279682636260986 
v -0.4723910093307495 1.0950419902801514 -2.5325710773468018 
v -0.11960940808057785 1.0864722728729248 -2.608407974243164 
v 0.2287624180316925 1.0864722728729248 -2.6607093811035156 
v 0.5771342515945435 1.0886147022247314 -2.6842451095581055 
v 0.925506055355072 1.0950419902801514 -2.6842451095581055 
v 1.2826974391937256 1.0993269681930542 -2.6580944061279297 
v 1.6487083435058594 1.1014693975448608 -2.597947835922241 
v 2.023538827896118 1.0971845388412476 -2.509035348892212 
v 2.4027791023254395 1.0864722728729248 -2.391357183456421 
v 2.7731997966766357 1.0650478601455688 -2.260603666305542 
v 3.117161750793457 1.030768871307373 -2.124620199203491 
v 3.4170260429382324 0.9922049045562744 -1.978176236152649 
v 3.672792673110962 0.9622107744216919 -1.8212720155715942 
v 3.888871431350708 0.9493561387062073 -1.661752700805664 
v 4.065262317657471 0.9557834267616272 -1.5074635744094849 
v 4.193145751953125 0.9750654101371765 -1.3557895421981812 
v 4.281341075897217 0.9986322522163391 -1.206730604171753 
v 4.338667869567871 1.022199034690857 -1.0576715469360352 
v 4.373946189880371 1.043623447418213 -0.9059975147247314 
v 4.395995140075684 1.0629054307937622 -0.7621686458587646 
v 4.409224510192871 1.0779025554656982 -0.628800094127655 
v 4.413634300231934 1.090757131576538 -0.5137370228767395 
v 4.422453880310059 1.112181544303894 -0.4117492735385895 
v 4.426863670349121 1.12717866897583 -0.33591222763061523 
v 4.422453880310059 1.1228938102722168 -0.27838069200515747 
v 4.409224510192871 1.1057542562484741 -0.2339245080947876 
v 4.382765769958496 1.0821874141693115 -0.19208338856697083 
v 4.382765769958496 1.1036118268966675 -0.15285733342170715 
v 4.400404930114746 1.1571727991104126 -0.12147650122642517 
v 4.391585350036621 1.1785972118377686 -0.06656002998352051 
v 4.365126609802246 1.1785972118377686 0.009277000091969967 
v 4.325438976287842 1.1678849458694458 0.11387979984283447 
v 4.285750865936279 1.1657425165176392 0.2394031584262848 
v 4.056442737579346 1.3157134056091309 0.31001004576683044 
v 3.760988235473633 1.4699690341949463 0.4041525721549988 
v 3.7036612033843994 1.4742538928985596 0.5558266043663025 
v 3.637514591217041 1.4699690341949463 0.7153459191322327 
v 3.549319267272949 1.4549719095230103 0.8800953030586243 
v 3.44789457321167 1.429262638092041 1.0526899099349976 
v 3.324420928955078 1.390698790550232 1.2252845764160156 
v 3.1833083629608154 1.34784996509552 1.3874188661575317 
v 3.0245566368103027 1.3092859983444214 1.5260175466537476 
v 2.839346170425415 1.294288992881775 1.6332354545593262 
v 2.6629555225372314 1.2043064832687378 1.7979848384857178 
v 2.3498618602752686 1.2343006134033203 1.8764369487762451 
v 2.005899667739868 1.2707221508026123 1.9418137073516846 
v 1.6442985534667969 1.3028587102890015 1.9888850450515747 
v 1.278287649154663 1.332852840423584 2.022880792617798 
v 0.9078670144081116 1.3521348237991333 2.0359561443328857 
v 0.5462658405303955 1.3585621118545532 2.0333411693573 
v 0.19348426163196564 1.3607045412063599 2.017650842666626 
v -0.15488757193088531 1.3521348237991333 1.9888850450515747 
v -0.5649961829185486 1.34784996509552 1.94442880153656 
v -0.975104808807373 1.3414226770401 1.8790520429611206 
v -1.3278863430023193 1.3221406936645508 1.8162903785705566 
v -1.5836530923843384 1.2835767269134521 1.7849094867706299 
v -1.8041415214538574 1.2407279014587402 1.7247629165649414 
v -2.1084156036376953 1.2128762006759644 1.601854681968689 
v -2.399460554122925 1.1957367658615112 1.4423353672027588 
v -2.6375880241394043 1.1893093585968018 1.2749708890914917 
v -2.813978910446167 1.1893093585968018 1.1076064109802246 
v -2.9462718963623047 1.1935943365097046 0.9533172845840454 
v -3.0521063804626465 1.2000216245651245 0.8147185444831848 
v -3.1314823627471924 1.2043064832687378 0.6918102502822876 
v -3.197628974914551 1.2043064832687378 0.5819773077964783 
v -3.246136426925659 1.2021640539169312 0.4826046824455261 
v -3.2770047187805176 1.1957367658615112 0.3910772204399109 
v -3.290234088897705 1.1828820705413818 0.30477991700172424 
v -3.29905366897583 1.1614576578140259 0.2263278067111969 
v -3.3034634590148926 1.1421756744384766 0.15833598375320435 
v -3.307873010635376 1.1250362396240234 0.09818937629461288 
v -3.3122828006744385 1.112181544303894 0.04588798061013222 
v -3.3122828006744385 1.0950419902801514 0.0014317899476736784 
v -3.307873010635376 1.0800449848175049 -0.03779425844550133 
v -3.3034634590148926 1.0757601261138916 -0.074405238032341 
v -3.2946438789367676 1.0843298435211182 -0.11363129317760468 
v -3.2946438789367676 1.0993269681930542 -0.15285733342170715 
v -3.2858242988586426 1.1164664030075073 -0.19731353223323822 
v -3.272594928741455 1.13360595703125 -0.2522299885749817 
v -3.254955768585205 1.1528879404067993 -0.31499168276786804 
v -3.2417266368865967 1.1636000871658325 -0.3882136344909668 
v -3.210858106613159 1.170027494430542 -0.47712603211402893 
v -3.1755800247192383 1.1828820705413818 -0.5843439102172852 
v -3.118252992630005 1.1935943365097046 -0.7150973677635193 
v -3.0168282985687256 1.1957367658615112 -0.8746166825294495 
v -2.8889448642730713 1.1871669292449951 -1.0472112894058228 
v -2.752242088317871 1.1743123531341553 -1.2171908617019653 
v -2.6111295223236084 1.1593152284622192 -1.3793251514434814 
v -2.4700167179107666 1.1443181037902832 -1.5336142778396606 
v -2.311264991760254 1.1357483863830566 -1.6722129583358765 
v -2.1348743438720703 1.14003324508667 -1.797736406326294 
v -1.9232053756713867 1.155030369758606 -1.910184383392334 
v -1.6806679964065552 1.1785972118377686 -2.014787197113037 
v -1.4204915761947632 1.2043064832687378 -2.122004985809326 
v -1.1382663249969482 1.2278733253479004 -2.2318379878997803 
v -0.8119432926177979 1.2343006134033203 -2.3312106132507324 
v -0.4679812490940094 1.2321581840515137 -2.4331984519958496 
v -0.12401918321847916 1.2278733253479004 -2.506420373916626 
v 0.2199428826570511 1.230015754699707 -2.5613367557525635 
v 0.5639049410820007 1.2343006134033203 -2.5874874591827393 
v 0.9122767448425293 1.2407279014587402 -2.595332622528076 
v 1.2606486082077026 1.245012879371643 -2.5717971324920654 
v 1.613430142402649 1.245012879371643 -2.519495725631714 
v 1.9750313758850098 1.2385854721069336 -2.4384284019470215 
v 2.3234031200408936 1.223588466644287 -2.3338258266448975 
v 2.658545732498169 1.2021640539169312 -2.2135324478149414 
v 2.962819814682007 1.1807396411895752 -2.0880091190338135 
v 3.2185864448547363 1.1614576578140259 -1.95987069606781 
v 3.439074993133545 1.1507455110549927 -1.8186569213867188 
v 3.619875431060791 1.1507455110549927 -1.6695979833602905 
v 3.7742176055908203 1.1593152284622192 -1.5179238319396973 
v 3.897691011428833 1.1743123531341553 -1.3714799880981445 
v 3.9991157054901123 1.1914517879486084 -1.2224209308624268 
v 4.069672107696533 1.2064489126205444 -1.0733619928359985 
v 4.122589111328125 1.2214460372924805 -0.92168790102005 
v 4.1534576416015625 1.2343006134033203 -0.772628903388977 
v 4.175506591796875 1.2407279014587402 -0.6366453170776367 
v 4.1887359619140625 1.2428704500198364 -0.5163520574569702 
v 4.1975555419921875 1.2471553087234497 -0.4143643379211426 
v 4.210784912109375 1.2471553087234497 -0.3411423861980438 
v 4.2151947021484375 1.2407279014587402 -0.28884097933769226 
v 4.2196044921875 1.230015754699707 -0.2496149241924286 
v 4.2151947021484375 1.2257308959960938 -0.2182340919971466 
v 4.2063751220703125 1.223588466644287 -0.18162311613559723 
v 4.193145751953125 1.230015754699707 -0.13978199660778046 
v 4.184326171875 1.2621523141860962 -0.10055594146251678 
v 4.16668701171875 1.2900041341781616 -0.040409330278635025 
v 4.13140869140625 1.2985738515853882 0.05634826049208641 
v 4.096130847930908 1.3071435689926147 0.17664147913455963 
v 3.800676107406616 1.4613993167877197 0.26032373309135437 
v 3.4434847831726074 1.6135125160217285 0.3727717399597168 
v 3.394977331161499 1.6177973747253418 0.5192156434059143 
v 3.3376502990722656 1.6135125160217285 0.6682746410369873 
v 3.2715036869049072 1.6006578207015991 0.8277938961982727 
v 3.1833083629608154 1.5728061199188232 0.9951583743095398 
v 3.081883668899536 1.5278148651123047 1.167752981185913 
v 2.971639394760132 1.4699690341949463 1.3351174592971802 
v 2.856985330581665 1.412123203277588 1.478946328163147 
v 2.7643802165985107 1.369274377822876 1.5730888843536377 
v 2.605628490447998 1.3092859983444214 1.709072470664978 
v 2.3145835399627686 1.3457075357437134 1.771834135055542 
v 1.9882606267929077 1.3864139318466187 1.8241355419158936 
v 1.6354790925979614 1.4249777793884277 1.8659766912460327 
v 1.2694681882858276 1.4549719095230103 1.8921273946762085 
v 0.9034572243690491 1.472111463546753 1.8973575830459595 
v 0.5462658405303955 1.4806811809539795 1.8921273946762085 
v 0.19789403676986694 1.4806811809539795 1.8764369487762451 
v -0.1416582614183426 1.472111463546753 1.8476711511611938 
v -0.5341277718544006 1.465684175491333 1.8058301210403442 
v -0.9221875667572021 1.4549719095230103 1.7482985258102417 
v -1.2617398500442505 1.429262638092041 1.6959971189498901 
v -1.5219162702560425 1.390698790550232 1.6620012521743774 
v -1.7379950284957886 1.3435651063919067 1.6096998453140259 
v -2.006990909576416 1.311428427696228 1.5129421949386597 
v -2.2539381980895996 1.2921465635299683 1.3900339603424072 
v -2.4435582160949707 1.2921465635299683 1.254050374031067 
v -2.5934903621673584 1.3007162809371948 1.1076064109802246 
v -2.7213737964630127 1.3092859983444214 0.9611625075340271 
v -2.822798490524292 1.3178558349609375 0.825178861618042 
v -2.902174234390259 1.3242831230163574 0.6996554732322693 
v -2.968320846557617 1.3285679817199707 0.58982253074646 
v -3.0168282985687256 1.326425552368164 0.4878348112106323 
v -3.047696590423584 1.3178558349609375 0.393692284822464 
v -3.0697455406188965 1.3007162809371948 0.30477991700172424 
v -3.082974910736084 1.2771494388580322 0.2210976630449295 
v -3.0873847007751465 1.2471553087234497 0.15049077570438385 
v -3.0962040424346924 1.2193036079406738 0.09034416824579239 
v -3.1050236225128174 1.2000216245651245 0.03804276883602142 
v -3.1138432025909424 1.1893093585968018 -0.00641342019662261 
v -3.118252992630005 1.176454782485962 -0.043024398386478424 
v -3.118252992630005 1.170027494430542 -0.0822504535317421 
v -3.118252992630005 1.1785972118377686 -0.11624635756015778 
v -3.10943341255188 1.2043064832687378 -0.14762720465660095 
v -3.0962040424346924 1.2321581840515137 -0.19208338856697083 
v -3.082974910736084 1.2600098848342896 -0.2443847954273224 
v -3.065335750579834 1.2835767269134521 -0.31237661838531494 
v -3.0432870388031006 1.3028587102890015 -0.3908286988735199 
v -3.012418508529663 1.3135709762573242 -0.48758628964424133 
v -2.9727306365966797 1.3242831230163574 -0.6000342965126038 
v -2.9065840244293213 1.3307104110717773 -0.7386330366134644 
v -2.8007495403289795 1.3285679817199707 -0.9059975147247314 
v -2.6772758960723877 1.3135709762573242 -1.083822250366211 
v -2.553802490234375 1.2921465635299683 -1.256416916847229 
v -2.430328845977783 1.2707221508026123 -1.4159361124038696 
v -2.302445650100708 1.2471553087234497 -1.562380075454712 
v -2.1745622158050537 1.230015754699707 -1.6879034042358398 
v -2.0378594398498535 1.2257308959960938 -1.792506217956543 
v -1.8570587635040283 1.245012879371643 -1.8761885166168213 
v -1.6365703344345093 1.2750070095062256 -1.95987069606781 
v -1.3896231651306152 1.311428427696228 -2.046168088912964 
v -1.1206271648406982 1.3457075357437134 -2.129850149154663 
v -0.7987139821052551 1.3607045412063599 -2.2135324478149414 
v -0.4635714590549469 1.3671319484710693 -2.3076751232147217 
v -0.12401918321847916 1.3714168071746826 -2.378281831741333 
v 0.21553310751914978 1.375701665878296 -2.4305832386016846 
v 0.5594951510429382 1.3821289539337158 -2.4619641304016113 
v 0.9034572243690491 1.3885563611984253 -2.4698092937469482 
v 1.2474192380905151 1.390698790550232 -2.4541189670562744 
v 1.591381311416626 1.3864139318466187 -2.412277936935425 
v 1.9309335947036743 1.375701665878296 -2.3469011783599854 
v 2.2616662979125977 1.35427725315094 -2.257988691329956 
v 2.5659406185150146 1.3285679817199707 -2.16123104095459 
v 2.8172974586486816 1.3071435689926147 -2.0592434406280518 
v 3.0069174766540527 1.3071435689926147 -1.9415652751922607 
v 3.1744887828826904 1.3199982643127441 -1.8108117580413818 
v 3.3200111389160156 1.3349952697753906 -1.666982889175415 
v 3.44789457321167 1.35427725315094 -1.5153088569641113 
v 3.558138847351074 1.3735592365264893 -1.3662497997283936 
v 3.6507439613342285 1.390698790550232 -1.2171908617019653 
v 3.7301197052001953 1.4035533666610718 -1.0681318044662476 
v 3.791856527328491 1.412123203277588 -0.92168790102005 
v 3.8403639793395996 1.4164080619812012 -0.777859091758728 
v 3.8756422996520996 1.412123203277588 -0.6418754458427429 
v 3.897691011428833 1.3971260786056519 -0.5215821862220764 
v 3.9109203815460205 1.3714168071746826 -0.42220956087112427 
v 3.9197399616241455 1.3392802476882935 -0.3516026735305786 
v 3.924149751663208 1.3071435689926147 -0.30191633105278015 
v 3.924149751663208 1.2750070095062256 -0.2626902759075165 
v 3.924149751663208 1.2642947435379028 -0.2339245080947876 
v 3.9197399616241455 1.2750070095062256 -0.20515874028205872 
v 3.906510591506958 1.305001139640808 -0.17116282880306244 
v 3.897691011428833 1.34784996509552 -0.12932170927524567 
v 3.880052089691162 1.3885563611984253 -0.0691751018166542 
v 3.8580031394958496 1.422835350036621 0.019737280905246735 
v 3.8315443992614746 1.4464021921157837 0.13218529522418976 
v 3.4787628650665283 1.5985153913497925 0.2341730147600174 
v 3.500811815261841 1.577091097831726 0.10864966362714767 
v 3.522860527038574 1.5449544191360474 0.0014317899476736784 
v 3.5449094772338867 1.504248023033142 -0.0874805897474289 
v 3.5625486373901367 1.4528294801712036 -0.15024226903915405 
v 3.5713679790496826 1.390698790550232 -0.18162311613559723 
v 3.58459734916687 1.3371378183364868 -0.20515874028205872 
v 3.5890071392059326 1.3199982643127441 -0.2313094437122345 
v 3.5890071392059326 1.3435651063919067 -0.2522299885749817 
v 3.58459734916687 1.4099807739257812 -0.30453139543533325 
v 3.5801875591278076 1.4678266048431396 -0.3542177379131317 
v 3.566958427429199 1.5192451477050781 -0.42220956087112427 
v 3.5449094772338867 1.5578091144561768 -0.5163520574569702 
v 3.509631395339966 1.5792335271835327 -0.6340302228927612 
v 3.4699432849884033 1.589945673942566 -0.7647837400436401 
v 3.421435832977295 1.5920881032943726 -0.9059975147247314 
v 3.359699010848999 1.5856608152389526 -1.0550564527511597 
v 3.2891428470611572 1.5706636905670166 -1.2093455791473389 
v 3.205357074737549 1.5513817071914673 -1.3662497997283936 
v 3.1127519607543945 1.5235300064086914 -1.5231540203094482 
v 3.0069174766540527 1.4935358762741089 -1.6774431467056274 
v 2.8966732025146484 1.4571144580841064 -1.8212720155715942 
v 2.7908387184143066 1.4206929206848145 -1.9467953443527222 
v 2.71146297454834 1.390698790550232 -2.035707712173462 
v 2.5130233764648438 1.429262638092041 -2.0932393074035645 
v 2.535072088241577 1.5021055936813354 -1.9886364936828613 
v 2.596808910369873 1.56209397315979 -1.855267882347107 
v 2.6805944442749023 1.6156549453735352 -1.7062089443206787 
v 2.7643802165985107 1.6606462001800537 -1.549304723739624 
v 2.8437559604644775 1.6949251890182495 -1.387170433998108 
v 2.918722152709961 1.7206344604492188 -1.2250360250473022 
v 2.9848687648773193 1.7356315851211548 -1.0681318044662476 
v 3.0421957969665527 1.739916443824768 -0.9138427376747131 
v 3.0862934589385986 1.7334891557693481 -0.7673987746238708 
v 3.125981330871582 1.7163496017456055 -0.6366453170776367 
v 3.1568496227264404 1.6884979009628296 -0.5215821862220764 
v 3.178898572921753 1.643506646156311 -0.42743968963623047 
v 3.196537733078003 1.5813759565353394 -0.3594478666782379 
v 3.205357074737549 1.5128178596496582 -0.31237661838531494 
v 3.2097668647766113 1.4356900453567505 -0.27315056324005127 
v 3.214176654815674 1.4056957960128784 -0.2548450827598572 
v 3.2097668647766113 1.4142656326293945 -0.2260793000459671 
v 3.196537733078003 1.4699690341949463 -0.19208338856697083 
v 3.1833083629608154 1.5385271310806274 -0.15547241270542145 
v 3.1656692028045654 1.5942305326461792 -0.09532579779624939 
v 3.143620491027832 1.6456490755081177 -0.009028489701449871 
v 3.125981330871582 1.686355471611023 0.09818937629461288 
v 3.099522590637207 1.7163496017456055 0.2210976630449295 
v 3.0686542987823486 1.7356315851211548 0.3596963882446289 
v 3.0289664268493652 1.7442013025283813 0.4982950985431671 
v 2.9848687648773193 1.7420588731765747 0.6421239376068115 
v 2.9319515228271484 1.7249194383621216 0.7964130640029907 
v 2.8613951206207275 1.6906403303146362 0.9611625075340271 
v 2.786428928375244 1.6392217874526978 1.1363722085952759 
v 2.6982336044311523 1.5706636905670166 1.3115818500518799 
v 2.623267412185669 1.4913934469223022 1.47110116481781 
v 2.579169750213623 1.407838225364685 1.6070847511291504 
v 2.3057641983032227 1.4549719095230103 1.646310806274414 
v 1.9838508367538452 1.504248023033142 1.6855368614196777 
v 1.631069302558899 1.5428119897842407 1.714302659034729 
v 1.2694681882858276 1.5728061199188232 1.7299931049346924 
v 0.9078670144081116 1.5920881032943726 1.7352231740951538 
v 0.550675630569458 1.6006578207015991 1.727378010749817 
v 0.20671357214450836 1.5985153913497925 1.7116875648498535 
v -0.12401918321847916 1.5856608152389526 1.6907670497894287 
v -0.49443987011909485 1.5706636905670166 1.6567710638046265 
v -0.8692703247070312 1.5513817071914673 1.6096998453140259 
v -1.1911835670471191 1.5192451477050781 1.5652436017990112 
v -1.4601794481277466 1.4763963222503662 1.533862829208374 
v -1.6938972473144531 1.4249777793884277 1.4867914915084839 
v -1.9496639966964722 1.3842713832855225 1.4135695695877075 
v -2.148103713989258 1.35427725315094 1.353422999382019 
v -2.2274794578552246 1.3714168071746826 1.2514352798461914 
v -2.328904151916504 1.3928412199020386 1.1154515743255615 
v -2.4259190559387207 1.412123203277588 0.9768528938293457 
v -2.5141146183013916 1.4271202087402344 0.8408692479133606 
v -2.589080572128296 1.4378324747085571 0.7127308249473572 
v -2.650817394256592 1.4421173334121704 0.5976677536964417 
v -2.6993248462677 1.4378324747085571 0.4930649399757385 
v -2.734602928161621 1.429262638092041 0.393692284822464 
v -2.761061668395996 1.4099807739257812 0.30216485261917114 
v -2.778700828552246 1.3842713832855225 0.2184825986623764 
v -2.796339750289917 1.3521348237991333 0.14526064693927765 
v -2.8095691204071045 1.3157134056091309 0.0824989601969719 
v -2.8272082805633545 1.2900041341781616 0.030197560787200928 
v -2.8448472023010254 1.2771494388580322 -0.014258629642426968 
v -2.8624863624572754 1.2707221508026123 -0.056099750101566315 
v -2.875715732574463 1.2707221508026123 -0.09532579779624939 
v -2.8713059425354004 1.2921465635299683 -0.12670664489269257 
v -2.8624863624572754 1.3242831230163574 -0.15547241270542145 
v -2.8448472023010254 1.3564196825027466 -0.19208338856697083 
v -2.822798490524292 1.3885563611984253 -0.2469998598098755 
v -2.796339750289917 1.4164080619812012 -0.31499168276786804 
v -2.769881248474121 1.4399749040603638 -0.3986739218235016 
v -2.7390127182006836 1.4571144580841064 -0.5032767057418823 
v -2.6949150562286377 1.465684175491333 -0.6261849999427795 
v -2.6287684440612793 1.465684175491333 -0.772628903388977 
v -2.52734375 1.4549719095230103 -0.9452235698699951 
v -2.421509265899658 1.4335476160049438 -1.1282784938812256 
v -2.3156747817993164 1.407838225364685 -1.300873041152954 
v -2.214250087738037 1.375701665878296 -1.4603923559188843 
v -2.1172351837158203 1.3414226770401 -1.5989910364151 
v -2.0290398597717285 1.3092859983444214 -1.7114390134811401 
v -1.9628932476043701 1.2857191562652588 -1.7820459604263306 
v -1.8217806816101074 1.3178558349609375 -1.8265020847320557 
v 2.3322227001190186 1.5599515438079834 1.4920216798782349 
v -1.8438295125961304 1.3735592365264893 -1.7480500936508179 
v -1.9011565446853638 1.4249777793884277 -1.6382170915603638 
v -1.9673030376434326 1.472111463546753 -1.5022335052490234 
v -2.042269229888916 1.5149602890014648 -1.3453292846679688 
v -2.121644973754883 1.547096848487854 -1.1675045490264893 
v -2.2098402976989746 1.5706636905670166 -0.9739893078804016 
v -2.2892162799835205 1.583518385887146 -0.7935494780540466 
v -2.3509531021118164 1.583518385887146 -0.6418754458427429 
v -2.3950507640838623 1.5728061199188232 -0.5137370228767395 
v -2.4259190559387207 1.5535242557525635 -0.4065191447734833 
v -2.4523777961730957 1.525672435760498 -0.31760674715042114 
v -2.474426507949829 1.4913934469223022 -0.2496149241924286 
v -2.4964754581451416 1.4549719095230103 -0.19731353223323822 
v -2.509704828262329 1.412123203277588 -0.16070255637168884 
v -2.5141146183013916 1.3585621118545532 -0.14501212537288666 
v -2.5141146183013916 1.3242831230163574 -0.10840114951133728 
v -2.5052950382232666 1.3242831230163574 -0.06394495815038681 
v -2.492065668106079 1.3607045412063599 -0.01948877051472664 
v -2.474426507949829 1.3821289539337158 0.02496742084622383 
v -2.456787586212158 1.412123203277588 0.0798838883638382 
v -2.439148426055908 1.444259762763977 0.14526064693927765 
v -2.421509265899658 1.4785387516021729 0.2210976630449295 
v -2.3950507640838623 1.504248023033142 0.30739498138427734 
v -2.3685920238494873 1.5235300064086914 0.4041525721549988 
v -2.3333139419555664 1.5342422723770142 0.5087553858757019 
v -2.284806489944458 1.5385271310806274 0.6185883283615112 
v -2.231889247894287 1.5342422723770142 0.738881528377533 
v -2.170152425765991 1.5192451477050781 0.8670199513435364 
v -2.0995960235595703 1.4999631643295288 1.0030035972595215 
v -2.0290398597717285 1.4699690341949463 1.1494475603103638 
v -1.9717128276824951 1.4335476160049438 1.290661334991455 
v -1.6806679964065552 1.487108588218689 1.3508079051971436 
v -1.4160817861557007 1.5428119897842407 1.3978791236877441 
v -1.1382663249969482 1.5942305326461792 1.429260015487671 
v -0.8207628130912781 1.6327944993972778 1.4632558822631836 
v -0.4591616988182068 1.6627886295318604 1.4972518682479858 
v -0.11519964039325714 1.6884979009628296 1.5181723833084106 
v 0.2243526428937912 1.7056374549865723 1.5312477350234985 
v 0.5639049410820007 1.7120647430419922 1.5443230867385864 
v 0.9166865348815918 1.707779884338379 1.5495532751083374 
v 1.278287649154663 1.6906403303146362 1.5495532751083374 
v 1.6442985534667969 1.6606462001800537 1.533862829208374 
v 2.0014898777008057 1.6177973747253418 1.5155572891235352 
v 2.3851399421691895 1.6563613414764404 1.3168120384216309 
v 2.442466974258423 1.7334891557693481 1.1285269260406494 
v 2.032358407974243 1.722777009010315 1.3298873901367188 
v 1.6619377136230469 1.7699106931686401 1.3455777168273926 
v 1.2915170192718506 1.7956199645996094 1.3560380935668945 
v 0.934325635433197 1.8106169700622559 1.3560380935668945 
v 0.581544041633606 1.8106169700622559 1.353422999382019 
v 0.23758195340633392 1.7999048233032227 1.3455777168273926 
v -0.10197032988071442 1.77633798122406 1.3403476476669312 
v -0.43711283802986145 1.739916443824768 1.3325023651123047 
v -0.7854846715927124 1.701352596282959 1.3115818500518799 
v -1.1073979139328003 1.6542189121246338 1.285431146621704 
v -1.4028525352478027 1.5963729619979858 1.254050374031067 
v -1.7115364074707031 1.5363847017288208 1.2043639421463013 
v -1.7600438594818115 1.5728061199188232 1.055305004119873 
v -1.4204915761947632 1.6392217874526978 1.1076064109802246 
v -1.1029881238937378 1.6992101669311523 1.1416022777557373 
v -0.7722553610801697 1.7527711391448975 1.1572927236557007 
v -0.43711283802986145 1.804189682006836 1.1651378870010376 
v -0.0931507870554924 1.8448960781097412 1.1625229120254517 
v 0.25081127882003784 1.872747778892517 1.1599078178405762 
v 0.5991830825805664 1.8877447843551636 1.1625229120254517 
v 0.9519646763801575 1.8898873329162598 1.1651378870010376 
v 1.3135658502578735 1.8813174962997437 1.1625229120254517 
v 1.6928060054779053 1.8556082248687744 1.1520625352859497 
v 2.0720462799072266 1.8084745407104492 1.1389871835708618 
v 2.5042037963867188 1.7913349866867065 0.9480871558189392 
v 2.5571210384368896 1.8320413827896118 0.7807226777076721 
v 2.1161439418792725 1.8706053495407104 0.9533172845840454 
v 1.7236744165420532 1.9198814630508423 0.9663926362991333 
v 1.340024471282959 1.9434483051300049 0.974237859249115 
v 0.9740135669708252 1.9520180225372314 0.9768528938293457 
v 0.6168221831321716 1.9477331638336182 0.9768528938293457 
v 0.2684503495693207 1.9284511804580688 0.9768528938293457 
v -0.08433125168085098 1.8963146209716797 0.9846981167793274 
v -0.43711283802986145 1.8491809368133545 0.9977734684944153 
v -0.7854846715927124 1.7934775352478027 1.0030035972595215 
v -1.1206271648406982 1.7334891557693481 0.9951583743095398 
v -1.464589238166809 1.6692159175872803 0.9611625075340271 
v -1.817370891571045 1.6006578207015991 0.9140912294387817 
v -1.8658783435821533 1.6177973747253418 0.7833377122879028 
v -1.504277229309082 1.6906403303146362 0.825178861618042 
v -1.1514955759048462 1.7570559978485107 0.8539445996284485 
v -0.7987139821052551 1.819186806678772 0.8539445996284485 
v -0.44152262806892395 1.879175066947937 0.8356391191482544 
v -0.07992147654294968 1.9284511804580688 0.8121035099029541 
v 0.2816796600818634 1.9648727178573608 0.7990281581878662 
v 0.6388710141181946 1.9862971305847168 0.7964130640029907 
v 1.0004721879959106 1.9927244186401367 0.7964130640029907 
v 1.370892882347107 1.9841545820236206 0.7990281581878662 
v 1.7589526176452637 1.9627302885055542 0.7911829352378845 
v 2.1602416038513184 1.9134541749954224 0.7807226777076721 
v 2.6012187004089355 1.8491809368133545 0.6264334917068481 
v 2.6364967823028564 1.8513233661651611 0.4826046824455261 
v 2.1955199241638184 1.9327360391616821 0.6238184571266174 
v 1.7898210287094116 1.9841545820236206 0.6316636800765991 
v 1.4017612934112549 2.007721424102783 0.6316636800765991 
v 1.0225210189819336 2.014148712158203 0.6264334917068481 
v 0.6565101146697998 2.0055789947509766 0.6238184571266174 
v 0.290499210357666 1.9841545820236206 0.6264334917068481 
v -0.07551170885562897 1.9434483051300049 0.644739031791687 
v -0.44593238830566406 1.8920297622680664 0.676119863986969 
v -0.8163530826568604 1.8298989534378052 0.707500696182251 
v -1.1735444068908691 1.7656257152557373 0.7153459191322327 
v -1.539555311203003 1.6970677375793457 0.6944253444671631 
v -1.9143857955932617 1.6242246627807617 0.6578143835067749 
v -1.9496639966964722 1.6199398040771484 0.5401362180709839 
v -1.5704237222671509 1.6949251890182495 0.5689019560813904 
v -1.2000030279159546 1.761340856552124 0.5845924019813538 
v -0.8295823931694031 1.8277565240859985 0.5636718273162842 
v -0.4503421485424042 1.8898873329162598 0.5244457721710205 
v -0.07110194116830826 1.9434483051300049 0.4878348112106323 
v 0.30372852087020874 1.9841545820236206 0.46168410778045654 
v 0.674149215221405 2.007721424102783 0.45906904339790344 
v 1.048979640007019 2.0184335708618164 0.46691423654556274 
v 1.4282199144363403 2.0120062828063965 0.47475945949554443 
v 1.8206894397735596 1.9862971305847168 0.47998958826065063 
v 2.2307980060577393 1.9348784685134888 0.47737452387809753 
v 2.6717751026153564 1.8384686708450317 0.3440059721469879 
v 2.6982336044311523 1.8149018287658691 0.2106373906135559 
v 2.2616662979125977 1.922023892402649 0.3361607491970062 
v 1.851557731628418 1.9734424352645874 0.3335456848144531 
v 1.4546785354614258 1.99700927734375 0.32831552624702454 
v 1.071028470993042 2.0012941360473633 0.31524020433425903 
v 0.6917882561683655 1.9927244186401367 0.30477991700172424 
v 0.31254804134368896 1.9670151472091675 0.31001004576683044 
v -0.07110194116830826 1.9284511804580688 0.3361607491970062 
v -0.4591616988182068 1.8748902082443237 0.3806169331073761 
v -0.8428117036819458 1.8127593994140625 0.43030327558517456 
v -1.2220518589019775 1.7484862804412842 0.45645397901535034 
v -1.5968823432922363 1.679928183555603 0.45122382044792175 
v -1.984942078590393 1.6070852279663086 0.42768821120262146 
v -2.0114006996154785 1.5878032445907593 0.32308539748191833 
v -1.6189311742782593 1.658503770828247 0.3387758135795593 
v -1.2396910190582275 1.722777009010315 0.3387758135795593 
v -0.8560410141944885 1.7849076986312866 0.30477991700172424 
v -0.4635714590549469 1.8448960781097412 0.24986344575881958 
v -0.07110194116830826 1.894172191619873 0.20017710328102112 
v 0.31695783138275146 1.9327360391616821 0.17141133546829224 
v 0.7050175666809082 1.9563028812408447 0.16618120670318604 
v 1.0886675119400024 1.9670151472091675 0.17402641475200653 
v 1.4811371564865112 1.9627302885055542 0.18710176646709442 
v 1.8780163526535034 1.9391634464263916 0.19756203889846802 
v 2.2881250381469727 1.8920297622680664 0.20017710328102112 
v 2.7246923446655273 1.77633798122406 0.08772909641265869 
v 2.7423312664031982 1.7270618677139282 -0.01948877051472664 
v 2.3145835399627686 1.8470385074615479 0.0772688165307045 
v 1.9044749736785889 1.8920297622680664 0.0720386803150177 
v 1.4987761974334717 1.9134541749954224 0.06157840043306351 
v 1.1063066720962524 1.9198814630508423 0.048503048717975616 
v 0.7138371467590332 1.9091691970825195 0.04065784066915512 
v 0.3213675916194916 1.885602355003357 0.048503048717975616 
v -0.07110194116830826 1.8470385074615479 0.0798838883638382 
v -0.4723910093307495 1.7999048233032227 0.12957021594047546 
v -0.8692703247070312 1.7442013025283813 0.18971683084964752 
v -1.257330060005188 1.686355471611023 0.2315579503774643 
v -1.6409800052642822 1.626367211341858 0.2367880940437317 
v -2.033449649810791 1.5578091144561768 0.2289428859949112 
v -2.051088571548462 1.5235300064086914 0.14526064693927765 
v -1.6542093753814697 1.5878032445907593 0.14526064693927765 
v -1.2705594301223755 1.6413642168045044 0.13480035960674286 
v -0.8780898451805115 1.6949251890182495 0.09034416824579239 
v -0.4768007695674896 1.7463438510894775 0.02758249081671238 
v -0.07551170885562897 1.7913349866867065 -0.024718910455703735 
v 0.3257773518562317 1.8298989534378052 -0.06132989004254341 
v 0.7226566672325134 1.8556082248687744 -0.0691751018166542 
v 1.1195359230041504 1.864177942276001 -0.06132989004254341 
v 1.5164152383804321 1.857750654220581 -0.04563947021961212 
v 1.9221141338348389 1.836326241493225 -0.03779425844550133 
v 2.3322227001190186 1.7913349866867065 -0.029949050396680832 
v 2.7643802165985107 1.6670734882354736 -0.10317101329565048 
v 2.7820191383361816 1.5985153913497925 -0.16331762075424194 
v 2.354271650314331 1.7292042970657349 -0.11886142939329147 
v 1.9397531747817993 1.77633798122406 -0.12670664489269257 
v 1.5296446084976196 1.797762393951416 -0.13455185294151306 
v 1.123945713043213 1.804189682006836 -0.15024226903915405 
v 0.7270664572715759 1.7934775352478027 -0.16070255637168884 
v 0.3257773518562317 1.7656257152557373 -0.15024226903915405 
v -0.07992147654294968 1.7249194383621216 -0.11363129317760468 
v -0.4812105596065521 1.6820706129074097 -0.056099750101566315 
v -0.8869093656539917 1.6370793581008911 0.006661930121481419 
v -1.279378890991211 1.5920881032943726 0.05373318865895271 
v -1.6718484163284302 1.547096848487854 0.069423608481884 
v -2.068727731704712 1.487108588218689 0.0746537521481514 
v -2.086366891860962 1.4549719095230103 0.017122209072113037 
v -1.6850777864456177 1.504248023033142 0.009277000091969967 
v -1.288198471069336 1.540669560432434 -0.01164355967193842 
v -0.8913191556930542 1.577091097831726 -0.058714818209409714 
v -0.49003008008003235 1.6135125160217285 -0.12147650122642517 
v -0.08433125168085098 1.6563613414764404 -0.17639297246932983 
v 0.3213675916194916 1.6970677375793457 -0.2156190127134323 
v 0.7270664572715759 1.7292042970657349 -0.223464235663414 
v 1.1283555030822754 1.739916443824768 -0.2130039483308792 
v 1.538464069366455 1.7313467264175415 -0.19469845294952393 
v 1.9529825448989868 1.7099223136901855 -0.18685324490070343 
v 2.3675007820129395 1.6563613414764404 -0.17900803685188293 
v 2.7908387184143066 1.5128178596496582 -0.19208338856697083 
v 2.804068088531494 1.444259762763977 -0.223464235663414 
v 2.3763203620910645 1.5578091144561768 -0.20254367589950562 
v 1.9573922157287598 1.6242246627807617 -0.20515874028205872 
v 1.538464069366455 1.643506646156311 -0.2130039483308792 
v 1.132765293121338 1.6606462001800537 -0.2469998598098755 
v 0.7226566672325134 1.658503770828247 -0.2626902759075165 
v 0.31695783138275146 1.6327944993972778 -0.2574601471424103 
v -0.08874101936817169 1.589945673942566 -0.2208491563796997 
v -0.49443987011909485 1.5492392778396606 -0.16593268513679504 
v -0.8957289457321167 1.5192451477050781 -0.10578607767820358 
v -1.297018051147461 1.4956783056259155 -0.06132989004254341 
v -1.6938972473144531 1.4699690341949463 -0.040409330278635025 
v -2.0995960235595703 1.4206929206848145 -0.027333980426192284 
v -2.1084156036376953 1.3607045412063599 -0.0796353816986084 
v -1.7027168273925781 1.4099807739257812 -0.09009566158056259 
v -1.3014277219772339 1.4485446214675903 -0.10317101329565048 
v -0.9001386761665344 1.459256887435913 -0.14762720465660095 
v -0.49443987011909485 1.472111463546753 -0.20777380466461182 
v -0.08874101936817169 1.4763963222503662 -0.2626902759075165 
v 0.31254804134368896 1.4849661588668823 -0.28622591495513916 
v 0.7182468771934509 1.5106754302978516 -0.28622591495513916 
v 1.1283555030822754 1.5320998430252075 -0.2653053402900696 
v 1.5428738594055176 1.5556666851043701 -0.2626902759075165 
v 1.9618020057678223 1.5320998430252075 -0.2548450827598572 
v 2.3851399421691895 1.4763963222503662 -0.2469998598098755 
v 2.812887668609619 1.444259762763977 -0.2548450827598572 
v 2.8084778785705566 1.4849661588668823 -0.27838069200515747 
v 2.3939595222473145 1.4742538928985596 -0.28361085057258606 
v 1.9662117958068848 1.5235300064086914 -0.28361085057258606 
v 1.5428738594055176 1.540669560432434 -0.30976155400276184 
v 1.1283555030822754 1.5213875770568848 -0.30714645981788635 
v 0.7182468771934509 1.5021055936813354 -0.32022181153297424 
v 0.31254804134368896 1.4742538928985596 -0.32022181153297424 
v -0.08874101936817169 1.450687050819397 -0.29930126667022705 
v -0.49884963035583496 1.4399749040603638 -0.2469998598098755 
v -0.9045484662055969 1.4249777793884277 -0.19469845294952393 
v -1.3058375120162964 1.4185504913330078 -0.15024226903915405 
v -1.7027168273925781 1.3864139318466187 -0.13455185294151306 
v -2.112825393676758 1.3607045412063599 -0.12147650122642517 
v -2.1172351837158203 1.429262638092041 -0.13978199660778046 
v -1.7071266174316406 1.4356900453567505 -0.16331762075424194 
v -1.3058375120162964 1.450687050819397 -0.20777380466461182 
v -0.9045484662055969 1.4678266048431396 -0.2443847954273224 
v -0.49884963035583496 1.4999631643295288 -0.29407110810279846 
v -0.0931507870554924 1.5320998430252075 -0.3489875793457031 
v 0.31254804134368896 1.604942798614502 -0.3568328022956848 
v 0.7226566672325134 1.6306520700454712 -0.3568328022956848 
v 1.132765293121338 1.6285096406936646 -0.377753347158432 
v 1.54728364944458 1.5878032445907593 -0.3411423861980438 
v 1.9706215858459473 1.5942305326461792 -0.30191633105278015 
v 2.398369312286377 1.547096848487854 -0.30453139543533325 
v 2.804068088531494 1.583518385887146 -0.32022181153297424 
v 2.7908387184143066 1.6627886295318604 -0.3725232183933258 
v 2.3939595222473145 1.6477915048599243 -0.3437574505805969 
v 1.9706215858459473 1.6992101669311523 -0.3516026735305786 
v 1.54728364944458 1.7206344604492188 -0.3594478666782379 
v 1.1371750831604004 1.7334891557693481 -0.3829835057258606 
v 0.7270664572715759 1.718492031097412 -0.4091342091560364 
v 0.31695783138275146 1.6820706129074097 -0.4143643379211426 
v -0.08874101936817169 1.6392217874526978 -0.3882136344909668 
v -0.49884963035583496 1.5942305326461792 -0.3385273218154907 
v -0.9001386761665344 1.5556666851043701 -0.28622591495513916 
v -1.3014277219772339 1.5192451477050781 -0.2443847954273224 
v -1.7027168273925781 1.5171027183532715 -0.18946832418441772 
v -2.112825393676758 1.4785387516021729 -0.16854776442050934 
v -2.0995960235595703 1.5213875770568848 -0.2103888839483261 
v -1.6983070373535156 1.56852126121521 -0.2365395873785019 
v -1.297018051147461 1.6028003692626953 -0.26792043447494507 
v -0.8957289457321167 1.6349369287490845 -0.31760674715042114 
v -0.49443987011909485 1.679928183555603 -0.3699081540107727 
v -0.08874101936817169 1.7292042970657349 -0.4169794023036957 
v 0.31695783138275146 1.7720531225204468 -0.44836026430130005 
v 0.7270664572715759 1.7956199645996094 -0.45359039306640625 
v 1.1371750831604004 1.8020472526550293 -0.44051504135131836 
v 1.54728364944458 1.7891925573349 -0.4169794023036957 
v 1.9662117958068848 1.7699106931686401 -0.4065191447734833 
v 2.3851399421691895 1.7270618677139282 -0.3960588574409485 
v 2.7776095867156982 1.7377740144729614 -0.44836026430130005 
v 2.7599704265594482 1.7891925573349 -0.5451178550720215 
v 2.371910572052002 1.7999048233032227 -0.47189587354660034 
v 1.9573922157287598 1.836326241493225 -0.48235616087913513 
v 1.5428738594055176 1.8556082248687744 -0.495431512594223 
v 1.132765293121338 1.8663204908370972 -0.5163520574569702 
v 0.7226566672325134 1.8598930835723877 -0.5268123745918274 
v 0.31695783138275146 1.8384686708450317 -0.5189671516418457 
v -0.08433125168085098 1.7999048233032227 -0.48497122526168823 
v -0.49003008008003235 1.754913568496704 -0.43528491258621216 
v -0.8913191556930542 1.707779884338379 -0.377753347158432 
v -1.288198471069336 1.664931058883667 -0.33329716324806213 
v -1.6850777864456177 1.6199398040771484 -0.29668620228767395 
v -2.086366891860962 1.5663788318634033 -0.2653053402900696 
v -2.068727731704712 1.604942798614502 -0.33329716324806213 
v -1.6718484163284302 1.6692159175872803 -0.3725232183933258 
v -1.279378890991211 1.7206344604492188 -0.4117492735385895 
v -0.882499635219574 1.7699106931686401 -0.45882052183151245 
v -0.48562031984329224 1.8170443773269653 -0.5163520574569702 
v -0.08433125168085098 1.8598930835723877 -0.5686534643173218 
v 0.31695783138275146 1.894172191619873 -0.6026493906974792 
v 0.7182468771934509 1.915596604347229 -0.6131096482276917 
v 1.123945713043213 1.922023892402649 -0.6078795194625854 
v 1.5340543985366821 1.915596604347229 -0.5921890735626221 
v 1.9485727548599243 1.8984570503234863 -0.5817288160324097 
v 2.3586814403533936 1.857750654220581 -0.5712685585021973 
v 2.7335116863250732 1.825614094734192 -0.6627959609031677 
v 2.6982336044311523 1.8491809368133545 -0.7961645722389221 
v 2.336632490158081 1.9048843383789062 -0.6889466643333435 
v 1.9309335947036743 1.954160451889038 -0.7020220160484314 
v 1.5208250284194946 1.9713000059127808 -0.7072522044181824 
v 1.110716462135315 1.9734424352645874 -0.7177124619483948 
v 0.7094273567199707 1.9627302885055542 -0.7150973677635193 
v 0.30813828110694885 1.9413058757781982 -0.7020220160484314 
v -0.08433125168085098 1.907026767730713 -0.6654110550880432 
v -0.4812105596065521 1.8663204908370972 -0.6131096482276917 
v -0.8780898451805115 1.819186806678772 -0.5555781126022339 
v -1.2705594301223755 1.767768144607544 -0.5058917999267578 
v -1.6586191654205322 1.7099223136901855 -0.46143558621406555 
v -2.0466787815093994 1.6413642168045044 -0.4195944666862488 
v -2.024630069732666 1.6670734882354736 -0.5241972804069519 
v -1.6409800052642822 1.7420588731765747 -0.5686534643173218 
v -1.257330060005188 1.804189682006836 -0.6157247424125671 
v -0.8692703247070312 1.8556082248687744 -0.6654110550880432 
v -0.4768007695674896 1.9048843383789062 -0.722942590713501 
v -0.08874101936817169 1.9455907344818115 -0.7752439975738525 
v 0.29931873083114624 1.9777272939682007 -0.8144700527191162 
v 0.696198046207428 2.00343656539917 -0.8353906273841858 
v 1.093077301979065 2.0184335708618164 -0.8432357907295227 
v 1.4987761974334717 2.020576238632202 -0.8432357907295227 
v 1.9088847637176514 1.9991517066955566 -0.840620756149292 
v 2.310173749923706 1.9391634464263916 -0.8249303102493286 
v 2.658545732498169 1.8620355129241943 -0.9426084756851196 
v 2.605628490447998 1.8598930835723877 -1.0968976020812988 
v 2.2704858779907227 1.9584453105926514 -0.9739893078804016 
v 1.8780163526535034 2.0248610973358154 -0.989679753780365 
v 1.4723175764083862 2.0527126789093018 -0.989679753780365 
v 1.071028470993042 2.0548551082611084 -0.9844496250152588 
v 0.6785589456558228 2.0355732440948486 -0.9687591791152954 
v 0.290499210357666 2.007721424102783 -0.9426084756851196 
v -0.0931507870554924 1.9713000059127808 -0.9007673859596252 
v -0.4768007695674896 1.9305936098098755 -0.8484659790992737 
v -0.8604507446289062 1.8813174962997437 -0.7909344434738159 
v -1.2396910190582275 1.825614094734192 -0.7360179424285889 
v -1.6189311742782593 1.761340856552124 -0.6863316297531128 
v -1.993761658668518 1.6820706129074097 -0.6497206687927246 
v -1.9452542066574097 1.6842130422592163 -0.7987796068191528 
v -1.5924725532531738 1.767768144607544 -0.8223152756690979 
v -1.2220518589019775 1.836326241493225 -0.872001588344574 
v -0.851631224155426 1.894172191619873 -0.926918089389801 
v -0.4768007695674896 1.9434483051300049 -0.9844496250152588 
v -0.10197032988071442 1.9884395599365234 -1.0393661260604858 
v 0.2728601098060608 2.0248610973358154 -1.0864373445510864 
v 0.6521003246307373 2.0548551082611084 -1.1152031421661377 
v 1.0445698499679565 2.0719947814941406 -1.1361236572265625 
v 1.4414491653442383 2.0655672550201416 -1.146583914756775 
v 1.83832848072052 2.0291459560394287 -1.146583914756775 
v 2.2219784259796143 1.9584453105926514 -1.1282784938812256 
v 2.543891668319702 1.8427536487579346 -1.256416916847229 
v 2.4777450561523438 1.8127593994140625 -1.4211663007736206 
v 2.1690611839294434 1.9413058757781982 -1.2904127836227417 
v 1.7898210287094116 2.0120062828063965 -1.3087183237075806 
v 1.4017612934112549 2.050570249557495 -1.3087183237075806 
v 1.0137014389038086 2.063424825668335 -1.2956429719924927 
v 0.6300514936447144 2.050570249557495 -1.2721072435379028 
v 0.25963079929351807 2.0248610973358154 -1.2381113767623901 
v -0.11078987270593643 1.9862971305847168 -1.1910401582717896 
v -0.4768007695674896 1.9413058757781982 -1.1361236572265625 
v -0.8428117036819458 1.8920297622680664 -1.07859206199646 
v -1.204412817955017 1.8320413827896118 -1.021060585975647 
v -1.5616041421890259 1.761340856552124 -0.9792194366455078 
v -1.8835173845291138 1.673500895500183 -0.9739893078804016 
v -1.817370891571045 1.6520764827728271 -1.1727346181869507 
v -1.51750648021698 1.7420588731765747 -1.1570441722869873 
v -1.1867737770080566 1.8127593994140625 -1.183194875717163 
v -0.8295823931694031 1.8706053495407104 -1.2407264709472656 
v -0.4768007695674896 1.922023892402649 -1.300873041152954 
v -0.11960940808057785 1.9648727178573608 -1.3531744480133057 
v 0.24199172854423523 1.9991517066955566 -1.4002457857131958 
v 0.6080026626586914 2.022718667984009 -1.4342416524887085 
v 0.9828330874443054 2.0291459560394287 -1.4603923559188843 
v 1.362073302268982 2.014148712158203 -1.4734677076339722 
v 1.7369037866592407 1.9713000059127808 -1.4734677076339722 
v 2.11173415184021 1.9027419090270996 -1.4551621675491333 
v 2.407188892364502 1.767768144607544 -1.5859156847000122 
v 2.3410422801971436 1.7120647430419922 -1.7480500936508179 
v 2.049997329711914 1.8534657955169678 -1.6225266456604004 
v 1.6883963346481323 1.915596604347229 -1.6408321857452393 
v 1.3223854303359985 1.954160451889038 -1.6434472799301147 
v 0.9519646763801575 1.9713000059127808 -1.6303719282150269 
v 0.5859537720680237 1.9691575765609741 -1.6068363189697266 
v 0.2287624180316925 1.9498755931854248 -1.5728403329849243 
v -0.12401918321847916 1.9198814630508423 -1.5257691144943237 
v -0.4723910093307495 1.8813174962997437 -1.4734677076339722 
v -0.8207628130912781 1.8341838121414185 -1.4107060432434082 
v -1.1647249460220337 1.7784804105758667 -1.3557895421981812 
v -1.4778186082839966 1.7056374549865723 -1.3479443788528442 
v -1.7600438594818115 1.6156549453735352 -1.3610197305679321 
v -1.7071266174316406 1.5642364025115967 -1.5257691144943237 
v -1.4337208271026611 1.6499340534210205 -1.5336142778396606 
v -1.1426759958267212 1.722777009010315 -1.5362293720245361 
v -0.8075335025787354 1.7741955518722534 -1.5859156847000122 
v -0.4679812490940094 1.8149018287658691 -1.6512924432754517 
v -0.12401918321847916 1.8491809368133545 -1.7062089443206787 
v 0.2199428826570511 1.8748902082443237 -1.7506650686264038 
v 0.572724461555481 1.8898873329162598 -1.784661054611206 
v 0.925506055355072 1.8898873329162598 -1.8055815696716309 
v 1.287107229232788 1.872747778892517 -1.8134267330169678 
v 1.6442985534667969 1.840611219406128 -1.8108117580413818 
v 1.9970802068710327 1.7849076986312866 -1.7872761487960815 
v 2.2793054580688477 1.643506646156311 -1.902339220046997 
v 2.2396175861358643 1.5642364025115967 -2.043552875518799 
v 1.9485727548599243 1.7034950256347656 -1.9467953443527222 
v 1.609020471572876 1.7463438510894775 -1.9755611419677734 
v 1.2606486082077026 1.7741955518722534 -1.9860213994979858 
v 0.9078670144081116 1.7870501279830933 -1.9834063053131104 
v 0.5594951510429382 1.7870501279830933 -1.9624857902526855 
v 0.21553310751914978 1.7741955518722534 -1.9311048984527588 
v -0.12401918321847916 1.754913568496704 -1.8840336799621582 
v -0.4635714590549469 1.7292042970657349 -1.8291171789169312 
v -0.7987139821052551 1.6949251890182495 -1.7585103511810303 
v -1.1250369548797607 1.6499340534210205 -1.7114390134811401 
v -1.4028525352478027 1.5813759565353394 -1.6931335926055908 
v -1.6586191654205322 1.504248023033142 -1.6695979833602905 
v -1.6277507543563843 1.4378324747085571 -1.7898911237716675 
v -1.3808035850524902 1.5021055936813354 -1.8343473672866821 
v -1.1118077039718628 1.5599515438079834 -1.8709583282470703 
v -0.7943041920661926 1.5963729619979858 -1.9232597351074219 
v -0.4635714590549469 1.622082233428955 -2.001711845397949 
v -0.12401918321847916 1.6392217874526978 -2.0618584156036377 
v 0.21553310751914978 1.6542189121246338 -2.1089296340942383 
v 0.5550854206085205 1.664931058883667 -2.140310525894165 
v 0.8990474343299866 1.6670734882354736 -2.156000852584839 
v 1.2430095672607422 1.658503770828247 -2.156000852584839 
v 1.5825618505477905 1.6413642168045044 -2.135080337524414 
v 1.9177043437957764 1.6092276573181152 -2.0984694957733154 
v 2.2307980060577393 1.4678266048431396 -2.163846254348755 
v 1.9132945537567139 1.4999631643295288 -2.2318379878997803 
v 1.578152060508728 1.5192451477050781 -2.284139394760132 
v 1.2385997772216797 1.5299574136734009 -2.3129050731658936 
v 0.8990474343299866 1.5320998430252075 -2.3207504749298096 
v 0.5550854206085205 1.5278148651123047 -2.3076751232147217 
v 0.21553310751914978 1.5213875770568848 -2.276294231414795 
v -0.12401918321847916 1.5106754302978516 -2.2292230129241943 
v -0.4635714590549469 1.4999631643295288 -2.163846254348755 
v -0.7943041920661926 1.4849661588668823 -2.0775487422943115 
v -1.1118077039718628 1.4571144580841064 -2.012172222137451 
v -1.3763939142227173 1.412123203277588 -1.9494104385375977 
v -1.6189311742782593 1.362847089767456 -1.8866487741470337 
vn -0.31714242696762085 -0.8247809410095215 0.46814218163490295 
vn -0.28531545400619507 -0.8341536521911621 0.4719987213611603 
vn -0.30067241191864014 -0.7862610816955566 0.5398051738739014 
vn -0.2651599645614624 -0.8038719892501831 0.5324283838272095 
vn -0.2808067202568054 -0.7567987442016602 0.590256929397583 
vn -0.3158673048019409 -0.7428489923477173 0.590256929397583 
vn -0.3391607999801636 -0.7830897569656372 0.5212872624397278 
vn -0.35890060663223267 -0.7371935844421387 0.5724822878837585 
vn -0.3591153025627136 -0.8028739094734192 0.4758462607860565 
vn -0.3246380388736725 -0.8429030776023865 0.42909738421440125 
vn -0.340465247631073 -0.6902175545692444 0.6385006904602051 
vn -0.2988894283771515 -0.7031214237213135 0.6452018022537231 
vn -0.26049715280532837 -0.7212214469909668 0.641857385635376 
vn -0.24665072560310364 -0.7713093161582947 0.5867242813110352 
vn -0.23995506763458252 -0.8141693472862244 0.528724730014801 
vn -0.2601180672645569 -0.844500720500946 0.46814218163490295 
vn -0.2857007086277008 -0.8646403551101685 0.41324591636657715 
vn -0.3282029330730438 -0.8588560223579407 0.3932546079158783 
vn -0.2928529977798462 -0.8768963813781738 0.3811691105365753 
vn -0.2585063576698303 -0.8712641596794128 0.417220801115036 
vn -0.23113422095775604 -0.8528891205787659 0.46814218163490295 
vn -0.23322275280952454 -0.8764747977256775 0.42118772864341736 
vn -0.2640802562236786 -0.8859862685203552 0.3811691105365753 
vn -0.29680076241493225 -0.8890268802642822 0.34862664341926575 
vn -0.3372083306312561 -0.869513988494873 0.36088213324546814 
vn -0.36646872758865356 -0.8255762457847595 0.42909738421440125 
vn -0.3868556022644043 -0.7555083632469177 0.528724730014801 
vn -0.37463533878326416 -0.6941424012184143 0.6146662831306458 
vn -0.35732361674308777 -0.639011800289154 0.681163489818573 
vn -0.313416451215744 -0.6483330726623535 0.6938546895980835 
vn -0.27368053793907166 -0.6594918370246887 0.7001210451126099 
vn -0.2752831280231476 -0.6621312499046326 0.6969945430755615 
vn -0.27128297090530396 -0.7202238440513611 0.6385006904602051 
vn -0.26824894547462463 -0.7694653272628784 0.5796254277229309 
vn -0.2615566849708557 -0.8123100996017456 0.5212872624397278 
vn -0.25486597418785095 -0.8503369688987732 0.46040233969688416 
vn -0.2496298849582672 -0.8757355213165283 0.41324591636657715 
vn -0.24053354561328888 -0.8891798853874207 0.3892335295677185 
vn -0.26800593733787537 -0.8981270790100098 0.34862664341926575 
vn -0.30753496289253235 -0.8976536989212036 0.31565824151039124 
vn -0.3409380614757538 -0.8809835910797119 0.3280687630176544 
vn -0.3754650950431824 -0.8411440253257751 0.3892335295677185 
vn -0.40120312571525574 -0.7803452014923096 0.4796847105026245 
vn -0.40870392322540283 -0.7078959941864014 0.5760593414306641 
vn -0.39573153853416443 -0.6401817798614502 0.6584556698799133 
vn -0.37614649534225464 -0.581175684928894 0.7216291427612305 
vn -0.33001288771629333 -0.5866767168045044 0.7395281791687012 
vn -0.28952381014823914 -0.5968595147132874 0.7482877969741821 
vn -0.2742147445678711 -0.6004465222358704 0.7511792182922363 
vn -0.2017972618341446 -0.6039989590644836 0.7710143327713013 
vn -0.1971358358860016 -0.6701662540435791 0.715552031993866 
vn -0.19570274651050568 -0.7267300486564636 0.6584556698799133 
vn -0.19419044256210327 -0.7781623601913452 0.5972883701324463 
vn -0.1962352842092514 -0.8210146427154541 0.5361219048500061 
vn -0.2020169049501419 -0.8560137152671814 0.4758462607860565 
vn -0.22027026116847992 -0.8779130578041077 0.42514660954475403 
vn -0.23502621054649353 -0.8941324353218079 0.3811691105365753 
vn -0.24795100092887878 -0.9022803902626038 0.3527185618877411 
vn -0.277082234621048 -0.908948540687561 0.31150925159454346 
vn -0.312900185585022 -0.9068615436553955 0.28230419754981995 
vn -0.34326279163360596 -0.8903670907020569 0.2990269064903259 
vn -0.37420931458473206 -0.8689255118370056 0.3239381015300751 
vn -0.375878244638443 -0.856916069984436 0.3527185618877411 
vn -0.4087115228176117 -0.8033873438835144 0.43303996324539185 
vn -0.42657238245010376 -0.7338161468505859 0.528724730014801 
vn -0.430963933467865 -0.6509255766868591 0.6249527335166931 
vn -0.4135238826274872 -0.5858298540115356 0.6969945430755615 
vn -0.39005881547927856 -0.5202000141143799 0.7597671151161194 
vn -0.34077805280685425 -0.5299440026283264 0.7765498161315918 
vn -0.30429258942604065 -0.5320746302604675 0.790128231048584 
vn -0.27923983335494995 -0.5339195132255554 0.7980946898460388 
vn -0.21677444875240326 -0.5356419086456299 0.8161473870277405 
vn -0.15258637070655823 -0.5573336482048035 0.8161473870277405 
vn -0.13645288348197937 -0.6220269203186035 0.7710143327713013 
vn -0.1273486167192459 -0.6836666464805603 0.7185974717140198 
vn -0.11821489781141281 -0.7403568625450134 0.661737859249115 
vn -0.11271462589502335 -0.7887636423110962 0.6042742133140564 
vn -0.110964834690094 -0.8247964978218079 0.5544344186782837 
vn -0.12408477813005447 -0.8533873558044434 0.5062933564186096 
vn -0.1352526843547821 -0.8732408881187439 0.46814218163490295 
vn -0.24221257865428925 -0.8869520425796509 0.3932546079158783 
vn -0.2333643138408661 -0.9061626195907593 0.3527185618877411 
vn -0.25534534454345703 -0.9152927398681641 0.31150925159454346 
vn -0.2824402153491974 -0.9180862903594971 0.2781098484992981 
vn -0.316508948802948 -0.9130948781967163 0.25706008076667786 
vn -0.34309151768684387 -0.8997484445571899 0.26970529556274414 
vn -0.37436267733573914 -0.8791549205780029 0.2948545813560486 
vn -0.40854504704475403 -0.8533200025558472 0.3239381015300751 
vn -0.41162562370300293 -0.8386032581329346 0.3568037748336792 
vn -0.4095933735370636 -0.825063943862915 0.3892335295677185 
vn -0.44089582562446594 -0.7586260437965393 0.4796847105026245 
vn -0.45644059777259827 -0.6750528812408447 0.5796254277229309 
vn -0.44687598943710327 -0.5983870029449463 0.6650074124336243 
vn -0.4287364184856415 -0.5272477269172668 0.7336177229881287 
vn -0.39844679832458496 -0.4702918529510498 0.7874425053596497 
vn -0.35287562012672424 -0.47095823287963867 0.8085030317306519 
vn -0.31313273310661316 -0.4771106541156769 0.8211658596992493 
vn -0.27847886085510254 -0.47731831669807434 0.8334367275238037 
vn -0.21886935830116272 -0.4792570173740387 0.8499464392662048 
vn -0.1628115177154541 -0.5010823607444763 0.8499464392662048 
vn -0.1249447837471962 -0.5232541561126709 0.8429672718048096 
vn -0.12333317846059799 -0.5790297985076904 0.8059239983558655 
vn -0.12180374562740326 -0.6352982521057129 0.762600839138031 
vn -0.12555450201034546 -0.6903549432754517 0.7124928832054138 
vn -0.1258183866739273 -0.7449389100074768 0.6551609039306641 
vn -0.12393766641616821 -0.7897432446479797 0.6007870435714722 
vn -0.12216465175151825 -0.8207550048828125 0.5580654144287109 
vn -0.12209247797727585 -0.8491718173027039 0.5138099193572998 
vn -0.11293000727891922 -0.8722483515739441 0.4758462607860565 
vn -0.1557791829109192 -0.8858816623687744 0.43697428703308105 
vn -0.2586328685283661 -0.8960318565368652 0.36088213324546814 
vn -0.23524406552314758 -0.9192497730255127 0.31565824151039124 
vn -0.2589257061481476 -0.9262455105781555 0.27391019463539124 
vn -0.28636014461517334 -0.9253071546554565 0.24860523641109467 
vn -0.3130936324596405 -0.9220996499061584 0.22738653421401978 
vn -0.3416808843612671 -0.9074894785881042 0.24437066912651062 
vn -0.37634211778640747 -0.8876253962516785 0.26549527049064636 
vn -0.4071216881275177 -0.8658862709999084 0.29067665338516235 
vn -0.43554872274398804 -0.8398579955101013 0.3239381015300751 
vn -0.44355592131614685 -0.8185762166976929 0.3649536371231079 
vn -0.4413127303123474 -0.8046247959136963 0.3972681760787964 
vn -0.4453735947608948 -0.7814702987670898 0.43697428703308105 
vn -0.47136828303337097 -0.7058768272399902 0.528724730014801 
vn -0.4739890396595001 -0.6202970743179321 0.6249527335166931 
vn -0.4655107855796814 -0.5414149761199951 0.7001210451126099 
vn -0.44044333696365356 -0.4737611711025238 0.762600839138031 
vn -0.40826505422592163 -0.41891589760780334 0.8110666871070862 
vn -0.365817129611969 -0.4190385043621063 0.8310141563415527 
vn -0.3194948136806488 -0.42822232842445374 0.8453097939491272 
vn -0.28138747811317444 -0.4321458041667938 0.8567795157432556 
vn -0.22668804228305817 -0.4378442168235779 0.8700028657913208 
vn -0.1767340898513794 -0.45620328187942505 0.872148871421814 
vn -0.13388705253601074 -0.4705641567707062 0.872148871421814 
vn -0.08248135447502136 -0.48223769664764404 0.872148871421814 
vn -0.0750507339835167 -0.5364181399345398 0.8406086564064026 
vn -0.07882902771234512 -0.586747407913208 0.8059239983558655 
vn -0.07710769027471542 -0.6422572731971741 0.762600839138031 
vn -0.08083617687225342 -0.697007417678833 0.7124928832054138 
vn -0.08466813713312149 -0.7478418946266174 0.6584556698799133 
vn -0.08650632202625275 -0.7894027829170227 0.607749879360199 
vn -0.09598015993833542 -0.8217644691467285 0.5616858005523682 
vn -0.10714989900588989 -0.8511863946914673 0.5138099193572998 
vn -0.11293000727891922 -0.8722483515739441 0.4758462607860565 
vn -0.1054142564535141 -0.8874300122261047 0.4487268626689911 
vn -0.17255336046218872 -0.9013341665267944 0.3972681760787964 
vn -0.26785677671432495 -0.9073681235313416 0.3239381015300751 
vn -0.23887889087200165 -0.930371880531311 0.2781098484992981 
vn -0.2628021240234375 -0.9333906173706055 0.24437066912651062 
vn -0.2900126576423645 -0.9316595196723938 0.21886809170246124 
vn -0.32055655121803284 -0.925487756729126 0.2017817199230194 
vn -0.345257043838501 -0.9136428833007812 0.21460255980491638 
vn -0.3714034855365753 -0.8991121649742126 0.23163928091526031 
vn -0.40098097920417786 -0.8805047869682312 0.25283506512641907 
vn -0.4377075433731079 -0.8536489009857178 0.28230419754981995 
vn -0.47075700759887695 -0.8254391551017761 0.31150925159454346 
vn -0.47282156348228455 -0.8038680553436279 0.36088213324546814 
vn -0.47226473689079285 -0.7827644944190979 0.405272513628006 
vn -0.47467154264450073 -0.7617702484130859 0.4409002661705017 
vn -0.47626784443855286 -0.7344270944595337 0.4835140109062195 
vn -0.49648377299308777 -0.6493531465530396 0.5760593414306641 
vn -0.4951017498970032 -0.5630073547363281 0.661737859249115 
vn -0.4807818830013275 -0.4847802519798279 0.7306414246559143 
vn -0.45460620522499084 -0.4213235676288605 0.7847417593002319 
vn -0.4229305386543274 -0.37236130237579346 0.8261215686798096 
vn -0.3764575719833374 -0.3791187107563019 0.8453097939491272 
vn -0.3317486345767975 -0.3849491477012634 0.8612531423568726 
vn -0.28267043828964233 -0.399316668510437 0.872148871421814 
vn -0.23720745742321014 -0.40583235025405884 0.882628321647644 
vn -0.18477730453014374 -0.41532543301582336 0.8907088041305542 
vn -0.1316031515598297 -0.42695093154907227 0.8946471214294434 
vn -0.0786931961774826 -0.4318266212940216 0.8985171914100647 
vn -0.02635778859257698 -0.4381462335586548 0.8985171914100647 
vn -0.024437645450234413 -0.4962419867515564 0.8678402304649353 
vn -0.026348907500505447 -0.5483353137969971 0.8358433246612549 
vn -0.024507367983460426 -0.5985376238822937 0.8007197380065918 
vn -0.026373835280537605 -0.6496601700782776 0.7597671151161194 
vn -0.02825377695262432 -0.7011102437973022 0.7124928832054138 
vn -0.03393736481666565 -0.7460653185844421 0.6650074124336243 
vn -0.04335341602563858 -0.7875949740409851 0.6146662831306458 
vn -0.05088670179247856 -0.8208348155021667 0.5688942670822144 
vn -0.06593023985624313 -0.8485379219055176 0.5250110030174255 
vn -0.07347181439399719 -0.8722477555274963 0.4835140109062195 
vn -0.11659038066864014 -0.8879998922348022 0.44481781125068665 
vn -0.10537007451057434 -0.9063116908073425 0.40926313400268555 
vn -0.18747641146183014 -0.9183202385902405 0.34862664341926575 
vn -0.27701058983802795 -0.9184603691101074 0.28230419754981995 
vn -0.24278326332569122 -0.9376842379570007 0.24860523641109467 
vn -0.2664327919483185 -0.9396591186523438 0.21460255980491638 
vn -0.2952892780303955 -0.9356666803359985 0.19321508705615997 
vn -0.32066237926483154 -0.9306912422180176 0.1760382205247879 
vn -0.3436167240142822 -0.920781135559082 0.18463370203971863 
vn -0.37001052498817444 -0.9068496823310852 0.2017817199230194 
vn -0.40284398198127747 -0.8887144923210144 0.21886809170246124 
vn -0.4299115836620331 -0.8703522086143494 0.2401314377784729 
vn -0.46614736318588257 -0.8425946235656738 0.26970529556274414 
vn -0.5079228281974792 -0.8093671798706055 0.2948545813560486 
vn -0.5101337432861328 -0.7880761027336121 0.34452807903289795 
vn -0.5121990442276001 -0.7614657878875732 0.3972681760787964 
vn -0.5135354995727539 -0.7337700128555298 0.44481781125068665 
vn -0.5105118751525879 -0.7084370851516724 0.48733407258987427 
vn -0.5083197355270386 -0.6797508597373962 0.528724730014801 
vn -0.5194289088249207 -0.5900316834449768 0.6181069612503052 
vn -0.5110294818878174 -0.503038227558136 0.6969945430755615 
vn -0.4910751283168793 -0.43118324875831604 0.7569189071655273 
vn -0.46343713998794556 -0.37957069277763367 0.8007197380065918 
vn -0.4300958812236786 -0.329233318567276 0.8406086564064026 
vn -0.38700631260871887 -0.33511635661125183 0.8590245246887207 
vn -0.3385564684867859 -0.34787517786026 0.87427818775177 
vn -0.2949388921260834 -0.3560476303100586 0.8867024183273315 
vn -0.23874686658382416 -0.3683297038078308 0.8985171914100647 
vn -0.19198961555957794 -0.3726567327976227 0.9078915119171143 
vn -0.13832741975784302 -0.37454473972320557 0.916832447052002 
vn -0.08017651736736298 -0.3705742359161377 0.9253358840942383 
vn -0.02629975602030754 -0.3701145350933075 0.9286137819290161 
vn 0.03190105780959129 -0.3778040111064911 0.9253358840942383 
vn 0.028186529874801636 -0.4575946033000946 0.888714075088501 
vn 0.0320129431784153 -0.5184341669082642 0.8545181155204773 
vn 0.037638090550899506 -0.5694471597671509 0.8211658596992493 
vn 0.033889446407556534 -0.6154557466506958 0.7874425053596497 
vn 0.033919308334589005 -0.6592262387275696 0.7511792182922363 
vn 0.024488255381584167 -0.7012518644332886 0.7124928832054138 
vn 0.011315918527543545 -0.7467510104179382 0.6650074124336243 
vn 0.0018844384467229247 -0.7833834886550903 0.6215357780456543 
vn -0.0056562600657343864 -0.8173882961273193 0.5760593414306641 
vn -0.01697133481502533 -0.8486236333847046 0.528724730014801 
vn -0.016979390755295753 -0.8730505108833313 0.48733407258987427 
vn -0.07719507813453674 -0.8883520364761353 0.45262736082077026 
vn -0.12781375646591187 -0.9034197926521301 0.40926313400268555 
vn -0.10164910554885864 -0.9286326169967651 0.3568037748336792 
vn -0.19864483177661896 -0.9333397746086121 0.2990269064903259 
vn -0.27730417251586914 -0.9291853308677673 0.24437066912651062 
vn -0.24457696080207825 -0.9455833435058594 0.21460255980491638 
vn -0.2736252248287201 -0.9422298669815063 0.19321508705615997 
vn -0.2991591691970825 -0.9378242492675781 0.1760382205247879 
vn -0.32226890325546265 -0.9332324862480164 0.15880759060382843 
vn -0.3455069661140442 -0.9241303205490112 0.16312000155448914 
vn -0.368263304233551 -0.9137226343154907 0.17173540592193604 
vn -0.39446139335632324 -0.8992814421653748 0.18892620503902435 
vn -0.43159839510917664 -0.8782154321670532 0.2060592919588089 
vn -0.46496325731277466 -0.8556310534477234 0.22738653421401978 
vn -0.5059337019920349 -0.8259700536727905 0.24860523641109467 
vn -0.5555781722068787 -0.786506175994873 0.26970529556274414 
vn -0.5573107600212097 -0.7645056247711182 0.3239381015300751 
vn -0.5574284195899963 -0.7396279573440552 0.37712597846984863 
vn -0.5548096299171448 -0.7103961110115051 0.43303996324539185 
vn -0.546545684337616 -0.6810237169265747 0.48733407258987427 
vn -0.5407251715660095 -0.6512574553489685 0.5324283838272095 
vn -0.5348556041717529 -0.6214447021484375 0.5724822878837585 
vn -0.5401811599731445 -0.5281746983528137 0.6551609039306641 
vn -0.5284279584884644 -0.44723066687583923 0.7216291427612305 
vn -0.5025439858436584 -0.38561558723449707 0.7737894654273987 
vn -0.472741037607193 -0.3322940170764923 0.8161473870277405 
vn -0.4386138916015625 -0.2851388454437256 0.8522403836250305 
vn -0.3949163854122162 -0.2887861132621765 0.872148871421814 
vn -0.34659427404403687 -0.3000994920730591 0.888714075088501 
vn -0.2994461953639984 -0.31008559465408325 0.9023185968399048 
vn -0.2433798760175705 -0.321553111076355 0.9150791168212891 
vn -0.18984879553318024 -0.318800687789917 0.9286137819290161 
vn -0.13539202511310577 -0.31457754969596863 0.9395264387130737 
vn -0.07615267485380173 -0.2999154031276703 0.9509214162826538 
vn -0.02063039317727089 -0.29203853011131287 0.9561840295791626 
vn 0.03191077709197998 -0.286815881729126 0.9574540853500366 
vn 0.09433504939079285 -0.29033342003822327 0.9522643685340881 
vn 0.08957728743553162 -0.39729559421539307 0.913308322429657 
vn 0.09549547731876373 -0.48371028900146484 0.8700028657913208 
vn 0.09741611778736115 -0.5476545691490173 0.8310141563415527 
vn 0.09388433396816254 -0.5951727628707886 0.7980946898460388 
vn 0.0938175767660141 -0.6332688331604004 0.7682244777679443 
vn 0.09206315129995346 -0.6668002009391785 0.7395281791687012 
vn 0.0828147903084755 -0.7061185240745544 0.7032341957092285 
vn 0.06961830705404282 -0.7464960217475891 0.661737859249115 
vn 0.05460445582866669 -0.7814804315567017 0.6215357780456543 
vn 0.047109756618738174 -0.8160492181777954 0.5760593414306641 
vn 0.035820119082927704 -0.8480371832847595 0.528724730014801 
vn 0.03205673024058342 -0.8747494220733643 0.4835140109062195 
vn -0.024504078552126884 -0.8913630247116089 0.45262736082077026 
vn -0.08098168671131134 -0.9051899313926697 0.417220801115036 
vn -0.133403018116951 -0.9230209589004517 0.36088213324546814 
vn -0.11482734233140945 -0.9432797431945801 0.31150925159454346 
vn -0.2079223394393921 -0.944903552532196 0.25283506512641907 
vn -0.2701692581176758 -0.9414312243461609 0.2017817199230194 
vn -0.25202977657318115 -0.9490984678268433 0.18892620503902435 
vn -0.27024373412132263 -0.9465616345405579 0.1760382205247879 
vn -0.30078577995300293 -0.9403765797615051 0.15880759060382843 
vn -0.32397493720054626 -0.9360640645027161 0.1372016966342926 
vn -0.3452756404876709 -0.9284182190895081 0.1372016966342926 
vn -0.36834603548049927 -0.9188530445098877 0.1415284425020218 
vn -0.392864853143692 -0.9065260291099548 0.15449213981628418 
vn -0.42848727107048035 -0.8878998160362244 0.16742929816246033 
vn -0.45877349376678467 -0.8700604438781738 0.18033768236637115 
vn -0.5031668543815613 -0.8413184881210327 0.1975002884864807 
vn -0.5521984696388245 -0.8056193590164185 0.21460255980491638 
vn -0.616155743598938 -0.7320240139961243 0.29067665338516235 
vn -0.6158481240272522 -0.706534206867218 0.34862664341926575 
vn -0.6067793369293213 -0.6814121603965759 0.40926313400268555 
vn -0.5976051092147827 -0.6509308815002441 0.46814218163490295 
vn -0.5892725586891174 -0.6172661185264587 0.5212872624397278 
vn -0.5714451670646667 -0.591447114944458 0.5688942670822144 
vn -0.5589832067489624 -0.5603171586990356 0.6112139225006104 
vn -0.556401252746582 -0.4712478518486023 0.6843559741973877 
vn -0.5365809798240662 -0.4010370373725891 0.7424622178077698 
vn -0.5132915377616882 -0.341271311044693 0.7874425053596497 
vn -0.48094719648361206 -0.2936204671859741 0.8261215686798096 
vn -0.44737207889556885 -0.24886760115623474 0.8590245246887207 
vn -0.40433230996131897 -0.24722255766391754 0.8805659413337708 
vn -0.35828134417533875 -0.26030662655830383 0.8965907096862793 
vn -0.30599403381347656 -0.2687666714191437 0.913308322429657 
vn -0.25013667345046997 -0.2740585505962372 0.9286137819290161 
vn -0.18826663494110107 -0.2661473751068115 0.9453682899475098 
vn -0.1268763244152069 -0.24983744323253632 0.9599394202232361 
vn -0.06852865219116211 -0.2279311865568161 0.9712626934051514 
vn -0.01680062897503376 -0.2075176239013672 0.9780870079994202 
vn 0.03541050851345062 -0.20082297921180725 0.9789873361587524 
vn 0.09612944722175598 -0.19899702072143555 0.9752739667892456 
vn 0.1548529714345932 -0.21824485063552856 0.9635298252105713 
vn 0.1597151905298233 -0.31677618622779846 0.9349566102027893 
vn 0.15852263569831848 -0.43431490659713745 0.8867024183273315 
vn 0.1595822125673294 -0.5252612829208374 0.8358433246612549 
vn 0.1601918786764145 -0.5808472037315369 0.7980946898460388 
vn 0.15682262182235718 -0.6241305470466614 0.7654199600219727 
vn 0.15326322615146637 -0.6521197557449341 0.7424622178077698 
vn 0.14949609339237213 -0.679167628288269 0.7185974717140198 
vn 0.14420664310455322 -0.7116878032684326 0.6875353455543518 
vn 0.1295374631881714 -0.7443011999130249 0.6551609039306641 
vn 0.11831508576869965 -0.7771391868591309 0.6181069612503052 
vn 0.10343632102012634 -0.8133664131164551 0.5724822878837585 
vn 0.09221351891756058 -0.8460851907730103 0.5250110030174255 
vn 0.0904339924454689 -0.8748668432235718 0.4758462607860565 
vn 0.03772459179162979 -0.8928723335266113 0.4487268626689911 
vn -0.020741958171129227 -0.9085684418678284 0.417220801115036 
vn -0.07912527769804001 -0.9260479211807251 0.3690181374549866 
vn -0.13348308205604553 -0.9380348920822144 0.3198012113571167 
vn -0.11851876229047775 -0.9544246792793274 0.27391019463539124 
vn -0.21708647906780243 -0.9559639692306519 0.1975002884864807 
vn -0.2665782868862152 -0.9499093890190125 0.16312000155448914 
vn -0.2483886480331421 -0.9525301456451416 0.1760382205247879 
vn -0.2718975841999054 -0.9491321444511414 0.15880759060382843 
vn -0.3025050759315491 -0.9432212710380554 0.1372016966342926 
vn -0.32784926891326904 -0.9381640553474426 0.1111890971660614 
vn -0.3491455614566803 -0.9304484724998474 0.1111890971660614 
vn -0.3507320284843445 -0.9329882860183716 0.08074574917554855 
vn -0.37026044726371765 -0.9222494959831238 0.1111890971660614 
vn -0.37182822823524475 -0.9247831702232361 0.08074574917554855 
vn -0.3909880518913269 -0.9131161570549011 0.11553031951189041 
vn -0.4202955663204193 -0.8988462090492249 0.1242060661315918 
vn -0.3927326500415802 -0.9161010980606079 0.08074574917554855 
vn -0.3703116476535797 -0.9273021221160889 0.05459024757146835 
vn -0.34918421506881714 -0.9354625940322876 0.05459024757146835 
vn -0.33149826526641846 -0.939609944820404 0.08510008454322815 
vn -0.30622997879981995 -0.9449211359024048 0.11553031951189041 
vn -0.27542808651924133 -0.9501928091049194 0.1458524912595749 
vn -0.25182369351387024 -0.9531800746917725 0.16742929816246033 
vn -0.2555801570415497 -0.9550532102584839 0.15017375349998474 
vn -0.22434186935424805 -0.9635339975357056 0.1458524912595749 
vn -0.13722893595695496 -0.9640868902206421 0.22738653421401978 
vn -0.1390639692544937 -0.9479361176490784 0.2864931523799896 
vn -0.08473177254199982 -0.9408460855484009 0.3280687630176544 
vn -0.013197102583944798 -0.9277070760726929 0.37307560443878174 
vn 0.04524103179574013 -0.9112941026687622 0.40926313400268555 
vn 0.08846743404865265 -0.8970227837562561 0.43303996324539185 
vn 0.10160508006811142 -0.9137982130050659 0.3932546079158783 
vn 0.05092450603842735 -0.9296319484710693 0.3649536371231079 
vn -0.009427154436707497 -0.9446067810058594 0.3280687630176544 
vn -0.08099176734685898 -0.9533873200416565 0.29067665338516235 
vn -0.13732072710990906 -0.9599093794822693 0.24437066912651062 
vn -0.1523129791021347 -0.9725282788276672 0.1760382205247879 
vn -0.22277827560901642 -0.9663577079772949 0.12854042649269104 
vn -0.24828141927719116 -0.956976592540741 0.15017375349998474 
vn -0.25753486156463623 -0.9538385272026062 0.15449213981628418 
vn -0.2792217433452606 -0.9521597027778625 0.1242060661315918 
vn -0.30980658531188965 -0.9461610317230225 0.09380380809307098 
vn -0.33482593297958374 -0.9401504993438721 0.0633138045668602 
vn -0.3544144928455353 -0.9345142245292664 0.03276457265019417 
vn -0.3685797452926636 -0.9292855262756348 0.024029340595006943 
vn -0.3913382887840271 -0.9188752174377441 0.05022686347365379 
vn -0.42232054471969604 -0.902442991733551 0.08510008454322815 
vn -0.4555686414241791 -0.8795640468597412 0.1372016966342926 
vn -0.49682924151420593 -0.8555043935775757 0.1458524912595749 
vn -0.4560336768627167 -0.8854555487632751 0.08945280313491821 
vn -0.4189455211162567 -0.9066211581230164 0.05022686347365379 
vn -0.38957419991493225 -0.9207851886749268 0.01966099627315998 
vn -0.3686853349208832 -0.9295517206192017 -0.002184694167226553 
vn -0.354597270488739 -0.9349961876869202 0.006554040592163801 
vn -0.33310237526893616 -0.9421592354774475 0.03713129088282585 
vn -0.30830857157707214 -0.9488762021064758 0.06767380982637405 
vn -0.2828812897205353 -0.9536623358726501 0.10250037163496017 
vn -0.2591029703617096 -0.9560551047325134 0.1372016966342926 
vn -0.2409682273864746 -0.9588441848754883 0.15017375349998474 
vn -0.22434186935424805 -0.9635339975357056 0.1458524912595749 
vn -0.16896657645702362 -0.9727437496185303 0.15880759060382843 
vn -0.13913123309612274 -0.967678964138031 0.2103329300880432 
vn -0.07919462770223618 -0.9653619527816772 0.24860523641109467 
vn -0.0037718000821769238 -0.9580748677253723 0.2864931523799896 
vn 0.062203746289014816 -0.9454405903816223 0.3198012113571167 
vn 0.11297441273927689 -0.9304279685020447 0.34862664341926575 
vn 0.12983845174312592 -0.9440422058105469 0.30319350957870483 
vn 0.07536382973194122 -0.9575881958007812 0.2781098484992981 
vn 0.005662320181727409 -0.9696653485298157 0.24437066912651062 
vn -0.07542770355939865 -0.9728347063064575 0.21886809170246124 
vn -0.1448209136724472 -0.9686645865440369 0.2017817199230194 
vn -0.17465372383594513 -0.9687654972076416 0.1760382205247879 
vn -0.23004332184791565 -0.9594122767448425 0.16312000155448914 
vn -0.23916122317314148 -0.960610032081604 0.1415284425020218 
vn -0.2629832625389099 -0.9583719372749329 0.1111890971660614 
vn -0.2865007817745209 -0.9550297856330872 0.0763898640871048 
vn -0.3137158453464508 -0.9484086632728577 0.04586252197623253 
vn -0.33329325914382935 -0.9426991939544678 0.0152922747656703 
vn -0.3545634150505066 -0.9349068999290466 -0.0152922747656703 
vn -0.375544011592865 -0.9263694286346436 -0.028397228568792343 
vn -0.389641135931015 -0.9209434390068054 -0.006554040592163801 
vn -0.41723883152008057 -0.9086682200431824 0.0152922747656703 
vn -0.44616958498954773 -0.8935378789901733 0.05022686347365379 
vn -0.49561548233032227 -0.8634617328643799 0.09380380809307098 
vn -0.5516441464424133 -0.8196468353271484 0.15449213981628418 
vn -0.6209589242935181 -0.7501369118690491 0.22738653421401978 
vn -0.6834705471992493 -0.6621187925338745 0.30735430121421814 
vn -0.6768994927406311 -0.6368929743766785 0.3690181374549866 
vn -0.6602656841278076 -0.6136168241500854 0.43303996324539185 
vn -0.6430380940437317 -0.5844059586524963 0.4949462115764618 
vn -0.623196542263031 -0.555205762386322 0.5507928133010864 
vn -0.6025789380073547 -0.5253128409385681 0.6007870435714722 
vn -0.5800876617431641 -0.5015150904655457 0.641857385635376 
vn -0.5716083645820618 -0.42275935411453247 0.7032341957092285 
vn -0.5499516725540161 -0.3530253767967224 0.7569189071655273 
vn -0.5249219536781311 -0.2958071529865265 0.7980946898460388 
vn -0.4891815185546875 -0.2570694386959076 0.8334367275238037 
vn -0.4538136422634125 -0.21138614416122437 0.865661084651947 
vn -0.40925800800323486 -0.20662811398506165 0.888714075088501 
vn -0.36616015434265137 -0.2121274471282959 0.9060511589050293 
vn -0.31436797976493835 -0.21910226345062256 0.9236704111099243 
vn -0.25361719727516174 -0.21772322058677673 0.9424833655357361 
vn -0.18074855208396912 -0.20859494805335999 0.961154580116272 
vn -0.11052067577838898 -0.18643927574157715 0.976230263710022 
vn -0.05525016039609909 -0.16033007204532623 0.9855159521102905 
vn -0.005611679051071405 -0.13925237953662872 0.9902410507202148 
vn 0.04031064361333847 -0.1288803070783615 0.990840494632721 
vn 0.09612113982439041 -0.129113107919693 0.986960232257843 
vn 0.15176880359649658 -0.14252038300037384 0.9780870079994202 
vn 0.1990712285041809 -0.1659521460533142 0.9658315181732178 
vn 0.21411755681037903 -0.2512780427932739 0.9439348578453064 
vn 0.22325128316879272 -0.36413314938545227 0.9041935205459595 
vn 0.22413715720176697 -0.480910986661911 0.8476362228393555 
vn 0.2227378785610199 -0.5635957717895508 0.7954543828964233 
vn 0.2233165055513382 -0.6141689419746399 0.7569189071655273 
vn 0.21671287715435028 -0.6474555134773254 0.7306414246559143 
vn 0.21348148584365845 -0.671675980091095 0.7094202041625977 
vn 0.20619545876979828 -0.6931195259094238 0.6907016038894653 
vn 0.2010238915681839 -0.7162487506866455 0.6682642698287964 
vn 0.1847798228263855 -0.7442281246185303 0.641857385635376 
vn 0.17033226788043976 -0.7729194164276123 0.6112139225006104 
vn 0.15188081562519073 -0.8082644939422607 0.5688942670822144 
vn 0.14071711897850037 -0.8462848663330078 0.5138099193572998 
vn 0.13892485201358795 -0.8747268319129944 0.4642767012119293 
vn 0.14458927512168884 -0.8972294926643372 0.417220801115036 
vn 0.15202583372592926 -0.9152610301971436 0.37307560443878174 
vn 0.1670902520418167 -0.9282933473587036 0.33219319581985474 
vn 0.17439773678779602 -0.9407935738563538 0.29067665338516235 
vn 0.14279930293560028 -0.9546418190002441 0.2612801790237427 
vn 0.09417778253555298 -0.968232274055481 0.23163928091526031 
vn 0.018864398822188377 -0.9774478077888489 0.2103329300880432 
vn -0.06789781153202057 -0.9733892679214478 0.21886809170246124 
vn -0.1521458476781845 -0.9666391015052795 0.2060592919588089 
vn -0.1782141625881195 -0.964835524559021 0.19321508705615997 
vn -0.23737896978855133 -0.9576236605644226 0.16312000155448914 
vn -0.24294476211071014 -0.9626054167747498 0.11986933648586273 
vn -0.2665812373161316 -0.9596523642539978 0.08945280313491821 
vn -0.2919233441352844 -0.9546231627464294 0.058952588587999344 
vn -0.318926066160202 -0.9473540782928467 0.028397228568792343 
vn -0.34044185280799866 -0.940263032913208 -0.002184694167226553 
vn -0.36140647530555725 -0.931668758392334 -0.03713129088282585 
vn -0.37739884853363037 -0.9246877431869507 -0.05022686347365379 
vn -0.3893808126449585 -0.9203281402587891 -0.03713129088282585 
vn -0.41723883152008057 -0.9086682200431824 -0.0152922747656703 
vn -0.44451847672462463 -0.8957030773162842 0.010923261754214764 
vn -0.48623281717300415 -0.8723846077919006 0.05022686347365379 
vn -0.5489569902420044 -0.8300676345825195 0.0981530249118805 
vn -0.6197660565376282 -0.7676469683647156 0.16312000155448914 
vn -0.6917340159416199 -0.6810587048530579 0.2401314377784729 
vn -0.6885490417480469 -0.7045616507530212 0.17173540592193604 
vn -0.6100366711616516 -0.7857155799865723 0.10250037163496017 
vn -0.5380801558494568 -0.8413958549499512 0.05022686347365379 
vn -0.48465242981910706 -0.8746822476387024 0.006554040592163801 
vn -0.4443657100200653 -0.8953952789306641 -0.028397228568792343 
vn -0.4120786488056183 -0.9097628593444824 -0.05022686347365379 
vn -0.39311593770980835 -0.9169951677322388 -0.06767380982637405 
vn -0.38099759817123413 -0.9210433959960938 -0.08074574917554855 
vn -0.36310237646102905 -0.9295956492424011 -0.0633138045668602 
vn -0.3403443694114685 -0.9399937987327576 -0.024029340595006943 
vn -0.3190478980541229 -0.9477159380912781 0.006554040592163801 
vn -0.2972978949546814 -0.9540624618530273 0.03713129088282585 
vn -0.2721808850765228 -0.9598634243011475 0.06767380982637405 
vn -0.24459555745124817 -0.9650771021842957 0.09380380809307098 
vn -0.2464790642261505 -0.9587584733963013 0.1415284425020218 
vn -0.18386311829090118 -0.9654557108879089 0.18463370203971863 
vn -0.15782472491264343 -0.9675148725509644 0.1975002884864807 
vn -0.060363855212926865 -0.9738854765892029 0.21886809170246124 
vn 0.03963754326105118 -0.9811909794807434 0.18892620503902435 
vn 0.10740157216787338 -0.9761003255844116 0.18892620503902435 
vn 0.15785950422286987 -0.9629004001617432 0.21886809170246124 
vn 0.18944603204727173 -0.9487805962562561 0.25283506512641907 
vn 0.20055657625198364 -0.958676815032959 0.2017817199230194 
vn 0.16528338193893433 -0.9711788296699524 0.17173540592193604 
vn 0.11859335005283356 -0.9815210103988647 0.15017375349998474 
vn 0.06035083904862404 -0.983292818069458 0.17173540592193604 
vn -0.05849381908774376 -0.9802476167678833 0.18892620503902435 
vn -0.15601696074008942 -0.9741922616958618 0.16312000155448914 
vn -0.18394456803798676 -0.9707196354866028 0.15449213981628418 
vn -0.2538083791732788 -0.9618082046508789 0.10250037163496017 
vn -0.25031375885009766 -0.965796709060669 0.06767380982637405 
vn -0.2703823745250702 -0.9616600275039673 0.04586252197623253 
vn -0.29744553565979004 -0.9545363187789917 0.01966099627315998 
vn -0.31903570890426636 -0.9476797580718994 -0.010923261754214764 
vn -0.34217971563339233 -0.9382911324501038 -0.05022686347365379 
vn -0.36671894788742065 -0.9260212779045105 -0.08945280313491821 
vn -0.38441503047943115 -0.9169564247131348 -0.10684575140476227 
vn -0.3964773416519165 -0.9127823710441589 -0.0981530249118805 
vn -0.41546863317489624 -0.905617892742157 -0.08510008454322815 
vn -0.43907344341278076 -0.8962175250053406 -0.0633138045668602 
vn -0.47771376371383667 -0.8777304887771606 -0.03713129088282585 
vn -0.5365904569625854 -0.8438400030136108 -0.002184694167226553 
vn -0.6062465906143188 -0.7939531803131104 0.04586252197623253 
vn -0.6899127960205078 -0.7165989279747009 0.10250037163496017 
vn -0.7648076415061951 -0.6209478974342346 0.17173540592193604 
vn -0.7626455426216125 -0.5988779067993164 0.24437066912651062 
vn -0.7495253682136536 -0.5818690061569214 0.31565824151039124 
vn -0.7344151139259338 -0.5615555047988892 0.3811691105365753 
vn -0.7112861275672913 -0.5410325527191162 0.4487268626689911 
vn -0.685089647769928 -0.516383171081543 0.5138099193572998 
vn -0.6579663157463074 -0.4892283082008362 0.5724822878837585 
vn -0.6315019130706787 -0.46813368797302246 0.6181069612503052 
vn -0.6020877957344055 -0.4467586874961853 0.661737859249115 
vn -0.5879737734794617 -0.37135499715805054 0.7185974717140198 
vn -0.5599753856658936 -0.31025588512420654 0.7682244777679443 
vn -0.5310351252555847 -0.26170262694358826 0.8059239983558655 
vn -0.49522289633750916 -0.21938852965831757 0.8406086564064026 
vn -0.45620328187942505 -0.1767340898513794 0.872148871421814 
vn -0.41506609320640564 -0.16530761122703552 0.8946471214294434 
vn -0.3713056743144989 -0.15736033022403717 0.9150791168212891 
vn -0.31733083724975586 -0.14924144744873047 0.9364978075027466 
vn -0.25322964787483215 -0.1469246745109558 0.9561840295791626 
vn -0.17494086921215057 -0.14190521836280823 0.9742990136146545 
vn -0.10511984676122665 -0.12753689289093018 0.9862475395202637 
vn -0.045409295707941055 -0.1132751852273941 0.9925254583358765 
vn 0.0018611537525430322 -0.0959606021642685 0.9953833818435669 
vn 0.05117623880505562 -0.081196628510952 0.9953833818435669 
vn 0.09557869285345078 -0.07588139176368713 0.9925254583358765 
vn 0.14526139199733734 -0.07883507758378983 0.9862475395202637 
vn 0.1904878318309784 -0.09411241114139557 0.9771679639816284 
vn 0.23185236752033234 -0.11581860482692719 0.9658315181732178 
vn 0.24123822152614594 -0.20677714049816132 0.9481810927391052 
vn 0.2712915539741516 -0.13064712285995483 0.953589141368866 
vn 0.2580870985984802 -0.30464616417884827 0.916832447052002 
vn 0.2725597023963928 -0.4244276285171509 0.8634653687477112 
vn 0.27019941806793213 -0.5307108163833618 0.8033295273780823 
vn 0.26910001039505005 -0.5991530418395996 0.7540562748908997 
vn 0.2662293314933777 -0.6390408873558044 0.7216291427612305 
vn 0.26130935549736023 -0.6677694320678711 0.6969945430755615 
vn 0.259857177734375 -0.6876388192176819 0.677958071231842 
vn 0.25307711958885193 -0.705730140209198 0.661737859249115 
vn 0.24809521436691284 -0.7196197509765625 0.6485338807106018 
vn 0.23032672703266144 -0.7430451512336731 0.6283578276634216 
vn 0.2196219563484192 -0.7686489224433899 0.6007870435714722 
vn 0.20348750054836273 -0.8019363284111023 0.5616858005523682 
vn 0.18347567319869995 -0.8426171541213989 0.5062933564186096 
vn 0.17989423871040344 -0.875375509262085 0.4487268626689911 
vn 0.1853937953710556 -0.8969995379447937 0.401274174451828 
vn 0.19295582175254822 -0.9108111262321472 0.3649536371231079 
vn 0.20021437108516693 -0.9231928586959839 0.3280687630176544 
vn 0.2058323472738266 -0.9357107877731323 0.2864931523799896 
vn 0.2152487337589264 -0.9454898238182068 0.24437066912651062 
vn 0.22814702987670898 -0.9559599161148071 0.18463370203971863 
vn 0.20789122581481934 -0.9665552377700806 0.15017375349998474 
vn 0.18211600184440613 -0.9748390316963196 0.12854042649269104 
vn 0.1242796927690506 -0.9849801659584045 0.11986933648586273 
vn 0.08288325369358063 -0.9858282804489136 0.1458524912595749 
vn -0.05278071388602257 -0.9878973960876465 0.1458524912595749 
vn -0.1467229127883911 -0.9818878173828125 0.11986933648586273 
vn -0.18206438422203064 -0.9769797921180725 0.1111890971660614 
vn -0.25556546449661255 -0.964716374874115 0.0633138045668602 
vn -0.24850136041641235 -0.967545211315155 0.04586252197623253 
vn -0.27568745613098145 -0.9608277678489685 0.028397228568792343 
vn -0.297502338886261 -0.9547185897827148 -0.002184694167226553 
vn -0.32602766156196594 -0.9447922706604004 -0.03276457265019417 
vn -0.34388938546180725 -0.9362432360649109 -0.07203252613544464 
vn -0.37007591128349304 -0.9217898845672607 -0.11553031951189041 
vn -0.3875560760498047 -0.9122199416160583 -0.1328723281621933 
vn -0.39471954107284546 -0.9097658395767212 -0.12854042649269104 
vn -0.41855305433273315 -0.9008141160011292 -0.11553031951189041 
vn -0.4376114010810852 -0.8937909603118896 -0.0981530249118805 
vn -0.47640272974967957 -0.8755115866661072 -0.08074574917554855 
vn -0.5252955555915833 -0.8494361639022827 -0.05022686347365379 
vn -0.5986921787261963 -0.8009046912193298 -0.010923261754214764 
vn -0.6793234348297119 -0.7326647639274597 0.04149730131030083 
vn -0.7668396830558777 -0.6336012482643127 0.10250037163496017 
vn -0.838985025882721 -0.5163439512252808 0.17173540592193604 
vn -0.8272331953048706 -0.5059329867362976 0.24437066912651062 
vn -0.813450813293457 -0.48852598667144775 0.31565824151039124 
vn -0.7915385961532593 -0.4744299650192261 0.3852050006389618 
vn -0.7623111009597778 -0.4626123905181885 0.45262736082077026 
vn -0.7304202318191528 -0.4413002133369446 0.5212872624397278 
vn -0.6955249309539795 -0.419697105884552 0.5831804275512695 
vn -0.6590641140937805 -0.408075213432312 0.6317508816719055 
vn -0.6265718936920166 -0.3900436758995056 0.67473965883255 
vn -0.605495810508728 -0.3154962956905365 0.7306414246559143 
vn -0.5761998891830444 -0.2631416618824005 0.7737894654273987 
vn -0.5389745235443115 -0.22732654213905334 0.8110666871070862 
vn -0.4988349676132202 -0.19135043025016785 0.8453097939491272 
vn -0.5524824857711792 -0.19218209385871887 0.8110666871070862 
vn -0.5908278822898865 -0.2284124344587326 0.7737894654273987 
vn -0.6230406761169434 -0.27133995294570923 0.7336177229881287 
vn -0.6499741673469543 -0.3237725794315338 0.6875353455543518 
vn -0.6910498142242432 -0.33877283334732056 0.6385006904602051 
vn -0.7319126129150391 -0.3464946150779724 0.5867242813110352 
vn -0.773027241230011 -0.36150863766670227 0.5212872624397278 
vn -0.8151746988296509 -0.3662436902523041 0.4487268626689911 
vn -0.8457837700843811 -0.3773933947086334 0.37712597846984863 
vn -0.8717643618583679 -0.3815235495567322 0.30735430121421814 
vn -0.8890907168388367 -0.3922686278820038 0.23588760197162628 
vn -0.8989396095275879 -0.40657028555870056 0.16312000155448914 
vn -0.8423485159873962 -0.5299197435379028 0.0981530249118805 
vn -0.7579176425933838 -0.651292622089386 0.03713129088282585 
vn -0.6742216348648071 -0.7382673621177673 -0.01966099627315998 
vn -0.5875213146209717 -0.8067280054092407 -0.0633138045668602 
vn -0.5215612053871155 -0.8480417132377625 -0.09380380809307098 
vn -0.4744371175765991 -0.8720898628234863 -0.11986933648586273 
vn -0.4375414252281189 -0.8886693716049194 -0.1372016966342926 
vn -0.4187643229961395 -0.8963054418563843 -0.1458524912595749 
vn -0.39978259801864624 -0.9034965634346008 -0.15449213981628418 
vn -0.38592416048049927 -0.9095024466514587 -0.15449213981628418 
vn -0.3685726225376129 -0.9194182753562927 -0.1372016966342926 
vn -0.34745508432388306 -0.9325454235076904 -0.0981530249118805 
vn -0.32779568433761597 -0.9429075121879578 -0.058952588587999344 
vn -0.3046455681324005 -0.952262818813324 -0.01966099627315998 
vn -0.2757822275161743 -0.9611580967903137 0.010923261754214764 
vn -0.24654176831245422 -0.968716025352478 0.028397228568792343 
vn -0.26102471351623535 -0.9644397497177124 0.04149730131030083 
vn -0.18398329615592957 -0.9805969595909119 0.06767380982637405 
vn -0.13922694325447083 -0.9876371622085571 0.07203252613544464 
vn -0.04337470605969429 -0.9946454167366028 0.09380380809307098 
vn 0.09606988728046417 -0.9886472225189209 0.11553031951189041 
vn 0.1373276263475418 -0.9864782691001892 0.08945280313491821 
vn 0.1876632571220398 -0.9773169755935669 0.0981530249118805 
vn 0.2170417606830597 -0.9702972769737244 0.10684575140476227 
vn 0.24294476211071014 -0.9626054167747498 0.11986933648586273 
vn -0.6080478429794312 -0.18924769759178162 0.7710143327713013 
vn 0.2811478078365326 -0.9581105709075928 0.05459024757146835 
vn 0.23559117317199707 -0.969179093837738 0.07203252613544464 
vn 0.19874727725982666 -0.9774000644683838 0.07203252613544464 
vn 0.14669939875602722 -0.9865549206733704 0.07203252613544464 
vn 0.1091885045170784 -0.9907360672950745 0.08074574917554855 
vn -0.0377180390059948 -0.9984264373779297 0.04149730131030083 
vn -0.1279783844947815 -0.9913703203201294 0.028397228568792343 
vn -0.180130735039711 -0.9829416275024414 0.03713129088282585 
vn -0.2611743211746216 -0.9649925231933594 0.024029340595006943 
vn -0.24662651121616364 -0.9690490365028381 0.010923261754214764 
vn -0.2757927477359772 -0.9611947536468506 -0.006554040592163801 
vn -0.30444198846817017 -0.9516265392303467 -0.04149730131030083 
vn -0.3316188156604767 -0.9399516582489014 -0.08074574917554855 
vn -0.35096150636672974 -0.9286858439445496 -0.11986933648586273 
vn -0.37363046407699585 -0.9131221771240234 -0.16312000155448914 
vn -0.3926049470901489 -0.9009837508201599 -0.18463370203971863 
vn -0.40672898292541504 -0.8955723643302917 -0.18033768236637115 
vn -0.41858330368995667 -0.8909537196159363 -0.1760382205247879 
vn -0.4371275305747986 -0.8828513026237488 -0.17173540592193604 
vn -0.4672853350639343 -0.8697267174720764 -0.15880759060382843 
vn -0.5169131755828857 -0.844971239566803 -0.1372016966342926 
vn -0.5813883543014526 -0.8059929013252258 -0.1111890971660614 
vn -0.6596625447273254 -0.7476696372032166 -0.0763898640871048 
vn -0.7531933188438416 -0.657185971736908 -0.028397228568792343 
vn -0.8394269943237305 -0.5427300333976746 0.028397228568792343 
vn -0.9056923985481262 -0.41342732310295105 0.09380380809307098 
vn -0.9444176554679871 -0.29018524289131165 0.15449213981628418 
vn -0.9329946637153625 -0.2789556682109833 0.22738653421401978 
vn -0.9150782227516174 -0.27512285113334656 0.2948545813560486 
vn -0.8905586004257202 -0.2715037167072296 0.3649536371231079 
vn -0.8576385378837585 -0.2711266279220581 0.43697428703308105 
vn -0.8141502737998962 -0.27047863602638245 0.5138099193572998 
vn -0.7661768794059753 -0.26995113492012024 0.5831804275512695 
vn -0.7208864688873291 -0.2695172131061554 0.6385006904602051 
vn -0.6746013164520264 -0.2687157690525055 0.6875353455543518 
vn -0.6468547582626343 -0.21849942207336426 0.7306414246559143 
vn -0.6697361469268799 -0.17522788047790527 0.7216291427612305 
vn -0.6997105479240417 -0.21545632183551788 0.681163489818573 
vn -0.728695809841156 -0.14975079894065857 0.6682642698287964 
vn -0.7838137149810791 -0.12757793068885803 0.607749879360199 
vn -0.751417338848114 -0.2013416588306427 0.6283578276634216 
vn -0.8323034048080444 -0.10909916460514069 0.5434780716896057 
vn -0.8000164031982422 -0.190612331032753 0.5688942670822144 
vn -0.876952052116394 -0.09040078520774841 0.4719987213611603 
vn -0.8501440286636353 -0.17967577278614044 0.4949462115764618 
vn -0.9156895279884338 -0.0828462466597557 0.3932546079158783 
vn -0.8915718793869019 -0.17614296078681946 0.417220801115036 
vn -0.9227915406227112 -0.1724996417760849 0.34452807903289795 
vn -0.944347620010376 -0.16885462403297424 0.28230419754981995 
vn -0.9424415230751038 -0.0828736424446106 0.3239381015300751 
vn -0.9608600735664368 -0.07912112772464752 0.26549527049064636 
vn -0.9753351807594299 -0.07912532985210419 0.2060592919588089 
vn -0.9606375098228455 -0.17641229927539825 0.21460255980491638 
vn -0.9864539504051208 -0.08293584734201431 0.1415284425020218 
vn -0.9727861285209656 -0.18003951013088226 0.1458524912595749 
vn -0.9792436361312866 -0.18395619094371796 0.08510008454322815 
vn -0.9516890048980713 -0.2937452495098114 0.08945280313491821 
vn -0.9053357839584351 -0.42401617765426636 0.024029340595006943 
vn -0.8310232162475586 -0.5552719235420227 -0.03276457265019417 
vn -0.7361958622932434 -0.6708307266235352 -0.08945280313491821 
vn -0.6494281888008118 -0.7494800686836243 -0.12854042649269104 
vn -0.5698980093002319 -0.8062235713005066 -0.15880759060382843 
vn -0.5065786242485046 -0.8421926498413086 -0.18463370203971863 
vn -0.4704113006591797 -0.8600621223449707 -0.1975002884864807 
vn -0.43875521421432495 -0.8756586313247681 -0.2017817199230194 
vn -0.4201923608779907 -0.8837295770645142 -0.2060592919588089 
vn -0.40830764174461365 -0.8882820010185242 -0.2103329300880432 
vn -0.39415478706359863 -0.8936373591423035 -0.21460255980491638 
vn -0.3754723072052002 -0.9064703583717346 -0.19321508705615997 
vn -0.35623911023139954 -0.9229413270950317 -0.1458524912595749 
vn -0.3331157863140106 -0.9372979998588562 -0.10250037163496017 
vn -0.30830857157707214 -0.9488762021064758 -0.06767380982637405 
vn -0.2828977704048157 -0.9585902690887451 -0.03276457265019417 
vn -0.2466406375169754 -0.969104528427124 -0.002184694167226553 
vn -0.26124414801597595 -0.9652504920959473 0.006554040592163801 
vn -0.17281144857406616 -0.984894335269928 0.010923261754214764 
vn -0.11302325129508972 -0.9934746623039246 -0.0152922747656703 
vn -0.037749744951725006 -0.999265730381012 -0.006554040592163801 
vn 0.111176498234272 -0.9927418828010559 0.04586252197623253 
vn 0.15601477026939392 -0.9862450361251831 0.05459024757146835 
vn 0.20797088742256165 -0.9766104817390442 0.05459024757146835 
vn 0.2448417991399765 -0.968477725982666 0.04586252197623253 
vn 0.33331233263015747 -0.9427531957626343 0.010923261754214764 
vn -0.9932810068130493 -0.08290334045886993 0.08074574917554855 
vn 0.3965924084186554 -0.9179922342300415 0.002184694167226553 
vn 0.2537775933742523 -0.9665496349334717 0.03713129088282585 
vn 0.2153984010219574 -0.9752337336540222 0.05022686347365379 
vn 0.15779003500938416 -0.9866003394126892 0.04149730131030083 
vn 0.11303403973579407 -0.9935694932937622 0.006554040592163801 
vn -0.03207281231880188 -0.9977453947067261 -0.058952588587999344 
vn -0.09986651688814163 -0.9935021996498108 -0.05459024757146835 
vn -0.16536876559257507 -0.986171305179596 -0.010923261754214764 
vn -0.26121920347213745 -0.9651583433151245 -0.0152922747656703 
vn -0.24654176831245422 -0.968716025352478 -0.028397228568792343 
vn -0.28469717502593994 -0.9568030834197998 -0.058952588587999344 
vn -0.30980658531188965 -0.9461610317230225 -0.09380380809307098 
vn -0.3383963406085968 -0.9315754771232605 -0.1328723281621933 
vn -0.35611802339553833 -0.9177093505859375 -0.1760382205247879 
vn -0.3821069300174713 -0.8978257179260254 -0.21886809170246124 
vn -0.4008815288543701 -0.8852406740188599 -0.23588760197162628 
vn -0.4145832657814026 -0.8789071440696716 -0.23588760197162628 
vn -0.42818495631217957 -0.8723615407943726 -0.23588760197162628 
vn -0.4416833221912384 -0.8656054735183716 -0.23588760197162628 
vn -0.46884942054748535 -0.8523634672164917 -0.23163928091526031 
vn -0.49992677569389343 -0.8356844782829285 -0.22738653421401978 
vn -0.5589388608932495 -0.8020893931388855 -0.2103329300880432 
vn -0.6352634429931641 -0.7499004602432251 -0.18463370203971863 
vn -0.7225161194801331 -0.6757939457893372 -0.1458524912595749 
vn -0.817356526851654 -0.5677096843719482 -0.0981530249118805 
vn -0.8984680771827698 -0.4374658167362213 -0.03713129088282585 
vn -0.952262818813324 -0.3046455681324005 0.01966099627315998 
vn -0.9820407629013062 -0.18764175474643707 0.01966099627315998 
vn -0.9956089854240417 -0.0904727429151535 0.024029340595006943 
vn -0.980108916759491 -0.19495578110218048 -0.03713129088282585 
vn -0.995361864566803 -0.09045028686523438 -0.03276457265019417 
vn -0.9493002891540527 -0.3116198480129242 -0.04149730131030083 
vn -0.8900522589683533 -0.44418540596961975 -0.10250037163496017 
vn -0.8040395975112915 -0.5729750990867615 -0.15880759060382843 
vn -0.7051259279251099 -0.6797658205032349 -0.2017817199230194 
vn -0.6180393099784851 -0.7499229311943054 -0.23588760197162628 
vn -0.5470611453056335 -0.7966455817222595 -0.25706008076667786 
vn -0.497812420129776 -0.8269917964935303 -0.2612801790237427 
vn -0.4667133688926697 -0.8436177372932434 -0.26549527049064636 
vn -0.44675859808921814 -0.8543530106544495 -0.26549527049064636 
vn -0.433317631483078 -0.8612480163574219 -0.26549527049064636 
vn -0.41808268427848816 -0.870022714138031 -0.2612801790237427 
vn -0.4044168293476105 -0.8764586448669434 -0.2612801790237427 
vn -0.3819218873977661 -0.892453134059906 -0.2401314377784729 
vn -0.35783541202545166 -0.9107652902603149 -0.2060592919588089 
vn -0.34034523367881775 -0.9252743124961853 -0.16742929816246033 
vn -0.3152253329753876 -0.9408537745475769 -0.1242060661315918 
vn -0.28130680322647095 -0.9562147259712219 -0.08074574917554855 
vn -0.24107275903224945 -0.9689704775810242 -0.05459024757146835 
vn -0.2558097839355469 -0.9656386375427246 -0.04586252197623253 
vn -0.15781717002391815 -0.98676997423172 -0.03713129088282585 
vn -0.08112090080976486 -0.9934281706809998 -0.08074574917554855 
vn -0.03209922835230827 -0.9937573075294495 -0.10684575140476227 
vn 0.10545703768730164 -0.993730366230011 -0.03713129088282585 
vn 0.1578955501317978 -0.9872600436210632 0.01966099627315998 
vn 0.2154436707496643 -0.9754387140274048 0.04586252197623253 
vn 0.2683466970920563 -0.9626065492630005 0.03713129088282585 
vn 0.4511665999889374 -0.8921161890029907 0.024029340595006943 
vn 0.4960954785346985 -0.8668140172958374 0.05022686347365379 
vn 0.27401596307754517 -0.9606309533119202 0.04586252197623253 
vn 0.21707160770893097 -0.9752732515335083 0.04149730131030083 
vn 0.1579226851463318 -0.9874297380447388 -0.006554040592163801 
vn 0.09237596392631531 -0.9920809864997864 -0.08510008454322815 
vn -0.03018920123577118 -0.9894737601280212 -0.1415284425020218 
vn -0.06035027280449867 -0.992900550365448 -0.10250037163496017 
vn -0.15611019730567932 -0.9844337105751038 -0.08074574917554855 
vn -0.24478760361671448 -0.9658348560333252 -0.08510008454322815 
vn -0.24487662315368652 -0.9661861062049866 -0.08074574917554855 
vn -0.28461501002311707 -0.9516549110412598 -0.11553031951189041 
vn -0.3151261508464813 -0.9356685876846313 -0.15880759060382843 
vn -0.34000760316848755 -0.9194501042366028 -0.1975002884864807 
vn -0.3595869541168213 -0.9039028882980347 -0.23163928091526031 
vn -0.3871738016605377 -0.8816776871681213 -0.26970529556274414 
vn -0.40930718183517456 -0.8648552894592285 -0.29067665338516235 
vn -0.4229089915752411 -0.8582861423492432 -0.29067665338516235 
vn -0.43800729513168335 -0.8492410778999329 -0.2948545813560486 
vn -0.45294642448425293 -0.8398942947387695 -0.2990269064903259 
vn -0.4677196741104126 -0.8302481770515442 -0.30319350957870483 
vn -0.4987524449825287 -0.8135287165641785 -0.2990269064903259 
vn -0.5416139364242554 -0.7872198820114136 -0.2948545813560486 
vn -0.6040161848068237 -0.7452977895736694 -0.28230419754981995 
vn -0.6860096454620361 -0.6806694269180298 -0.25706008076667786 
vn -0.7848100066184998 -0.5813940167427063 -0.21460255980491638 
vn -0.8758797645568848 -0.4541216194629669 -0.16312000155448914 
vn -0.9402129650115967 -0.32613733410835266 -0.0981530249118805 
vn -0.9740433692932129 -0.20601071417331696 -0.09380380809307098 
vn -0.9915245175361633 -0.09421952813863754 -0.08945280313491821 
vn -0.965451717376709 -0.20984551310539246 -0.15449213981628418 
vn -0.9848049283027649 -0.09426738321781158 -0.1458524912595749 
vn -0.9299424290657043 -0.32954350113868713 -0.16312000155448914 
vn -0.8555927872657776 -0.46709123253822327 -0.22312943637371063 
vn -0.759935736656189 -0.5894665718078613 -0.27391019463539124 
vn -0.663194477558136 -0.6805402636528015 -0.31150925159454346 
vn -0.585972249507904 -0.7391104102134705 -0.33219319581985474 
vn -0.5325839519500732 -0.7766911387443542 -0.3363112509250641 
vn -0.4917740225791931 -0.8014178276062012 -0.34042292833328247 
vn -0.4686950147151947 -0.8168351650238037 -0.3363112509250641 
vn -0.4591876268386841 -0.8255407810211182 -0.3280687630176544 
vn -0.44288888573646545 -0.8376017212867737 -0.3198012113571167 
vn -0.4346460998058319 -0.843470573425293 -0.31565824151039124 
vn -0.4159533977508545 -0.851298987865448 -0.3198012113571167 
vn -0.3920314610004425 -0.8699966669082642 -0.2990269064903259 
vn -0.362838476896286 -0.8944724202156067 -0.2612801790237427 
vn -0.3436853885650635 -0.9111397862434387 -0.22738653421401978 
vn -0.31895703077316284 -0.9278655052185059 -0.19321508705615997 
vn -0.28637513518333435 -0.9448647499084473 -0.15880759060382843 
vn -0.24294476211071014 -0.9626054167747498 -0.11986933648586273 
vn -0.23013150691986084 -0.9646329879760742 -0.12854042649269104 
vn -0.14300765097141266 -0.9801655411720276 -0.1372016966342926 
vn -0.041501112282276154 -0.991388201713562 -0.1242060661315918 
vn -0.026410561054944992 -0.9869562387466431 -0.15880759060382843 
vn 0.08668971061706543 -0.9884623289108276 -0.1242060661315918 
vn 0.1486186981201172 -0.9878305196762085 -0.04586252197623253 
vn 0.2171960175037384 -0.9758322238922119 0.024029340595006943 
vn 0.2811478078365326 -0.9581105709075928 0.05459024757146835 
vn 0.526762843132019 -0.8469546437263489 0.07203252613544464 
vn 0.5568860769271851 -0.826217770576477 0.08510008454322815 
vn 0.28838396072387695 -0.9559574127197266 0.05459024757146835 
vn 0.20988060534000397 -0.9777246117591858 -0.002184694167226553 
vn 0.14665170013904572 -0.986234188079834 -0.0763898640871048 
vn 0.0735723003745079 -0.9865668416023254 -0.1458524912595749 
vn -0.020762573927640915 -0.9863877296447754 -0.16312000155448914 
vn -0.03397732973098755 -0.9874095916748047 -0.15449213981628418 
vn -0.13363313674926758 -0.9728561639785767 -0.18892620503902435 
vn -0.2079572230577469 -0.9644405841827393 -0.16312000155448914 
vn -0.23737896978855133 -0.9576236605644226 -0.16312000155448914 
vn -0.28276053071022034 -0.938637375831604 -0.1975002884864807 
vn -0.3152535855770111 -0.9213634133338928 -0.22738653421401978 
vn -0.34174367785453796 -0.9027424454689026 -0.2612801790237427 
vn -0.3609200119972229 -0.8861398696899414 -0.29067665338516235 
vn -0.39338424801826477 -0.857261061668396 -0.33219319581985474 
vn -0.4190789759159088 -0.836637556552887 -0.3527185618877411 
vn -0.4355672299861908 -0.8299040198326111 -0.34862664341926575 
vn -0.45251190662384033 -0.8190376162528992 -0.3527185618877411 
vn -0.4605323374271393 -0.8127736449241638 -0.3568037748336792 
vn -0.4763648211956024 -0.7999283671379089 -0.3649536371231079 
vn -0.49536991119384766 -0.7825500965118408 -0.37712597846984863 
vn -0.5239827036857605 -0.7616772055625916 -0.3811691105365753 
vn -0.57534259557724 -0.725780189037323 -0.37712597846984863 
vn -0.6432442665100098 -0.67527836561203 -0.36088213324546814 
vn -0.7315611243247986 -0.5930539965629578 -0.3363112509250641 
vn -0.8331637382507324 -0.4730326235294342 -0.2864931523799896 
vn -0.9122136235237122 -0.34362709522247314 -0.22312943637371063 
vn -0.9512902498245239 -0.2171257883310318 -0.21886809170246124 
vn -0.9736170768737793 -0.0980275422334671 -0.2060592919588089 
vn -0.9348185658454895 -0.2208372950553894 -0.2781098484992981 
vn -0.958318829536438 -0.1055334135890007 -0.26549527049064636 
vn -0.8916893005371094 -0.3504452407360077 -0.2864931523799896 
vn -0.8040374517440796 -0.48164641857147217 -0.34862664341926575 
vn -0.7061728239059448 -0.5914534330368042 -0.3892335295677185 
vn -0.6200072765350342 -0.6693987250328064 -0.40926313400268555 
vn -0.5607059597969055 -0.7152172327041626 -0.417220801115036 
vn -0.5181711316108704 -0.7466093301773071 -0.417220801115036 
vn -0.4978540241718292 -0.7667434811592102 -0.405272513628006 
vn -0.4791928231716156 -0.784681499004364 -0.3932546079158783 
vn -0.46492496132850647 -0.7951993942260742 -0.3892335295677185 
vn -0.45486176013946533 -0.8029432892799377 -0.3852050006389618 
vn -0.44166332483291626 -0.8102781176567078 -0.3852050006389618 
vn -0.42351511120796204 -0.8141332268714905 -0.3972681760787964 
vn -0.3932662010192871 -0.8421207070350647 -0.3690181374549866 
vn -0.36411798000335693 -0.8716587424278259 -0.3280687630176544 
vn -0.3344905376434326 -0.8950848579406738 -0.2948545813560486 
vn -0.31511390209198 -0.9111616015434265 -0.26549527049064636 
vn -0.2808513343334198 -0.9303115606307983 -0.23588760197162628 
vn -0.2355899065732956 -0.9497562646865845 -0.2060592919588089 
vn -0.1875445544719696 -0.9621957540512085 -0.1975002884864807 
vn -0.12988682091236115 -0.9660966396331787 -0.22312943637371063 
vn -0.04341019690036774 -0.9810312986373901 -0.18892620503902435 
vn -0.02266078069806099 -0.9856235980987549 -0.16742929816246033 
vn 0.06414690613746643 -0.9859094023704529 -0.15449213981628418 
vn 0.1411602944135666 -0.984204113483429 -0.10684575140476227 
vn 0.19495578110218048 -0.980108916759491 -0.03713129088282585 
vn 0.29573360085487366 -0.9541689157485962 0.04586252197623253 
vn 0.581218421459198 -0.8083229660987854 0.09380380809307098 
vn 0.5994459986686707 -0.794899582862854 0.09380380809307098 
vn 0.29026734828948975 -0.9568832516670227 0.010923261754214764 
vn 0.19134262204170227 -0.978876531124115 -0.07203252613544464 
vn 0.1299113780260086 -0.9831583499908447 -0.12854042649269104 
vn 0.0603962317109108 -0.984032392501831 -0.16742929816246033 
vn -0.018871581181883812 -0.98262619972229 -0.18463370203971863 
vn -0.052826281636953354 -0.9743234515190125 -0.21886809170246124 
vn -0.1204676702618599 -0.9632364511489868 -0.2401314377784729 
vn -0.16909939050674438 -0.9590103030204773 -0.22738653421401978 
vn -0.228134885430336 -0.9413553476333618 -0.24860523641109467 
vn -0.2773641347885132 -0.9196325540542603 -0.2781098484992981 
vn -0.31123629212379456 -0.8992581963539124 -0.30735430121421814 
vn -0.33232036232948303 -0.8811684846878052 -0.3363112509250641 
vn -0.35872578620910645 -0.8574038743972778 -0.3690181374549866 
vn -0.38749706745147705 -0.8220540285110474 -0.417220801115036 
vn -0.4226258397102356 -0.7874208688735962 -0.4487268626689911 
vn -0.4441319704055786 -0.7843616604804993 -0.43303996324539185 
vn -0.4590871036052704 -0.7800573110580444 -0.42514660954475403 
vn -0.4720405042171478 -0.7722876071929932 -0.42514660954475403 
vn -0.4818185865879059 -0.764019787311554 -0.42909738421440125 
vn -0.49893543124198914 -0.7484095692634583 -0.43697428703308105 
vn -0.5188450813293457 -0.7276290059089661 -0.4487268626689911 
vn -0.5530381798744202 -0.6969497799873352 -0.456519216299057 
vn -0.6018821597099304 -0.6579257845878601 -0.45262736082077026 
vn -0.6797770857810974 -0.5890302062034607 -0.43697428703308105 
vn -0.7758592963218689 -0.4835250675678253 -0.405272513628006 
vn -0.8634128570556641 -0.3607046902179718 -0.3527185618877411 
vn -0.9112557768821716 -0.23178674280643463 -0.34042292833328247 
vn -0.9397460222244263 -0.10927724838256836 -0.3239381015300751 
vn -0.885032057762146 -0.24268540740013123 -0.3972681760787964 
vn -0.9197033643722534 -0.1091865822672844 -0.37712597846984863 
vn -0.8389025926589966 -0.3633134067058563 -0.405272513628006 
vn -0.7454900741577148 -0.4856281876564026 -0.456519216299057 
vn -0.6524534821510315 -0.580353319644928 -0.48733407258987427 
vn -0.5835169553756714 -0.6409119963645935 -0.4987381398677826 
vn -0.5463910698890686 -0.6756367683410645 -0.4949462115764618 
vn -0.5157315731048584 -0.707273006439209 -0.4835140109062195 
vn -0.5024785399436951 -0.7243842482566833 -0.4719987213611603 
vn -0.4899028539657593 -0.7378633618354797 -0.4642767012119293 
vn -0.4761693775653839 -0.7491945028305054 -0.46040233969688416 
vn -0.4613048732280731 -0.7536847591400146 -0.46814218163490295 
vn -0.44313615560531616 -0.7524200081825256 -0.48733407258987427 
vn -0.4114002287387848 -0.7579029202461243 -0.5062933564186096 
vn -0.3851841986179352 -0.7930008172988892 -0.4719987213611603 
vn -0.36274686455726624 -0.7943048477172852 -0.48733407258987427 
vn -0.3530115485191345 -0.8374423384666443 -0.417220801115036 
vn -0.37535637617111206 -0.7508256435394287 -0.5434780716896057 
vn -0.42207029461860657 -0.7310471534729004 -0.5361219048500061 
vn -0.45157450437545776 -0.7267866730690002 -0.5175535082817078 
vn -0.47303882241249084 -0.723676323890686 -0.5025205612182617 
vn -0.48877912759780884 -0.7157899141311646 -0.4987381398677826 
vn -0.5041975378990173 -0.7023232579231262 -0.5025205612182617 
vn -0.5170027017593384 -0.6846222281455994 -0.5138099193572998 
vn -0.5432066917419434 -0.6552022099494934 -0.5250110030174255 
vn -0.5737656950950623 -0.6191657781600952 -0.5361219048500061 
vn -0.6268128752708435 -0.565401554107666 -0.5361219048500061 
vn -0.7088335752487183 -0.48327454924583435 -0.5138099193572998 
vn -0.8048661351203918 -0.36964529752731323 -0.4642767012119293 
vn -0.8550158143043518 -0.2460450381040573 -0.456519216299057 
vn -0.8913624882698059 -0.12052541226148605 -0.43697428703308105 
vn -0.8150427937507629 -0.2529127597808838 -0.5212872624397278 
vn -0.8544184565544128 -0.1167738065123558 -0.5062933564186096 
vn -0.7654004693031311 -0.3721902668476105 -0.5250110030174255 
vn -0.6743823289871216 -0.47502583265304565 -0.5652954578399658 
vn -0.6040717363357544 -0.5506840944290161 -0.5760593414306641 
vn -0.5656656622886658 -0.6003860831260681 -0.5652954578399658 
vn -0.5355883836746216 -0.6369832158088684 -0.5544344186782837 
vn -0.5157414078712463 -0.6623008251190186 -0.5434780716896057 
vn -0.501205563545227 -0.6821385622024536 -0.5324283838272095 
vn -0.4827638864517212 -0.6953122019767761 -0.5324283838272095 
vn -0.46045199036598206 -0.7018657326698303 -0.5434780716896057 
vn -0.43743184208869934 -0.7022552490234375 -0.5616858005523682 
vn -0.39775434136390686 -0.7141058444976807 -0.5760593414306641 
vn -0.4083942174911499 -0.6872183680534363 -0.6007870435714722 
vn -0.4426445960998535 -0.6811507940292358 -0.5831804275512695 
vn -0.4748045802116394 -0.6715056896209717 -0.5688942670822144 
vn -0.4963967800140381 -0.6588104963302612 -0.5652954578399658 
vn -0.5169724822044373 -0.6396082639694214 -0.5688942670822144 
vn -0.5330080389976501 -0.6130277514457703 -0.5831804275512695 
vn -0.5556531548500061 -0.5783563852310181 -0.5972883701324463 
vn -0.5901525020599365 -0.5313757061958313 -0.607749879360199 
vn -0.6468780040740967 -0.46063971519470215 -0.607749879360199 
vn -0.7227714657783508 -0.37081265449523926 -0.5831804275512695 
vn -0.7721158266067505 -0.2524634301662445 -0.5831804275512695 
vn -0.8110253810882568 -0.1204235702753067 -0.5724822878837585 
vn -0.7324687242507935 -0.24514704942703247 -0.6351318359375 
vn -0.769128143787384 -0.11665502935647964 -0.6283578276634216 
vn -0.6897607445716858 -0.35971733927726746 -0.6283578276634216 
vn -0.6239054799079895 -0.4458262622356415 -0.641857385635376 
vn -0.5785379409790039 -0.5117630362510681 -0.6351318359375 
vn -0.5512619018554688 -0.556600034236908 -0.6215357780456543 
vn -0.5313757061958313 -0.5901525020599365 -0.607749879360199 
vn -0.5105320811271667 -0.6185495853424072 -0.5972883701324463 
vn -0.4808427691459656 -0.6419009566307068 -0.5972883701324463 
vn -0.4557226598262787 -0.6535820364952087 -0.6042742133140564 
vn -0.4154157042503357 -0.6641709208488464 -0.6215357780456543 
vn -0.421275794506073 -0.6440834999084473 -0.6385006904602051 
vn -0.46404361724853516 -0.6277719140052795 -0.6249527335166931 
vn -0.4997064471244812 -0.5997728705406189 -0.6249527335166931 
vn -0.5257636308670044 -0.5658445954322815 -0.6351318359375 
vn -0.5448952317237854 -0.5355406999588013 -0.6452018022537231 
vn -0.5661624670028687 -0.4914906620979309 -0.661737859249115 
vn -0.6021334528923035 -0.43187016248703003 -0.6715083718299866 
vn -0.6555811166763306 -0.3516194820404053 -0.6682642698287964 
vn -0.6944267749786377 -0.2411312609910965 -0.677958071231842 
vn -0.732340931892395 -0.11293046921491623 -0.6715083718299866 
vn -0.6616316437721252 -0.23366095125675201 -0.7124928832054138 
vn -0.6931290030479431 -0.10920660942792892 -0.7124928832054138 
vn -0.634398341178894 -0.3342714011669159 -0.6969945430755615 
vn -0.5871536135673523 -0.4116421043872833 -0.6969945430755615 
vn -0.5616534948348999 -0.4696398377418518 -0.681163489818573 
vn -0.5359494090080261 -0.5159274339675903 -0.6682642698287964 
vn -0.5117794275283813 -0.5518314838409424 -0.6584556698799133 
vn -0.4766058325767517 -0.5898590683937073 -0.651853621006012 
vn -0.432986855506897 -0.6191014647483826 -0.6551609039306641 
vn -0.38781410455703735 -0.6314085125923157 -0.6715083718299866 
vn -0.38210028409957886 -0.6517388820648193 -0.6551609039306641 
vn -0.3744339048862457 -0.6787415742874146 -0.6317508816719055 
vn -0.3585294783115387 -0.7115541100502014 -0.6042742133140564 
vn -0.351174533367157 -0.7491231560707092 -0.5616858005523682 
vn -0.33654558658599854 -0.7939799427986145 -0.5062933564186096 
vn -0.32640761137008667 -0.8361011147499084 -0.4409002661705017 
vn -0.3321222960948944 -0.8609946966171265 -0.3852050006389618 
vn -0.3094310164451599 -0.881443977355957 -0.3568037748336792 
vn -0.30554965138435364 -0.859734296798706 -0.40926313400268555 
vn -0.30154380202293396 -0.8327775597572327 -0.4642767012119293 
vn -0.30993539094924927 -0.7926559448242188 -0.5250110030174255 
vn -0.3160942494869232 -0.7483214735984802 -0.5831804275512695 
vn -0.33095067739486694 -0.7040157318115234 -0.6283578276634216 
vn -0.3334904909133911 -0.668243408203125 -0.6650074124336243 
vn -0.33581119775772095 -0.6370216012001038 -0.6938546895980835 
vn -0.3354491591453552 -0.6163016557693481 -0.7124928832054138 
vn -0.39316433668136597 -0.6105054616928101 -0.6875353455543518 
vn -0.4451232850551605 -0.5850112438201904 -0.677958071231842 
vn -0.4938080310821533 -0.5405274033546448 -0.681163489818573 
vn -0.5303438305854797 -0.4915960431098938 -0.6907016038894653 
vn -0.550251841545105 -0.450204998254776 -0.7032341957092285 
vn -0.574790894985199 -0.39145007729530334 -0.7185974717140198 
vn -0.6140596866607666 -0.3196592330932617 -0.7216291427612305 
vn -0.6386630535125732 -0.22261953353881836 -0.736579954624176 
vn -0.6659778952598572 -0.09783410280942917 -0.7395281791687012 
vn -0.6149013638496399 -0.21130600571632385 -0.7597671151161194 
vn -0.6366091370582581 -0.09413358569145203 -0.7654199600219727 
vn -0.5924259424209595 -0.30567458271980286 -0.7453821301460266 
vn -0.5658978223800659 -0.3644965887069702 -0.7395281791687012 
vn -0.5413088202476501 -0.42131754755973816 -0.7276512384414673 
vn -0.5103642344474792 -0.4769839644432068 -0.715552031993866 
vn -0.46821358799934387 -0.5309127569198608 -0.7063339352607727 
vn -0.399795264005661 -0.5766434073448181 -0.7124928832054138 
vn -0.3375973105430603 -0.5897737741470337 -0.7336177229881287 
vn -0.2828378975391388 -0.5854542255401611 -0.7597671151161194 
vn -0.2907104790210724 -0.614241361618042 -0.7336177229881287 
vn -0.28972965478897095 -0.6526003479957581 -0.7001210451126099 
vn -0.28364747762680054 -0.6971228718757629 -0.6584556698799133 
vn -0.28105801343917847 -0.7427290678024292 -0.607749879360199 
vn -0.2708197236061096 -0.789483368396759 -0.5507928133010864 
vn -0.2655855417251587 -0.8296029567718506 -0.4911448359489441 
vn -0.27134865522384644 -0.8595616817474365 -0.43303996324539185 
vn -0.2696405053138733 -0.8860417604446411 -0.37712597846984863 
vn -0.277228444814682 -0.9045487642288208 -0.3239381015300751 
vn -0.22627826035022736 -0.928363561630249 -0.2948545813560486 
vn -0.21696360409259796 -0.9118038415908813 -0.34862664341926575 
vn -0.21327529847621918 -0.8907820582389832 -0.401274174451828 
vn -0.21686968207359314 -0.862877607345581 -0.456519216299057 
vn -0.21291328966617584 -0.8310639262199402 -0.5138099193572998 
vn -0.21642033755779266 -0.7882372140884399 -0.5760593414306641 
vn -0.21991807222366333 -0.7404347062110901 -0.6351318359375 
vn -0.23013246059417725 -0.6887192130088806 -0.6875353455543518 
vn -0.22788117825984955 -0.6402149796485901 -0.7336177229881287 
vn -0.23449859023094177 -0.5920703411102295 -0.7710143327713013 
vn -0.23539672791957855 -0.5584270358085632 -0.7954543828964233 
vn -0.2755381464958191 -0.562829852104187 -0.7792953848838806 
vn -0.33328118920326233 -0.5621364712715149 -0.7569189071655273 
vn -0.4121594727039337 -0.5280855894088745 -0.7424622178077698 
vn -0.48489969968795776 -0.46219271421432495 -0.7424622178077698 
vn -0.5250818729400635 -0.3945734202861786 -0.7540562748908997 
vn -0.5478634834289551 -0.3439267873764038 -0.762600839138031 
vn -0.5755194425582886 -0.2879404127597809 -0.7654199600219727 
vn -0.5901195406913757 -0.20048491656780243 -0.7820260524749756 
vn -0.6097166538238525 -0.09044291824102402 -0.7874425053596497 
vn -0.5621017217636108 -0.18581773340702057 -0.8059239983558655 
vn -0.5737346410751343 -0.09412509202957153 -0.8136147856712341 
vn -0.5536377429962158 -0.26302585005760193 -0.790128231048584 
vn -0.5289250612258911 -0.3097348213195801 -0.790128231048584 
vn -0.4969651401042938 -0.37041330337524414 -0.7847417593002319 
vn -0.4322242736816406 -0.4442550539970398 -0.7847417593002319 
vn -0.33684241771698 -0.5079440474510193 -0.7927988767623901 
vn -0.26944443583488464 -0.5271491408348083 -0.8059239983558655 
vn -0.2281002700328827 -0.530917763710022 -0.8161473870277405 
vn -0.18392206728458405 -0.5440231561660767 -0.8186644315719604 
vn -0.18221333622932434 -0.5852313041687012 -0.790128231048584 
vn -0.17722244560718536 -0.635863184928894 -0.7511792182922363 
vn -0.1739514023065567 -0.689349353313446 -0.7032341957092285 
vn -0.16305989027023315 -0.7435154914855957 -0.6485338807106018 
vn -0.15956440567970276 -0.7912875413894653 -0.590256929397583 
vn -0.15029434859752655 -0.8330255746841431 -0.5324283838272095 
vn -0.1502496302127838 -0.8665999174118042 -0.4758462607860565 
vn -0.15212301909923553 -0.8941249847412109 -0.42118772864341736 
vn -0.1560164839029312 -0.9162338376045227 -0.3690181374549866 
vn -0.15608128905296326 -0.9359478950500488 -0.31565824151039124 
vn -0.16349263489246368 -0.9489621520042419 -0.26970529556274414 
vn -0.11302509158849716 -0.95976322889328 -0.25706008076667786 
vn -0.10552160441875458 -0.9509848952293396 -0.29067665338516235 
vn -0.09793934971094131 -0.9366443157196045 -0.3363112509250641 
vn -0.09796368330717087 -0.917616605758667 -0.3852050006389618 
vn -0.09802723675966263 -0.8941164016723633 -0.43697428703308105 
vn -0.09605609625577927 -0.8657655715942383 -0.4911448359489441 
vn -0.10175829380750656 -0.8332327604293823 -0.5434780716896057 
vn -0.10356372594833374 -0.7926723957061768 -0.6007870435714722 
vn -0.11280854791402817 -0.7411999106407166 -0.661737859249115 
vn -0.11840927600860596 -0.6884508728981018 -0.715552031993866 
vn -0.12388165295124054 -0.6348963379859924 -0.762600839138031 
vn -0.1238078624010086 -0.5861054062843323 -0.8007197380065918 
vn -0.13114120066165924 -0.540571391582489 -0.8310141563415527 
vn -0.18354271352291107 -0.5134937167167664 -0.838234007358551 
vn -0.2237550914287567 -0.4932653605937958 -0.8406086564064026 
vn -0.2689824104309082 -0.46589118242263794 -0.8429672718048096 
vn -0.34916451573371887 -0.4092557430267334 -0.8429672718048096 
vn -0.44643285870552063 -0.33183300495147705 -0.8310141563415527 
vn -0.5034147500991821 -0.26881271600723267 -0.8211658596992493 
vn -0.530917763710022 -0.2281002700328827 -0.8161473870277405 
vn -0.5261460542678833 -0.15664047002792358 -0.8358433246612549 
vn -0.5278163552284241 -0.08283240348100662 -0.8453097939491272 
vn -0.4908440411090851 -0.11618822067975998 -0.8634653687477112 
vn -0.48211029171943665 -0.05663282796740532 -0.87427818775177 
vn -0.44875532388687134 -0.09383998811244965 -0.888714075088501 
vn -0.4493977725505829 -0.0339481495320797 -0.8926864862442017 
vn -0.37665313482284546 -0.08984363079071045 -0.9219872951507568 
vn -0.3865568935871124 -0.022654535248875618 -0.9219872951507568 
vn -0.2844993472099304 -0.11069200932979584 -0.9522643685340881 
vn -0.3019183576107025 -0.045143209397792816 -0.9522643685340881 
vn -0.2271505445241928 -0.13332684338092804 -0.9646899104118347 
vn -0.24151912331581116 -0.0816522166132927 -0.9669547080993652 
vn -0.19487985968589783 -0.15092529356479645 -0.9691457152366638 
vn -0.2038947492837906 -0.10537245869636536 -0.9733054637908936 
vn -0.1528809815645218 -0.15958724915981293 -0.9752739667892456 
vn -0.15971826016902924 -0.1197781190276146 -0.97986900806427 
vn -0.09104540199041367 -0.17284543812274933 -0.9807319641113281 
vn -0.09745259582996368 -0.13348719477653503 -0.9862475395202637 
vn -0.03210374340415001 -0.1796400249004364 -0.983208417892456 
vn -0.039322856813669205 -0.13820551335811615 -0.9896226525306702 
vn 0.020778410136699677 -0.18562105298042297 -0.9824016690254211 
vn 0.022546812891960144 -0.13752947747707367 -0.9902410507202148 
vn 0.08418185263872147 -0.18102523684501648 -0.97986900806427 
vn 0.08892360329627991 -0.12368520349264145 -0.9883291721343994 
vn 0.1722560077905655 -0.16424576938152313 -0.9712626934051514 
vn 0.1818581521511078 -0.10135797411203384 -0.9780870079994202 
vn 0.24605967104434967 -0.15078555047512054 -0.9574540853500366 
vn 0.25038018822669983 -0.08175073564052582 -0.9646899104118347 
vn 0.29730546474456787 -0.1527564972639084 -0.9424833655357361 
vn 0.30257001519203186 -0.08238096535205841 -0.949560284614563 
vn 0.33094894886016846 -0.16777737438678741 -0.9286137819290161 
vn 0.34323757886886597 -0.08968865126371384 -0.9349566102027893 
vn 0.36061862111091614 -0.18926724791526794 -0.913308322429657 
vn 0.37895330786705017 -0.09729867428541183 -0.9202865362167358 
vn 0.4280574321746826 -0.25223037600517273 -0.8678402304649353 
vn 0.4343789219856262 -0.1339881420135498 -0.8907088041305542 
vn 0.5118175745010376 -0.361581951379776 -0.7792953848838806 
vn 0.5145033001899719 -0.22079074382781982 -0.8285757899284363 
vn 0.5573610663414001 -0.44137316942214966 -0.7032341957092285 
vn 0.5668184757232666 -0.3047115206718445 -0.7654199600219727 
vn 0.5519241094589233 -0.47188442945480347 -0.6875353455543518 
vn 0.5887550711631775 -0.3457319140434265 -0.7306414246559143 
vn 0.6166505217552185 -0.3538413941860199 -0.7032341957092285 
vn 0.56000816822052 -0.4852498173713684 -0.6715083718299866 
vn 0.6787453293800354 -0.36279693245887756 -0.6385006904602051 
vn 0.6051180958747864 -0.5263826251029968 -0.5972883701324463 
vn 0.7569393515586853 -0.3788968026638031 -0.5324283838272095 
vn 0.6654539704322815 -0.5813896059989929 -0.46814218163490295 
vn 0.8467694520950317 -0.4017971158027649 -0.34862664341926575 
vn 0.7105394601821899 -0.622498631477356 -0.3280687630176544 
vn 0.9043039679527283 -0.36128899455070496 -0.22738653421401978 
vn 0.766294538974762 -0.5959275364875793 -0.2401314377784729 
vn 0.9222365021705627 -0.3544178903102875 -0.15449213981628418 
vn 0.8141295313835144 -0.5672441720962524 -0.1242060661315918 
vn 0.9035832285881042 -0.41001245379447937 -0.1242060661315918 
vn 0.8406453132629395 -0.5361716151237488 -0.0763898640871048 
vn 0.8696945905685425 -0.46432608366012573 -0.16742929816246033 
vn 0.8349383473396301 -0.5422902703285217 -0.09380380809307098 
vn 0.7990975379943848 -0.598304033279419 -0.058952588587999344 
vn 0.8513644933700562 -0.5038903951644897 -0.1458524912595749 
vn 0.7569270730018616 -0.6515663266181946 -0.05022686347365379 
vn 0.866945207118988 -0.491084486246109 -0.08510008454322815 
vn 0.7121392488479614 -0.7014636397361755 0.028397228568792343 
vn 0.9055432677268982 -0.42411333322525024 -0.010923261754214764 
vn 0.6772630214691162 -0.7266137599945068 0.11553031951189041 
vn 0.9311600923538208 -0.35454031825065613 0.08510008454322815 
vn 0.7068159580230713 -0.6948065757751465 0.1328723281621933 
vn 0.9232638478279114 -0.31863704323768616 0.21460255980491638 
vn 0.763096809387207 -0.6206138730049133 0.18033768236637115 
vn 0.9111772179603577 -0.30399173498153687 0.2781098484992981 
vn 0.7541294693946838 -0.5758894085884094 0.31565824151039124 
vn 0.8998204469680786 -0.2967328429222107 0.3198012113571167 
vn 0.6057026386260986 -0.6043696403503418 0.5175535082817078 
vn 0.8353889584541321 -0.3174421489238739 0.4487268626689911 
vn 0.7706447839736938 -0.41953447461128235 0.4796847105026245 
vn 0.4895709455013275 -0.7072217464447021 0.5100564956665039 
vn 0.8456428647041321 -0.4700665771961212 0.25283506512641907 
vn 0.6026127934455872 -0.7902498245239258 0.1111890971660614 
vn 0.9294762015342712 -0.33294761180877686 0.15880759060382843 
vn 0.7422534823417664 -0.6622336506843567 -0.10250037163496017 
vn 0.911967933177948 -0.20953312516212463 0.3527185618877411 
vn 0.828498363494873 -0.5357073545455933 0.16312000155448914 
vn 0.8152669668197632 -0.4213285744190216 0.3972681760787964 
vn 0.8531344532966614 -0.16489361226558685 0.4949462115764618 
vn 0.776415228843689 -0.3649366796016693 0.5138099193572998 
vn 0.8099527359008789 -0.14260374009609222 0.5688942670822144 
vn 0.7131327390670776 -0.3494020700454712 0.607749879360199 
vn 0.7548446655273438 -0.13501356542110443 0.641857385635376 
vn 0.637778639793396 -0.3471794128417969 0.6875353455543518 
vn 0.6839150786399841 -0.14228664338588715 0.715552031993866 
vn 0.5400674939155579 -0.35604366660118103 0.762600839138031 
vn 0.587347686290741 -0.14924834668636322 0.7954543828964233 
vn 0.4468570947647095 -0.3432811200618744 0.8261215686798096 
vn 0.4798368513584137 -0.15551267564296722 0.8634653687477112 
vn 0.3711576759815216 -0.3245566487312317 0.8700028657913208 
vn 0.38976719975471497 -0.15431974828243256 0.9078915119171143 
vn 0.31053468585014343 -0.29326146841049194 0.9041935205459595 
vn 0.3189127445220947 -0.14583046734333038 0.9364978075027466 
vn 0.276579350233078 -0.24734653532505035 0.9286137819290161 
vn 0.2940293550491333 -0.3617997169494629 0.8846737742424011 
vn 0.3018272817134857 -0.4801025092601776 0.8236515522003174 
vn 0.30253952741622925 -0.5717602968215942 0.762600839138031 
vn 0.29882195591926575 -0.6279515624046326 0.7185974717140198 
vn 0.2947779595851898 -0.6636272072792053 0.6875353455543518 
vn 0.29015254974365234 -0.6881690621376038 0.6650074124336243 
vn 0.2904217839241028 -0.7036042809486389 0.6485338807106018 
vn 0.28686144948005676 -0.7171596884727478 0.6351318359375 
vn 0.2818542420864105 -0.7309250831604004 0.6215357780456543 
vn 0.2733006477355957 -0.7484380006790161 0.6042742133140564 
vn 0.26104462146759033 -0.7692570090293884 0.5831804275512695 
vn 0.239889994263649 -0.7969035506248474 0.5544344186782837 
vn 0.22007913887500763 -0.8383468389511108 0.4987381398677826 
vn 0.218497171998024 -0.8725321888923645 0.43697428703308105 
vn 0.22412726283073425 -0.8899129033088684 0.3972681760787964 
vn 0.2297084480524063 -0.9022432565689087 0.3649536371231079 
vn 0.22614812850952148 -0.9156990051269531 0.33219319581985474 
vn 0.23519529402256012 -0.9287652373313904 0.2864931523799896 
vn 0.26279976963996887 -0.9406816959381104 0.21460255980491638 
vn 0.3350394070148468 -0.9333948493003845 0.12854042649269104 
vn 0.43568217754364014 -0.8978710174560547 0.0633138045668602 
vn 0.5237245559692383 -0.8517504334449768 0.0152922747656703 
vn 0.574097752571106 -0.8184340596199036 -0.024029340595006943 
vn 0.6105102896690369 -0.7914990782737732 -0.028397228568792343 
vn 0.6343917846679688 -0.7730085849761963 0.002184694167226553 
vn 0.6456490755081177 -0.7629310488700867 0.03276457265019417 
vn 0.6626653671264648 -0.747994601726532 0.03713129088282585 
vn 0.6797127723693848 -0.7330846786499023 0.024029340595006943 
vn 0.7069026231765747 -0.7069026231765747 0.024029340595006943 
vn 0.7319134473800659 -0.6798524260520935 0.04586252197623253 
vn 0.6070230603218079 -0.790571391582489 0.08074574917554855 
vn 0.2828977704048157 -0.9585902690887451 -0.03276457265019417 
vn 0.1784372329711914 -0.978132963180542 -0.10684575140476227 
vn 0.12608323991298676 -0.9805870056152344 -0.15017375349998474 
vn 0.05472407117486 -0.980465292930603 -0.18892620503902435 
vn -0.01320918370038271 -0.9766121506690979 -0.21460255980491638 
vn -0.05659854784607887 -0.9669498801231384 -0.24860523641109467 
vn -0.060389112681150436 -0.9598574638366699 -0.27391019463539124 
vn -0.052817970514297485 -0.9501281976699829 -0.30735430121421814 
vn -0.052821896970272064 -0.9357720613479614 -0.34862664341926575 
vn -0.04721125587821007 -0.9164873361587524 -0.3972681760787964 
vn -0.04721125215291977 -0.8924210071563721 -0.4487268626689911 
vn -0.05095573887228966 -0.8652535676956177 -0.4987381398677826 
vn -0.05285929888486862 -0.830547034740448 -0.5544344186782837 
vn -0.0490930937230587 -0.7899413704872131 -0.6112139225006104 
vn -0.05469702556729317 -0.741910457611084 -0.6682642698287964 
vn -0.0603361614048481 -0.6896454691886902 -0.7216291427612305 
vn -0.06039685755968094 -0.6373251676559448 -0.7682244777679443 
vn -0.06602437794208527 -0.5847765803337097 -0.8085030317306519 
vn -0.06413266807794571 -0.5378327369689941 -0.8406086564064026 
vn -0.12712498009204865 -0.5036249160766602 -0.8545181155204773 
vn -0.17940950393676758 -0.4714231789112091 -0.8634653687477112 
vn -0.21864205598831177 -0.4291091859340668 -0.8763908743858337 
vn -0.2653549015522003 -0.36908620595932007 -0.8907088041305542 
vn -0.35039088129997253 -0.29565778374671936 -0.888714075088501 
vn -0.44917312264442444 -0.22950182855129242 -0.8634653687477112 
vn -0.495944082736969 -0.18855321407318115 -0.8476362228393555 
vn -0.44759541749954224 -0.15576250851154327 -0.8805659413337708 
vn 0.3159758746623993 -0.4169479012489319 0.8522403836250305 
vn -0.3580315411090851 -0.20234747231006622 -0.9115201234817505 
vn -0.36377039551734924 -0.14402689039707184 -0.9202865362167358 
vn -0.2713761627674103 -0.14867232739925385 -0.9509214162826538 
vn -0.22253194451332092 -0.15607479214668274 -0.962351381778717 
vn -0.18766717612743378 -0.16625861823558807 -0.9680594801902771 
vn -0.14768899977207184 -0.17568261921405792 -0.9733054637908936 
vn -0.08627615869045258 -0.18477065861225128 -0.9789873361587524 
vn -0.026370571926236153 -0.1978921741247177 -0.97986900806427 
vn 0.02451781928539276 -0.20674791932106018 -0.9780870079994202 
vn 0.0867585688829422 -0.20325756072998047 -0.9752739667892456 
vn 0.16578452289104462 -0.19921085238456726 -0.9658315181732178 
vn 0.24443009495735168 -0.1897430270910263 -0.9509214162826538 
vn 0.2935228943824768 -0.19924956560134888 -0.9349566102027893 
vn 0.32305875420570374 -0.2206936627626419 -0.9202865362167358 
vn 0.3573160171508789 -0.25493550300598145 -0.8985171914100647 
vn 0.4288555979728699 -0.3368183970451355 -0.838234007358551 
vn 0.5270826816558838 -0.4389846920967102 -0.7276512384414673 
vn 0.5594737529754639 -0.5034136176109314 -0.6584556698799133 
vn 0.5440641045570374 -0.5200292468070984 -0.6584556698799133 
vn 0.5440332889556885 -0.5560523867607117 -0.6283578276634216 
vn 0.5807502269744873 -0.6314495801925659 -0.5138099193572998 
vn 0.5999965667724609 -0.7160273790359497 -0.3568037748336792 
vn 0.6018683314323425 -0.7616373300552368 -0.2401314377784729 
vn 0.5940441489219666 -0.7829571962356567 -0.18463370203971863 
vn 0.627663791179657 -0.7662988305091858 -0.1372016966342926 
vn 0.6993774175643921 -0.7060511112213135 -0.1111890971660614 
vn 0.7451674342155457 -0.662487804889679 -0.0763898640871048 
vn 0.7679757475852966 -0.6400279998779297 -0.024029340595006943 
vn 0.7582216858863831 -0.6515539288520813 0.024029340595006943 
vn 0.6590991616249084 -0.7244808077812195 0.2017817199230194 
vn 0.5424389243125916 -0.8062983751296997 0.23588760197162628 
vn 0.5742512345314026 -0.818652868270874 -0.006554040592163801 
vn 0.6459203362464905 -0.7632516026496887 -0.0152922747656703 
vn 0.6651087403297424 -0.701106607913971 0.25706008076667786 
vn 0.5351877212524414 -0.624446451663971 0.5688942670822144 
vn 0.511328399181366 -0.6377295255661011 0.5760593414306641 
vn 0.658392608165741 -0.7357304692268372 0.15880759060382843 
vn 0.6554410457611084 -0.7354617714881897 -0.17173540592193604 
vn 0.6862910389900208 -0.7223313450813293 -0.08510008454322815 
vn 0.7413521409034729 -0.6439750790596008 0.18892620503902435 
vn 0.7265230417251587 -0.5549039840698242 0.405272513628006 
vn 0.6593809127807617 -0.5117070078849792 0.5507928133010864 
vn 0.5776150226593018 -0.5043609738349915 0.641857385635376 
vn 0.49147745966911316 -0.5008031129837036 0.7124928832054138 
vn 0.4193517565727234 -0.4792504608631134 0.7710143327713013 
vn 0.3594377636909485 -0.4524465799331665 0.8161473870277405 
vn 0.32050204277038574 -0.5224708914756775 0.790128231048584 
vn 0.32050007581710815 -0.6028621792793274 0.7306414246559143 
vn 0.31530770659446716 -0.6541224718093872 0.6875353455543518 
vn 0.31580784916877747 -0.6799768209457397 0.661737859249115 
vn 0.31292831897735596 -0.7000678181648254 0.641857385635376 
vn 0.3048362135887146 -0.7186855673789978 0.6249527335166931 
vn 0.30679795145988464 -0.7295837998390198 0.6112139225006104 
vn 0.30168747901916504 -0.7431226372718811 0.5972883701324463 
vn 0.3000485599040985 -0.7576313614845276 0.5796254277229309 
vn 0.29343587160110474 -0.7761819362640381 0.5580654144287109 
vn 0.2794484794139862 -0.8014727830886841 0.528724730014801 
vn 0.25477880239486694 -0.8329852819442749 0.4911448359489441 
vn 0.2603210210800171 -0.8549135327339172 0.4487268626689911 
vn 0.25688034296035767 -0.8736362457275391 0.41324591636657715 
vn 0.2533988952636719 -0.887359082698822 0.3852050006389618 
vn 0.2660568952560425 -0.9018458724021912 0.34042292833328247 
vn 0.3395726680755615 -0.9035613536834717 0.2612801790237427 
vn 0.4676092863082886 -0.8703296780586243 0.15449213981628418 
vn 0.5911315083503723 -0.805270254611969 0.04586252197623253 
vn 0.6743503212928772 -0.7384083271026611 -0.002184694167226553 
vn 0.7016110420227051 -0.7122888565063477 0.01966099627315998 
vn 0.6738868951797485 -0.7379008531570435 0.03713129088282585 
vn 0.6224662065505981 -0.7822777032852173 0.024029340595006943 
vn 0.5616069436073303 -0.8269166946411133 0.028397228568792343 
vn 0.5042080879211426 -0.863247811794281 0.024029340595006943 
vn 0.46297892928123474 -0.8849450349807739 -0.05022686347365379 
vn 0.45775407552719116 -0.8784286379814148 -0.1372016966342926 
vn 0.48887261748313904 -0.8593319654464722 -0.15017375349998474 
vn 0.5247712135314941 -0.8460590839385986 -0.09380380809307098 
vn 0.7504050731658936 -0.6570414900779724 0.07203252613544464 
vn 0.5970776677131653 -0.8006094694137573 0.05022686347365379 
vn 0.2647397518157959 -0.9612894654273987 -0.0763898640871048 
vn 0.17458583414554596 -0.9756355285644531 -0.1328723281621933 
vn 0.11682946979999542 -0.9766417741775513 -0.18033768236637115 
vn 0.052826281636953354 -0.9743234515190125 -0.21886809170246124 
vn -0.011325903236865997 -0.9685386419296265 -0.24860523641109467 
vn -0.01132984273135662 -0.9592580199241638 -0.28230419754981995 
vn -0.007554769981652498 -0.9474545121192932 -0.3198012113571167 
vn -0.007551168091595173 -0.9325808882713318 -0.36088213324546814 
vn -0.0018882994772866368 -0.9124144315719604 -0.40926313400268555 
vn -0.0037788832560181618 -0.8877022862434387 -0.46040233969688416 
vn -0.001889657462015748 -0.8601388335227966 -0.5100564956665039 
vn 0.003777630627155304 -0.8248798847198486 -0.5652954578399658 
vn 0.0037761125713586807 -0.7860849499702454 -0.6181069612503052 
vn 0.00377632025629282 -0.7380461692810059 -0.67473965883255 
vn 0.0018891204381361604 -0.6891175508499146 -0.7246471047401428 
vn 0.0018909444333985448 -0.6368150115013123 -0.7710143327713013 
vn -0.003781221341341734 -0.5849415063858032 -0.8110666871070862 
vn -0.009451786056160927 -0.5378817915916443 -0.8429672718048096 
vn -0.06974227726459503 -0.49956342577934265 -0.8634653687477112 
vn -0.1251760572195053 -0.46107691526412964 -0.8784868121147156 
vn -0.1783721148967743 -0.40962162613868713 -0.8946471214294434 
vn -0.22103774547576904 -0.3325064778327942 -0.916832447052002 
vn -0.2652369439601898 -0.2652369439601898 -0.926983654499054 
vn -0.26885083317756653 -0.1915886402130127 -0.9439348578453064 
vn -0.2194422036409378 -0.18742135167121887 -0.9574540853500366 
vn -0.18557456135749817 -0.18691040575504303 -0.9646899104118347 
vn -0.13805939257144928 -0.19387729465961456 -0.9712626934051514 
vn -0.08119067549705505 -0.20095397531986237 -0.976230263710022 
vn -0.022711819037795067 -0.21125087141990662 -0.9771679639816284 
vn 0.02837594598531723 -0.2191700041294098 -0.9752739667892456 
vn 0.09051496535539627 -0.22470623254776 -0.9702134728431702 
vn 0.16439615190029144 -0.226914644241333 -0.9599394202232361 
vn 0.24551360309123993 -0.22682185471057892 -0.9424833655357361 
vn 0.2952477037906647 -0.23787043988704681 -0.9253358840942383 
vn 0.3244748115539551 -0.25910547375679016 -0.9097144603729248 
vn 0.36196473240852356 -0.3059169054031372 -0.8805659413337708 
vn 0.4419737160205841 -0.3938854932785034 -0.8059239983558655 
vn 0.5329062938690186 -0.48881709575653076 -0.6907016038894653 
vn 0.5599942207336426 -0.5279425382614136 -0.6385006904602051 
vn 0.5514560341835022 -0.5447816848754883 -0.6317508816719055 
vn 0.5639448165893555 -0.6120201945304871 -0.5544344186782837 
vn 0.5819893479347229 -0.707295835018158 -0.401274174451828 
vn 0.5778903365135193 -0.7799869179725647 -0.2401314377784729 
vn 0.5500555634498596 -0.8244900703430176 -0.1328723281621933 
vn 0.5153099298477173 -0.8497603535652161 -0.1111890971660614 
vn 0.5194563865661621 -0.8343113660812378 -0.18463370203971863 
vn 0.5847232937812805 -0.7868241667747498 -0.1975002884864807 
vn 0.6615543365478516 -0.7309673428535461 -0.16742929816246033 
vn 0.7372068762779236 -0.6678470373153687 -0.10250037163496017 
vn 0.766693115234375 -0.6400460004806519 0.05022686347365379 
vn 0.6886042356491089 -0.6445711255073547 0.33219319581985474 
vn 0.6117463111877441 -0.6997085213661194 0.3690181374549866 
vn 0.6285240650177002 -0.7777625322341919 -0.006554040592163801 
vn 0.6218023896217346 -0.7710625529289246 -0.1372016966342926 
vn 0.6752631664276123 -0.7326511144638062 0.08510008454322815 
vn 0.6753727197647095 -0.5634199380874634 0.4758462607860565 
vn 0.6563418507575989 -0.44705191254615784 0.607749879360199 
vn 0.7413256168365479 -0.5684429407119751 0.3568037748336792 
vn 0.7070645689964294 -0.7070645689964294 0.010923261754214764 
vn 0.6297998428344727 -0.7603501081466675 -0.15880759060382843 
vn 0.6616634726524353 -0.7483969926834106 -0.04586252197623253 
vn 0.6784738898277283 -0.6971487998962402 0.23163928091526031 
vn 0.6135414242744446 -0.6415579915046692 0.46040233969688416 
vn 0.5322341322898865 -0.606896698474884 0.590256929397583 
vn 0.4547927677631378 -0.5996662974357605 0.6584556698799133 
vn 0.39237409830093384 -0.5817185044288635 0.7124928832054138 
vn 0.3488733470439911 -0.5564948916435242 0.7540562748908997 
vn 0.3383536636829376 -0.6287664771080017 0.7001210451126099 
vn 0.33616873621940613 -0.6701444983482361 0.661737859249115 
vn 0.3302803635597229 -0.6951487064361572 0.6385006904602051 
vn 0.3255465030670166 -0.7095445990562439 0.6249527335166931 
vn 0.3186344504356384 -0.7274009585380554 0.607749879360199 
vn 0.3158673048019409 -0.7428489923477173 0.590256929397583 
vn 0.3142041563987732 -0.7573240995407104 0.5724822878837585 
vn 0.30760297179222107 -0.7758915424346924 0.5507928133010864 
vn 0.3042423725128174 -0.7948585152626038 0.5250110030174255 
vn 0.2870051860809326 -0.8247020840644836 0.48733407258987427 
vn 0.2818947732448578 -0.8480445146560669 0.4487268626689911 
vn 0.2891165316104889 -0.8653989434242249 0.40926313400268555 
vn 0.36582040786743164 -0.8770048022270203 0.31150925159454346 
vn 0.5263294577598572 -0.8361276984214783 0.15449213981628418 
vn 0.6627666354179382 -0.7481088638305664 0.03276457265019417 
vn 0.7228041887283325 -0.6907731294631958 -0.01966099627315998 
vn 0.7070915699005127 -0.7070915699005127 -0.006554040592163801 
vn 0.6277639865875244 -0.7716255784034729 0.10250037163496017 
vn 0.3759550154209137 -0.6486608386039734 0.661737859249115 
vn 0.5580618381500244 -0.8258614540100098 0.08074574917554855 
vn 0.6626653671264648 -0.747994601726532 -0.03713129088282585 
vn 0.6819964647293091 -0.7273550629615784 -0.0763898640871048 
vn 0.6226444840431213 -0.7825018167495728 -0.002184694167226553 
vn 0.4764670431613922 -0.8504071831703186 0.22312943637371063 
vn 0.3403666913509369 -0.8426608443260193 0.417220801115036 
vn 0.3012167811393738 -0.8196181654930115 0.48733407258987427 
vn 0.3147815763950348 -0.7932037115097046 0.5212872624397278 
vn 0.37340882420539856 -0.8325079679489136 0.40926313400268555 
vn 0.5201792120933533 -0.8456032872200012 0.11986933648586273 
vn 0.6071144342422485 -0.7855211496353149 -0.11986933648586273 
vn 0.6130720376968384 -0.7808802723884583 -0.11986933648586273 
vn 0.5429165959358215 -0.8397156000137329 0.010923261754214764 
vn 0.3922243118286133 -0.8902265429496765 0.23163928091526031 
vn 0.33780601620674133 -0.9029946327209473 0.26549527049064636 
vn 0.4570516347885132 -0.8620908260345459 0.21886809170246124 
vn 0.24632273614406586 -0.9581503868103027 0.1458524912595749 
vn 0.08660635352134705 -0.900971531867981 0.42514660954475403 
vn 0.2090732753276825 -0.8433958888053894 0.4949462115764618 
vn 0.4422382116317749 -0.8263684511184692 0.34862664341926575 
vn 0.5020883679389954 -0.8570647835731506 0.11553031951189041 
vn 0.5797931551933289 -0.8082904815673828 -0.10250037163496017 
vn 0.5898502469062805 -0.7880908846855164 -0.1760382205247879 
vn 0.526762843132019 -0.8469546437263489 0.07203252613544464 
vn 0.38389402627944946 -0.8257440328598022 0.41324591636657715 
vn 0.31468671560287476 -0.7782055139541626 0.5434780716896057 
vn 0.31776949763298035 -0.7585392594337463 0.5688942670822144 
vn 0.39535805583000183 -0.8079266548156738 0.43697428703308105 
vn 0.5580618381500244 -0.8258614540100098 0.08074574917554855 
vn 0.6325950622558594 -0.7552022337913513 -0.17173540592193604 
vn 0.6270426511764526 -0.7776336669921875 -0.04586252197623253 
vn 0.5678219795227051 -0.8001537919044495 0.19321508705615997 
vn 0.49886852502822876 -0.7860909700393677 0.3649536371231079 
vn 0.3452349901199341 -0.6783926486968994 0.6485338807106018 
vn 0.0995679423213005 -0.7574964761734009 0.6452018022537231 
vn -0.06786810606718063 -0.9393022060394287 0.3363112509250641 
vn 0.11301462352275848 -0.9933987855911255 -0.01966099627315998 
vn 0.06980564445257187 -0.9892444014549255 -0.12854042649269104 
vn 0.09049470722675323 -0.9621490836143494 -0.25706008076667786 
vn 0.15781325101852417 -0.9191621541976929 -0.36088213324546814 
vn 0.23536467552185059 -0.9148630499839783 -0.3280687630176544 
vn 0.2991393208503723 -0.9353194832801819 -0.18892620503902435 
vn 0.3278096318244934 -0.9404993653297424 -0.08945280313491821 
vn 0.5616069436073303 -0.8269166946411133 -0.028397228568792343 
vn 0.7632054090499878 -0.639310896396637 0.09380380809307098 
vn 0.5617678165435791 -0.8271536231040955 0.0152922747656703 
vn 0.2520444691181183 -0.9613066911697388 -0.1111890971660614 
vn 0.1671897917985916 -0.9723371267318726 -0.16312000155448914 
vn 0.11484579741954803 -0.9699258804321289 -0.21460255980491638 
vn 0.04529713839292526 -0.9653332233428955 -0.25706008076667786 
vn 0.04529878497123718 -0.955748438835144 -0.29067665338516235 
vn 0.041519563645124435 -0.943740963935852 -0.3280687630176544 
vn 0.0471961535513401 -0.9282231330871582 -0.3690181374549866 
vn 0.0453001968562603 -0.9076754450798035 -0.417220801115036 
vn 0.047208406031131744 -0.8803343772888184 -0.4719987213611603 
vn 0.05283765494823456 -0.8494536876678467 -0.5250110030174255 
vn 0.0603676363825798 -0.8151756525039673 -0.5760593414306641 
vn 0.06602346152067184 -0.7751176357269287 -0.6283578276634216 
vn 0.06605523824691772 -0.732126772403717 -0.677958071231842 
vn 0.06977775692939758 -0.6855783462524414 -0.7246471047401428 
vn 0.06601445376873016 -0.6401362419128418 -0.7654199600219727 
vn 0.05849016085267067 -0.5926555395126343 -0.8033295273780823 
vn 0.05661709979176521 -0.5386757254600525 -0.8406086564064026 
vn -0.011332795955240726 -0.49291643500328064 -0.8700028657913208 
vn -0.06592618674039841 -0.4536970853805542 -0.888714075088501 
vn -0.13363634049892426 -0.4015129506587982 -0.9060511589050293 
vn -0.17911136150360107 -0.3203098475933075 -0.9302261471748352 
vn -0.2160719484090805 -0.2441140115261078 -0.9453682899475098 
vn -0.18387173116207123 -0.23316392302513123 -0.9548956751823425 
vn -0.13371695578098297 -0.23664230108261108 -0.962351381778717 
vn -0.07459019124507904 -0.23936833441257477 -0.9680594801902771 
vn -0.013214554637670517 -0.24613407254219055 -0.9691457152366638 
vn 0.03022104687988758 -0.24889272451400757 -0.9680594801902771 
vn 0.09256933629512787 -0.25555962324142456 -0.962351381778717 
vn 0.17184822261333466 -0.26230406761169434 -0.949560284614563 
vn 0.24433261156082153 -0.2683497667312622 -0.931820809841156 
vn 0.2999991476535797 -0.28130337595939636 -0.9115201234817505 
vn 0.3285302519798279 -0.3085104525089264 -0.8926864862442017 
vn 0.3633246421813965 -0.3606550693511963 -0.8590245246887207 
vn 0.4428377151489258 -0.44817978143692017 -0.7765498161315918 
vn 0.5314222574234009 -0.5247433185577393 -0.6650074124336243 
vn 0.5579911470413208 -0.5459669232368469 -0.6249527335166931 
vn 0.5593175292015076 -0.5820314884185791 -0.590256929397583 
vn 0.5821192860603333 -0.6728501915931702 -0.456519216299057 
vn 0.5806527733802795 -0.7696458101272583 -0.26549527049064636 
vn 0.537957489490509 -0.8386654257774353 -0.08510008454322815 
vn 0.47804227471351624 -0.878334105014801 -0.002184694167226553 
vn 0.45605677366256714 -0.8879959583282471 -0.058952588587999344 
vn 0.4634453058242798 -0.8480203747749329 -0.25706008076667786 
vn 0.5343704223632812 -0.7772361040115356 -0.33219319581985474 
vn 0.6231622695922852 -0.7191676497459412 -0.30735430121421814 
vn 0.6914952993392944 -0.699508786201477 -0.18033768236637115 
vn 0.7050207853317261 -0.7063547372817993 0.0633138045668602 
vn 0.612392008304596 -0.6763724684715271 0.40926313400268555 
vn 0.5112934112548828 -0.6998851895332336 0.4987381398677826 
vn 0.5326968431472778 -0.8371421098709106 0.1242060661315918 
vn 0.5262760519981384 -0.8309704065322876 -0.18033768236637115 
vn 0.6002873182296753 -0.7838592529296875 -0.15880759060382843 
vn 0.6950398683547974 -0.6937048435211182 0.18892620503902435 
vn 0.6355847120285034 -0.5409800410270691 0.5507928133010864 
vn 0.6149840950965881 -0.5816481113433838 0.5324283838272095 
vn 0.6467286944389343 -0.728036642074585 0.22738653421401978 
vn 0.6088248491287231 -0.791111171245575 -0.058952588587999344 
vn 0.5847232937812805 -0.7868241667747498 -0.1975002884864807 
vn 0.6225731372833252 -0.7824121713638306 -0.0152922747656703 
vn 0.5983495116233826 -0.7382004261016846 0.31150925159454346 
vn 0.5052942037582397 -0.6820028424263 0.528724730014801 
vn 0.4228094816207886 -0.6594887375831604 0.6215357780456543 
vn 0.3572753965854645 -0.6816679239273071 0.6385006904602051 
vn 0.3459830582141876 -0.6998069286346436 0.6249527335166931 
vn 0.3323840796947479 -0.7212218046188354 0.607749879360199 
vn 0.3227989971637726 -0.7398632168769836 0.590256929397583 
vn 0.40326055884361267 -0.7839630842208862 0.4719987213611603 
vn 0.5856406688690186 -0.8034979701042175 0.10684575140476227 
vn 0.66105717420578 -0.7304179668426514 -0.17173540592193604 
vn 0.6502710580825806 -0.758316695690155 -0.04586252197623253 
vn 0.5907644629478455 -0.7822985649108887 0.1975002884864807 
vn 0.477020263671875 -0.7860041260719299 0.3932546079158783 
vn 0.31979674100875854 -0.6969570517539978 0.641857385635376 
vn 0.29248350858688354 -0.5844032168388367 0.7569189071655273 
vn 0.17413674294948578 -0.8138052225112915 0.5544344186782837 
vn -0.08295149356126785 -0.996263861656189 0.024029340595006943 
vn -0.022658728063106537 -0.9614883065223694 -0.27391019463539124 
vn 0.0377359576523304 -0.8787185549736023 -0.4758462607860565 
vn 0.08298429101705551 -0.8329169750213623 -0.5471406579017639 
vn 0.13724718987941742 -0.8749916553497314 -0.4642767012119293 
vn 0.22614812850952148 -0.9156990051269531 -0.33219319581985474 
vn 0.33320772647857666 -0.9228436946868896 -0.19321508705615997 
vn 0.38231557607650757 -0.9131289720535278 -0.1415284425020218 
vn 0.3492414951324463 -0.9331604242324829 -0.08510008454322815 
vn 0.5986579060554504 -0.8008587956428528 0.0152922747656703 
vn 0.7655910849571228 -0.6336460113525391 0.1111890971660614 
vn 0.5172773003578186 -0.8556811809539795 -0.0152922747656703 
vn 0.2301226705312729 -0.9621697664260864 -0.1458524912595749 
vn 0.15601275861263275 -0.9669250845909119 -0.2017817199230194 
vn 0.10738861560821533 -0.9615311026573181 -0.25283506512641907 
vn 0.09989647567272186 -0.9528601169586182 -0.2864931523799896 
vn 0.09423605352640152 -0.9399417042732239 -0.3280687630176544 
vn 0.09798286110162735 -0.9226125478744507 -0.37307560443878174 
vn 0.09616966545581818 -0.8981240391731262 -0.42909738421440125 
vn 0.1017911434173584 -0.8672624230384827 -0.48733407258987427 
vn 0.11299622058868408 -0.8341715931892395 -0.5398051738739014 
vn 0.11861833930015564 -0.7984525561332703 -0.590256929397583 
vn 0.12785208225250244 -0.7589273452758789 -0.6385006904602051 
vn 0.13703933358192444 -0.7191915512084961 -0.681163489818573 
vn 0.13891319930553436 -0.6814109086990356 -0.7185974717140198 
vn 0.13687264919281006 -0.6457520127296448 -0.7511792182922363 
vn 0.12766098976135254 -0.6030231714248657 -0.7874425053596497 
vn 0.1256639063358307 -0.5529979467391968 -0.8236515522003174 
vn 0.049031928181648254 -0.49060261249542236 -0.8700028657913208 
vn -0.009457380510866642 -0.44667330384254456 -0.8946471214294434 
vn -0.0696139857172966 -0.3972204327583313 -0.9150791168212891 
vn -0.13062390685081482 -0.3165871500968933 -0.9395264387130737 
vn -0.06951144337654114 -0.31427493691444397 -0.946783721446991 
vn -0.015150327235460281 -0.31321829557418823 -0.949560284614563 
vn 0.0377984344959259 -0.31129810214042664 -0.949560284614563 
vn 0.10041175037622452 -0.31881430745124817 -0.9424833655357361 
vn 0.17449334263801575 -0.3274576663970947 -0.9286137819290161 
vn 0.24253658950328827 -0.33703941106796265 -0.9097144603729248 
vn 0.2942107021808624 -0.3516068458557129 -0.888714075088501 
vn 0.3214508891105652 -0.37884384393692017 -0.8678402304649353 
vn 0.35637786984443665 -0.4364836812019348 -0.8261215686798096 
vn 0.43716010451316833 -0.5118487477302551 -0.7395281791687012 
vn 0.5168460607528687 -0.5702517032623291 -0.6385006904602051 
vn 0.5395238995552063 -0.5969432592391968 -0.5937783122062683 
vn 0.5524134039878845 -0.6563831567764282 -0.5138099193572998 
vn 0.5752955079078674 -0.7456070184707642 -0.3363112509250641 
vn 0.5659754276275635 -0.8168897032737732 -0.1111890971660614 
vn 0.5072291493415833 -0.8584190011024475 0.0763898640871048 
vn 0.4541880488395691 -0.8872391581535339 0.08074574917554855 
vn 0.4409986734390259 -0.8946124911308289 -0.07203252613544464 
vn 0.42077532410621643 -0.8520035743713379 -0.31150925159454346 
vn 0.4395780563354492 -0.7890795469284058 -0.42909738421440125 
vn 0.5119481682777405 -0.7508900761604309 -0.417220801115036 
vn 0.6098061203956604 -0.7629431486129761 -0.21460255980491638 
vn 0.6429197788238525 -0.7629380226135254 0.06767380982637405 
vn 0.5399039387702942 -0.6943155527114868 0.4758462607860565 
vn 0.4100407361984253 -0.6675027012825012 0.6215357780456543 
vn 0.44427168369293213 -0.8474254012107849 0.29067665338516235 
vn 0.4576485753059387 -0.8732268810272217 -0.16742929816246033 
vn 0.5067933797836304 -0.7771583199501038 -0.37307560443878174 
vn 0.640454888343811 -0.7564141750335693 -0.1328723281621933 
vn 0.6488003730773926 -0.6514667272567749 0.3932546079158783 
vn 0.563886284828186 -0.5398762226104736 0.6249527335166931 
vn 0.6259365081787109 -0.6485983729362488 0.43303996324539185 
vn 0.6181028485298157 -0.7698889970779419 0.15880759060382843 
vn 0.5959776639938354 -0.7888336181640625 -0.15017375349998474 
vn 0.5953655242919922 -0.7777043581008911 -0.2017817199230194 
vn 0.5983057618141174 -0.795233428478241 0.0981530249118805 
vn 0.5141693353652954 -0.7449028491973877 0.42514660954475403 
vn 0.4066629707813263 -0.6942999958992004 0.5937783122062683 
vn 0.3962487578392029 -0.7290747165679932 0.5580654144287109 
vn 0.39921319484710693 -0.7618865966796875 0.5100564956665039 
vn 0.5641096234321594 -0.8111180663108826 0.15449213981628418 
vn 0.6236687302589417 -0.7595707178115845 -0.18463370203971863 
vn 0.5336526036262512 -0.7986675500869751 0.2781098484992981 
vn 0.5980422496795654 -0.794883131980896 -0.10250037163496017 
vn 0.6044656038284302 -0.7683627605438232 -0.2103329300880432 
vn 0.6245449781417847 -0.771048903465271 -0.1242060661315918 
vn 0.5976310968399048 -0.7891810536384583 0.1415284425020218 
vn 0.5161749124526978 -0.7457642555236816 0.42118772864341736 
vn 0.6284160614013672 -0.7776288986206055 0.01966099627315998 
vn 0.5968052744865417 -0.7207031846046448 0.3527185618877411 
vn 0.5367090702056885 -0.5780386924743652 0.6146662831306458 
vn 0.37498247623443604 -0.6218386292457581 0.6875353455543518 
vn 0.26565641164779663 -0.7102911472320557 0.651853621006012 
vn 0.30162861943244934 -0.6703678369522095 0.677958071231842 
vn 0.4949520230293274 -0.6690478324890137 0.5544344186782837 
vn 0.3524646759033203 -0.9138122200965881 0.2017817199230194 
vn 0.44526171684265137 -0.8693030476570129 -0.21460255980491638 
vn 0.4206567108631134 -0.7839885950088501 -0.456519216299057 
vn 0.33439889550209045 -0.7900485992431641 -0.5138099193572998 
vn 0.2570106089115143 -0.8496912717819214 -0.46040233969688416 
vn 0.2352268248796463 -0.8559778332710266 -0.46040233969688416 
vn 0.3268488049507141 -0.8593722581863403 -0.3932546079158783 
vn 0.43671441078186035 -0.8620908856391907 -0.25706008076667786 
vn 0.46993404626846313 -0.8391276597976685 -0.27391019463539124 
vn 0.37667280435562134 -0.8958094716072083 -0.23588760197162628 
vn 0.3944539427757263 -0.9116243124008179 -0.11553031951189041 
vn 0.6445188522338867 -0.7632116675376892 0.04586252197623253 
vn 0.7509509921073914 -0.6509298086166382 0.1111890971660614 
vn 0.4559347331523895 -0.8877583742141724 -0.0633138045668602 
vn 0.2172755002975464 -0.9567963480949402 -0.19321508705615997 
vn 0.15597783029079437 -0.9570547938346863 -0.24437066912651062 
vn 0.14483943581581116 -0.947070837020874 -0.2864931523799896 
vn 0.1466575413942337 -0.9332001209259033 -0.3280687630176544 
vn 0.14096860587596893 -0.9153708815574646 -0.37712597846984863 
vn 0.15040145814418793 -0.8868104815483093 -0.43697428703308105 
vn 0.15216277539730072 -0.8532917499542236 -0.4987381398677826 
vn 0.16513778269290924 -0.8156788945198059 -0.5544344186782837 
vn 0.17045684158802032 -0.7783296704292297 -0.6042742133140564 
vn 0.1852387636899948 -0.7412160634994507 -0.6452018022537231 
vn 0.18857735395431519 -0.7074283361434937 -0.681163489818573 
vn 0.1903071105480194 -0.6786060333251953 -0.7094202041625977 
vn 0.1955709308385849 -0.6508126258850098 -0.7336177229881287 
vn 0.19701750576496124 -0.6161364316940308 -0.762600839138031 
vn 0.18942077457904816 -0.5683024525642395 -0.8007197380065918 
vn 0.12157686054706573 -0.501146674156189 -0.8567795157432556 
vn 0.050962500274181366 -0.4438573122024536 -0.8946471214294434 
vn -0.011332121677696705 -0.38705432415008545 -0.9219872951507568 
vn 0.04147731885313988 -0.3849923312664032 -0.9219872951507568 
vn 0.11792021244764328 -0.45105111598968506 -0.8846737742424011 
vn 0.18538682162761688 -0.5167181491851807 -0.8358433246612549 
vn 0.24109922349452972 -0.5857653021812439 -0.7737894654273987 
vn 0.23651939630508423 -0.6302036643028259 -0.7395281791687012 
vn 0.23350338637828827 -0.6550526022911072 -0.7185974717140198 
vn 0.23353442549705505 -0.6747534275054932 -0.7001210451126099 
vn 0.22859597206115723 -0.698653519153595 -0.677958071231842 
vn 0.21414437890052795 -0.7274813055992126 -0.651853621006012 
vn 0.20901402831077576 -0.7605908513069153 -0.6146662831306458 
vn 0.1945580244064331 -0.7990660071372986 -0.5688942670822144 
vn 0.1929781138896942 -0.8382134437561035 -0.5100564956665039 
vn 0.1892874538898468 -0.875389814376831 -0.44481781125068665 
vn 0.19292902946472168 -0.9058445692062378 -0.37712597846984863 
vn 0.1931283324956894 -0.9261563420295715 -0.3239381015300751 
vn 0.1987159699201584 -0.9385181665420532 -0.28230419754981995 
vn 0.20788083970546722 -0.9471369981765747 -0.24437066912651062 
vn 0.39466774463653564 -0.9071738719940186 -0.1458524912595749 
vn 0.3400263786315918 -0.9145921468734741 -0.21886809170246124 
vn 0.3079659044742584 -0.913602352142334 -0.26549527049064636 
vn 0.28974786400794983 -0.9064102172851562 -0.30735430121421814 
vn 0.26801177859306335 -0.8932713866233826 -0.36088213324546814 
vn 0.2496621012687683 -0.8661092519760132 -0.43303996324539185 
vn 0.23321591317653656 -0.8302273154258728 -0.5062933564186096 
vn 0.2310408055782318 -0.7892904877662659 -0.5688942670822144 
vn 0.23428131639957428 -0.7503706216812134 -0.6181069612503052 
vn 0.23776809871196747 -0.7170987129211426 -0.6551609039306641 
vn 0.25003746151924133 -0.6912699341773987 -0.677958071231842 
vn 0.25671401619911194 -0.672802746295929 -0.6938546895980835 
vn 0.256724089384079 -0.6629889607429504 -0.7032341957092285 
vn 0.264924019575119 -0.639583170413971 -0.7216291427612305 
vn 0.2660684883594513 -0.6041004657745361 -0.7511792182922363 
vn 0.23861278593540192 -0.5340737700462341 -0.8110666871070862 
vn 0.18457557260990143 -0.465363085269928 -0.865661084651947 
vn 0.10845275968313217 -0.39256319403648376 -0.913308322429657 
vn 0.1764359474182129 -0.406196266412735 -0.8965907096862793 
vn 0.23744063079357147 -0.48682543635368347 -0.8406086564064026 
vn 0.2754821479320526 -0.555238664150238 -0.7847417593002319 
vn 0.2963716983795166 -0.6291117072105408 -0.7185974717140198 
vn 0.2865881621837616 -0.6573171615600586 -0.6969945430755615 
vn 0.29034262895584106 -0.6688482761383057 -0.6843559741973877 
vn 0.2814824879169464 -0.6758579015731812 -0.681163489818573 
vn 0.27632495760917664 -0.6843762993812561 -0.67473965883255 
vn 0.26429063081741333 -0.7108004689216614 -0.651853621006012 
vn 0.27030253410339355 -0.7438777089118958 -0.6112139225006104 
vn 0.2885797321796417 -0.7805922031402588 -0.5544344186782837 
vn 0.3174508810043335 -0.8157445192337036 -0.4835140109062195 
vn 0.3496495485305786 -0.8465956449508667 -0.401274174451828 
vn 0.3885948359966278 -0.8641303181648254 -0.3198012113571167 
vn 0.4417392611503601 -0.8632203936576843 -0.24437066912651062 
vn 0.5084506273269653 -0.842904806137085 -0.1760382205247879 
vn 0.5922540426254272 -0.7997506260871887 -0.0981530249118805 
vn 0.6687547564506531 -0.74347984790802 -0.002184694167226553 
vn 0.7195641994476318 -0.6902115345001221 0.0763898640871048 
vn 0.6985647082328796 -0.7119119763374329 0.07203252613544464 
vn 0.47418227791786194 -0.8716214895248413 -0.1242060661315918 
vn 0.39382147789001465 -0.8706120848655701 -0.2948545813560486 
vn 0.4525824189186096 -0.824185311794281 -0.34042292833328247 
vn 0.3967970311641693 -0.8457205295562744 -0.3568037748336792 
vn 0.2877325415611267 -0.856204092502594 -0.42909738421440125 
vn 0.2497672736644745 -0.8518485426902771 -0.46040233969688416 
vn 0.31977957487106323 -0.8620277643203735 -0.3932546079158783 
vn 0.43490204215049744 -0.8564549684524536 -0.2781098484992981 
vn 0.5754392147064209 -0.7855985164642334 -0.22738653421401978 
vn 0.7337170839309692 -0.6616580486297607 -0.15449213981628418 
vn 0.796658992767334 -0.5984082221984863 -0.08510008454322815 
vn 0.7337170839309692 -0.6616580486297607 0.15449213981628418 
vn 0.6377114653587341 -0.7150145173072815 0.2864931523799896 
vn 0.3622876703739166 -0.7355349659919739 0.5724822878837585 
vn 0.5171904563903809 -0.6329846978187561 0.5760593414306641 
vn 0.5880996584892273 -0.5175249576568604 0.6215357780456543 
vn 0.7337170839309692 -0.6616580486297607 0.15449213981628418 
vn 0.736877977848053 -0.6741573214530945 -0.05022686347365379 
vn 0.6851509809494019 -0.7278472781181335 -0.028397228568792343 
vn 0.8463059663772583 -0.516956090927124 -0.12854042649269104 
vn 0.902349054813385 -0.4309562146663666 0.006554040592163801 
vn 0.8176138997077942 -0.5018085837364197 0.28230419754981995 
vn 0.7046335935592651 -0.6645953059196472 0.24860523641109467 
vn 0.5908717513084412 -0.8049164414405823 0.05459024757146835 
vn 0.495154470205307 -0.8450480103492737 -0.2017817199230194 
vn 0.39299333095550537 -0.8440172076225281 -0.3649536371231079 
vn 0.3139905333518982 -0.8148100972175598 -0.48733407258987427 
vn 0.3420039415359497 -0.8034542798995972 -0.48733407258987427 
vn 0.44888046383857727 -0.8227792978286743 -0.34862664341926575 
vn 0.4421253204345703 -0.8211511969566345 -0.36088213324546814 
vn 0.45326316356658936 -0.8454920649528503 -0.28230419754981995 
vn 0.5691279172897339 -0.8173686861991882 -0.08945280313491821 
vn 0.7387327551841736 -0.6680360436439514 0.08945280313491821 
vn 0.7583380341529846 -0.6450769901275635 0.09380380809307098 
vn 0.6631084084510803 -0.7484946846961975 -0.006554040592163801 
vn 0.5452830791473389 -0.8186236619949341 -0.18033768236637115 
vn 0.47819700837135315 -0.8358149528503418 -0.26970529556274414 
vn 0.4551539123058319 -0.8084859251976013 -0.37307560443878174 
vn 0.42281705141067505 -0.8002974987030029 -0.42514660954475403 
vn 0.4214250445365906 -0.7148174047470093 -0.5580654144287109 
vn 0.4619082808494568 -0.767318606376648 -0.44481781125068665 
vn 0.5615003705024719 -0.7991639971733093 -0.21460255980491638 
vn 0.6722619533538818 -0.7376009821891785 0.0633138045668602 
vn 0.7172613143920898 -0.5668248534202576 0.405272513628006 
vn 0.7214154005050659 -0.4244961142539978 0.5471406579017639 
vn 0.7993731498718262 -0.4542613625526428 0.3932546079158783 
vn 0.8444517850875854 -0.5165954232215881 -0.1415284425020218 
vn 0.7444497346878052 -0.5306116938591003 -0.405272513628006 
vn 0.6681222915649414 -0.5814290642738342 -0.4642767012119293 
vn 0.6957536935806274 -0.6210401654243469 -0.36088213324546814 
vn 0.750530481338501 -0.6319587826728821 0.19321508705615997 
vn 0.6717630624771118 -0.4871317744255066 0.5580654144287109 
vn 0.6315692663192749 -0.45886194705963135 0.6249527335166931 
vn 0.6601220965385437 -0.6587889194488525 0.36088213324546814 
vn 0.6135885715484619 -0.7867206335067749 -0.06767380982637405 
vn 0.5112219452857971 -0.7621221542358398 -0.3972681760787964 
vn 0.43743184208869934 -0.7022552490234375 -0.5616858005523682 
vn 0.4014025330543518 -0.7632450461387634 -0.5062933564186096 
vn 0.5288302898406982 -0.7927245497703552 -0.30319350957870483 
vn 0.6104286909103394 -0.7913932800292969 0.03276457265019417 
vn 0.5383893847465515 -0.6820301413536072 0.4949462115764618 
vn 0.4374266564846039 -0.5796145796775818 0.6875353455543518 
vn 0.516700804233551 -0.7291532754898071 0.4487268626689911 
vn 0.5676730275154114 -0.8224163055419922 -0.03713129088282585 
vn 0.544079601764679 -0.706474244594574 -0.45262736082077026 
vn 0.6304203867912292 -0.6851123571395874 -0.3649536371231079 
vn 0.39029207825660706 -0.8017484545707703 -0.45262736082077026 
vn 0.4549025595188141 -0.7551693916320801 -0.4719987213611603 
vn 0.4528447389602661 -0.749096691608429 -0.4835140109062195 
vn 0.4698635935783386 -0.7962024211883545 -0.3811691105365753 
vn 0.4779505431652069 -0.8303523063659668 -0.2864931523799896 
vn 0.5408539175987244 -0.8387302160263062 -0.0633138045668602 
vn 0.6226444840431213 -0.7825018167495728 -0.002184694167226553 
vn 0.718418538570404 -0.6903859972953796 0.08510008454322815 
vn 0.7414013147354126 -0.6680684685707092 0.0633138045668602 
vn 0.6909050345420837 -0.7229422330856323 0.002184694167226553 
vn 0.7239435315132141 -0.6785857081413269 0.1242060661315918 
vn 0.6555969715118408 -0.7408910989761353 0.1458524912595749 
vn 0.5813804864883423 -0.803413987159729 0.12854042649269104 
vn 0.5187507271766663 -0.8506795167922974 -0.08510008454322815 
vn 0.4993930757045746 -0.8246931433677673 -0.26549527049064636 
vn 0.48731741309165955 -0.7836701273918152 -0.3852050006389618 
vn 0.47686827182769775 -0.8032979965209961 -0.3568037748336792 
vn 0.4325603246688843 -0.8397990465164185 -0.3280687630176544 
vn 0.4625106453895569 -0.8790544271469116 -0.11553031951189041 
vn 0.5034265518188477 -0.8467990756034851 -0.17173540592193604 
vn 0.512830913066864 -0.8278283476829529 -0.22738653421401978 
vn 0.5204955339431763 -0.8511784076690674 -0.06767380982637405 
vn 0.5469381809234619 -0.8291630744934082 0.11553031951189041 
vn 0.5898502469062805 -0.7880908846855164 0.1760382205247879 
vn 0.6515193581581116 -0.7408875823020935 0.16312000155448914 
vn 0.6879170536994934 -0.7226274609565735 0.06767380982637405 
vn 0.6100366711616516 -0.7857155799865723 -0.10250037163496017 
vn 0.5240570306777954 -0.8195776343345642 -0.23163928091526031 
vn 0.6162527799606323 -0.7814080119132996 -0.0981530249118805 
vn 0.6226088404655457 -0.7824569940567017 0.010923261754214764 
vn 0.5908717513084412 -0.8049164414405823 0.05459024757146835 
vn 0.5557392835617065 -0.8143225908279419 0.16742929816246033 
vn 0.5310757160186768 -0.8368414044380188 0.1328723281621933 
vn 0.517306923866272 -0.8557302355766296 -0.010923261754214764 
vn 0.502519965171814 -0.8628404140472412 0.05459024757146835 
vn 0.47253847122192383 -0.8763037323951721 0.09380380809307098 
vn 0.4969232976436615 -0.8506316542625427 0.17173540592193604 
vn 0.4966738522052765 -0.845167875289917 0.1975002884864807 
vn 0.5034265518188477 -0.8467990756034851 0.17173540592193604 
vn 0.5245636105537415 -0.8355985283851624 0.16312000155448914 
vn 0.5537605881690979 -0.830884575843811 0.05459024757146835 
vn 0.535642683506012 -0.8220431208610535 -0.19321508705615997 
vn 0.5486847162246704 -0.802061140537262 -0.23588760197162628 
vn 0.5259550213813782 -0.797766923904419 -0.2948545813560486 
vn 0.45724233984947205 -0.814629077911377 -0.3568037748336792 
vn 0.4038137197494507 -0.7950238585472107 -0.45262736082077026 
vn 0.36532580852508545 -0.7635816931724548 -0.5324283838272095 
vn 0.32816797494888306 -0.731814444065094 -0.5972883701324463 
vn 0.30148759484291077 -0.7081116437911987 -0.6385006904602051 
vn 0.31683266162872314 -0.6921133399009705 -0.6485338807106018 
vn 0.3341657519340515 -0.6870574355125427 -0.6452018022537231 
vn 0.33222639560699463 -0.6911184787750244 -0.641857385635376 
vn 0.3341657519340515 -0.6870574355125427 -0.6452018022537231 
vn 0.33010566234588623 -0.6699219346046448 -0.6650074124336243 
vn 0.30188342928886414 -0.5833228826522827 -0.7540562748908997 
vn 0.2823467254638672 -0.5041663646697998 -0.8161473870277405 
vn 0.24380415678024292 -0.4197584390640259 -0.87427818775177 
vn 0.29045039415359497 -0.4351148009300232 -0.8522403836250305 
vn 0.3038165867328644 -0.5363112688064575 -0.7874425053596497 
vn 0.3342714011669159 -0.634398341178894 -0.6969945430755615 
vn 0.3693275451660156 -0.7177700996398926 -0.590256929397583 
vn 0.3778091073036194 -0.7248557806015015 -0.5760593414306641 
vn 0.3876666724681854 -0.7167628407478333 -0.5796254277229309 
vn 0.39081963896751404 -0.7121521234512329 -0.5831804275512695 
vn 0.37603238224983215 -0.7142803072929382 -0.590256929397583 
vn 0.4190770089626312 -0.7459978461265564 -0.5175535082817078 
vn 0.4657340943813324 -0.7739297151565552 -0.42909738421440125 
vn 0.4769231677055359 -0.7757397294044495 -0.41324591636657715 
vn 0.43768468499183655 -0.7404555678367615 -0.5100564956665039 
vn 0.42460399866104126 -0.7480332851409912 -0.5100564956665039 
vn 0.40473830699920654 -0.7589659094810486 -0.5100564956665039 
vn 0.46253442764282227 -0.7885531783103943 -0.405272513628006 
vn 0.44286251068115234 -0.7997668385505676 -0.405272513628006 
vn 0.39912042021751404 -0.7517089247703552 -0.5250110030174255 
vn 0.3798943758010864 -0.6882035136222839 -0.6181069612503052 
vn 0.3359900414943695 -0.5869928598403931 -0.736579954624176 
vn 0.3088853657245636 -0.46696043014526367 -0.8285757899284363 
vn 0.33954963088035583 -0.5226292610168457 -0.7820260524749756 
vn 0.38860175013542175 -0.647883415222168 -0.6551609039306641 
vn 0.41195929050445557 -0.7286471128463745 -0.5471406579017639 
vn 0.4392509460449219 -0.7935108542442322 -0.42118772864341736 
vn 0.5134488344192505 -0.8389568328857422 -0.18033768236637115 
vn 0.5363036394119263 -0.8433889150619507 0.03276457265019417 
vn 0.5019362568855286 -0.8517674803733826 0.15017375349998474 
vn 0.5020883679389954 -0.8570647835731506 0.11553031951189041 
vn 0.5300507545471191 -0.8476253747940063 0.024029340595006943 
vn 0.5496032238006592 -0.8085148930549622 -0.2103329300880432 
vn 0.5170750617980957 -0.8502936959266663 -0.0981530249118805 
vn 0.5172773003578186 -0.8556811809539795 -0.0152922747656703 
vn 0.509630024433136 -0.8374192118644714 -0.1975002884864807 
vn 0.4567038118839264 -0.7658655643463135 -0.45262736082077026 
vn 0.5075422525405884 -0.8262468576431274 -0.24437066912651062 
vn 0.5127875804901123 -0.7950553297996521 -0.3239381015300751 
vn 0.4793809652328491 -0.7221178412437439 -0.4987381398677826 
vn 0.4430786669254303 -0.6869038343429565 -0.5760593414306641 
vn 0.4116421043872833 -0.5871536135673523 -0.6969945430755615 
vn 0.4789241552352905 -0.6334601044654846 -0.607749879360199 
vn 0.5093458890914917 -0.6612064838409424 -0.5507928133010864 
vn 0.5366235375404358 -0.7334588766098022 -0.417220801115036 
vn 0.007368810009211302 -0.060687609016895294 0.9981296062469482 
vn -0.039294663816690445 -0.07302172482013702 0.9965559244155884 
vn -0.10511984676122665 -0.12753689289093018 0.9862475395202637 
vn -0.1031036525964737 -0.07307469844818115 0.9919826984405518 
vn -0.17494086921215057 -0.14190521836280823 0.9742990136146545 
vn -0.17607735097408295 -0.06231921911239624 0.9824016690254211 
vn -0.25322964787483215 -0.1469246745109558 0.9561840295791626 
vn -0.25308361649513245 -0.055840399116277695 0.9658315181732178 
vn -0.31733083724975586 -0.14924144744873047 0.9364978075027466 
vn -0.31824272871017456 -0.07071282714605331 0.9453682899475098 
vn -0.3713056743144989 -0.15736033022403717 0.9150791168212891 
vn -0.3656558692455292 -0.1002463847398758 0.9253358840942383 
vn -0.41506609320640564 -0.16530761122703552 0.8946471214294434 
vn -0.41223400831222534 -0.12603259086608887 0.9023185968399048 
vn -0.45620328187942505 -0.1767340898513794 0.872148871421814 
vn -0.45541784167289734 -0.14441443979740143 0.8784868121147156 
vn -0.4988349676132202 -0.19135043025016785 0.8453097939491272 
vn -0.5060995817184448 -0.1592986136674881 0.8476362228393555 
vn -0.5524824857711792 -0.19218209385871887 0.8110666871070862 
vn -0.5637015700340271 -0.15624144673347473 0.8110666871070862 
vn -0.6080478429794312 -0.18924769759178162 0.7710143327713013 
vn -0.6276353597640991 -0.14214828610420227 0.7654199600219727 
vn -0.6697361469268799 -0.17522788047790527 0.7216291427612305 
vn -0.6951079368591309 -0.11639554053544998 0.7094202041625977 
vn -0.728695809841156 -0.14975079894065857 0.6682642698287964 
vn -0.7591022253036499 -0.08647824078798294 0.6452018022537231 
vn -0.8129213452339172 -0.05650904402136803 0.5796254277229309 
vn -0.7838137149810791 -0.12757793068885803 0.607749879360199 
vn -0.8572333455085754 -0.03391656652092934 0.5138099193572998 
vn -0.8323034048080444 -0.10909916460514069 0.5434780716896057 
vn -0.8974846601486206 -0.01132401917129755 0.4409002661705017 
vn -0.876952052116394 -0.09040078520774841 0.4719987213611603 
vn -0.9277932643890381 -0.0037707174196839333 0.37307560443878174 
vn -0.9156895279884338 -0.0828462466597557 0.3932546079158783 
vn -0.9515652060508728 0.007549224887043238 0.30735430121421814 
vn -0.9424415230751038 -0.0828736424446106 0.3239381015300751 
vn -0.9675019979476929 0.003775792196393013 0.25283506512641907 
vn -0.9608600735664368 -0.07912112772464752 0.26549527049064636 
vn -0.9802737832069397 0.0075482395477592945 0.1975002884864807 
vn -0.9753351807594299 -0.07912532985210419 0.2060592919588089 
vn -0.9905359745025635 0.0037719702813774347 0.1372016966342926 
vn -0.9864539504051208 -0.08293584734201431 0.1415284425020218 
vn -0.9932810068130493 -0.08290334045886993 0.08074574917554855 
vn -0.9967061877250671 0.007545312400907278 0.08074574917554855 
vn -0.9956089854240417 -0.0904727429151535 0.024029340595006943 
vn -0.9995967149734497 -2.0673969535010134e-13 0.028397228568792343 
vn -0.995361864566803 -0.09045028686523438 -0.03276457265019417 
vn -0.9995967149734497 -2.0673969535010134e-13 -0.028397228568792343 
vn -0.9915245175361633 -0.09421952813863754 -0.08945280313491821 
vn -0.9963652491569519 0.003775860881432891 -0.08510008454322815 
vn -0.9848049283027649 -0.09426738321781158 -0.1458524912595749 
vn -0.99051433801651 0.007553040981292725 -0.1372016966342926 
vn -0.9736170768737793 -0.0980275422334671 -0.2060592919588089 
vn -0.98198401927948 0.003776020836085081 -0.18892620503902435 
vn -0.958318829536438 -0.1055334135890007 -0.26549527049064636 
vn -0.9685754776000977 0.007550697773694992 -0.24860523641109467 
vn -0.9397460222244263 -0.10927724838256836 -0.3239381015300751 
vn -0.9528617262840271 0.011325262486934662 -0.30319350957870483 
vn -0.9197033643722534 -0.1091865822672844 -0.37712597846984863 
vn -0.935698926448822 0.007556937634944916 -0.3527185618877411 
vn -0.8913624882698059 -0.12052541226148605 -0.43697428703308105 
vn -0.9105882048606873 0.007548186462372541 -0.41324591636657715 
vn -0.8544184565544128 -0.1167738065123558 -0.5062933564186096 
vn -0.8773109316825867 0.015103703364729881 -0.4796847105026245 
vn -0.8110253810882568 -0.1204235702753067 -0.5724822878837585 
vn -0.8391172885894775 0.022665951400995255 -0.5434780716896057 
vn -0.769128143787384 -0.11665502935647964 -0.6283578276634216 
vn -0.7989720106124878 0.026431158185005188 -0.6007870435714722 
vn -0.732340931892395 -0.11293046921491623 -0.6715083718299866 
vn -0.7578843235969543 0.026423927396535873 -0.651853621006012 
vn -0.6931290030479431 -0.10920660942792892 -0.7124928832054138 
vn -0.7223397493362427 0.03400791436433792 -0.6907016038894653 
vn -0.6659778952598572 -0.09783410280942917 -0.7395281791687012 
vn -0.6882813572883606 0.03399041295051575 -0.7246471047401428 
vn -0.6366091370582581 -0.09413358569145203 -0.7654199600219727 
vn -0.6592230796813965 0.03398104012012482 -0.7511792182922363 
vn -0.6097166538238525 -0.09044291824102402 -0.7874425053596497 
vn -0.6260986328125 0.026443013921380043 -0.7792953848838806 
vn -0.5737346410751343 -0.09412509202957153 -0.8136147856712341 
vn -0.5881884098052979 0.018900657072663307 -0.8085030317306519 
vn -0.5278163552284241 -0.08283240348100662 -0.8453097939491272 
vn -0.5342764258384705 -1.1050071312612361e-13 -0.8453097939491272 
vn -0.48211029171943665 -0.05663282796740532 -0.87427818775177 
vn -0.48154109716415405 -0.007564652245491743 -0.8763908743858337 
vn -0.4493977725505829 -0.0339481495320797 -0.8926864862442017 
vn -0.4427955448627472 0.0075609697960317135 -0.8965907096862793 
vn -0.3865568935871124 -0.022654535248875618 -0.9219872951507568 
vn -0.3865568935871124 0.022654535248875618 -0.9219872951507568 
vn -0.3019183576107025 -0.045143209397792816 -0.9522643685340881 
vn -0.31321829557418823 0.015150327235460281 -0.949560284614563 
vn -0.24151912331581116 -0.0816522166132927 -0.9669547080993652 
vn -0.25483620166778564 -0.007554963231086731 -0.9669547080993652 
vn -0.2038947492837906 -0.10537245869636536 -0.9733054637908936 
vn -0.21344313025474548 -0.03763578459620476 -0.976230263710022 
vn -0.15971826016902924 -0.1197781190276146 -0.97986900806427 
vn -0.16583919525146484 -0.05228889733552933 -0.9847655892372131 
vn -0.09745259582996368 -0.13348719477653503 -0.9862475395202637 
vn -0.10133888572454453 -0.06799781322479248 -0.9925254583358765 
vn -0.039322856813669205 -0.13820551335811615 -0.9896226525306702 
vn -0.041461557149887085 -0.07181352376937866 -0.9965559244155884 
vn 0.022546812891960144 -0.13752947747707367 -0.9902410507202148 
vn 0.018687747418880463 -0.06730718165636063 -0.9975572824478149 
vn 0.08892360329627991 -0.12368520349264145 -0.9883291721343994 
vn 0.09625690430402756 -0.051180705428123474 -0.9940398335456848 
vn 0.1818581521511078 -0.10135797411203384 -0.9780870079994202 
vn 0.18540094792842865 -0.02265842631459236 -0.9824016690254211 
vn 0.25038018822669983 -0.08175073564052582 -0.9646899104118347 
vn 0.25483620166778564 -0.007554963231086731 -0.9669547080993652 
vn 0.30257001519203186 -0.08238096535205841 -0.949560284614563 
vn 0.30527463555336 0 -0.9522643685340881 
vn 0.34323757886886597 -0.08968865126371384 -0.9349566102027893 
vn 0.3588438034057617 0 -0.933397650718689 
vn 0.37895330786705017 -0.09729867428541183 -0.9202865362167358 
vn 0.3992006480693817 0.007555876858532429 -0.916832447052002 
vn 0.4343789219856262 -0.1339881420135498 -0.8907088041305542 
vn 0.4467734098434448 0 -0.8946471214294434 
vn 0.5145033001899719 -0.22079074382781982 -0.8285757899284363 
vn 0.5174450874328613 -0.04527057707309723 -0.8545181155204773 
vn 0.5668184757232666 -0.3047115206718445 -0.7654199600219727 
vn 0.5847727060317993 -0.11270570009946823 -0.8033295273780823 
vn 0.5887550711631775 -0.3457319140434265 -0.7306414246559143 
vn 0.6327336430549622 -0.149673193693161 -0.7597671151161194 
vn 0.6869950294494629 -0.15735578536987305 -0.7094202041625977 
vn 0.6166505217552185 -0.3538413941860199 -0.7032341957092285 
vn 0.7618035078048706 -0.15754975378513336 -0.6283578276634216 
vn 0.6787453293800354 -0.36279693245887756 -0.6385006904602051 
vn 0.8372588753700256 -0.1650974005460739 -0.5212872624397278 
vn 0.7569393515586853 -0.3788968026638031 -0.5324283838272095 
vn 0.9225378632545471 -0.20973315834999084 -0.3239381015300751 
vn 0.8467694520950317 -0.4017971158027649 -0.34862664341926575 
vn 0.9496515393257141 -0.24663704633712769 -0.19321508705615997 
vn 0.9043039679527283 -0.36128899455070496 -0.22738653421401978 
vn 0.9479042887687683 -0.24649874866008759 -0.2017817199230194 
vn 0.9222365021705627 -0.3544178903102875 -0.15449213981628418 
vn 0.9370414614677429 -0.27549779415130615 -0.21460255980491638 
vn 0.9035832285881042 -0.41001245379447937 -0.1242060661315918 
vn 0.9307417273521423 -0.28295424580574036 -0.23163928091526031 
vn 0.8696945905685425 -0.46432608366012573 -0.16742929816246033 
vn 0.8513644933700562 -0.5038903951644897 -0.1458524912595749 
vn 0.948273241519928 -0.26125890016555786 -0.18033768236637115 
vn 0.866945207118988 -0.491084486246109 -0.08510008454322815 
vn 0.9709643721580505 -0.23184654116630554 -0.058952588587999344 
vn 0.9055432677268982 -0.42411333322525024 -0.010923261754214764 
vn 0.9795013070106506 -0.19507552683353424 0.05022686347365379 
vn 0.9311600923538208 -0.35454031825065613 0.08510008454322815 
vn 0.9796233773231506 -0.15783177316188812 0.1242060661315918 
vn 0.9232638478279114 -0.31863704323768616 0.21460255980491638 
vn 0.968941867351532 -0.14295367896556854 0.2017817199230194 
vn 0.9111772179603577 -0.30399173498153687 0.2781098484992981 
vn 0.9523307085037231 -0.1502615213394165 0.26549527049064636 
vn 0.8998204469680786 -0.2967328429222107 0.3198012113571167 
vn 0.932846188545227 -0.15767711400985718 0.3239381015300751 
vn 0.8353889584541321 -0.3174421489238739 0.4487268626689911 
vn 0.8981343507766724 -0.15027488768100739 0.41324591636657715 
vn 0.8861491084098816 -0.16497305035591125 0.43303996324539185 
vn 0.7706447839736938 -0.41953447461128235 0.4796847105026245 
vn 0.92258220911026 -0.1652316153049469 0.34862664341926575 
vn 0.8456428647041321 -0.4700665771961212 0.25283506512641907 
vn 0.9431617259979248 -0.09040555357933044 0.3198012113571167 
vn 0.9294762015342712 -0.33294761180877686 0.15880759060382843 
vn 0.9087738394737244 0.007543098647147417 0.417220801115036 
vn 0.911967933177948 -0.20953312516212463 0.3527185618877411 
vn 0.8531344532966614 -0.16489361226558685 0.4949462115764618 
vn 0.8494583368301392 0.05276322737336159 0.5250110030174255 
vn 0.8099527359008789 -0.14260374009609222 0.5688942670822144 
vn 0.8095104694366455 0.06777473539113998 0.5831804275512695 
vn 0.7548446655273438 -0.13501356542110443 0.641857385635376 
vn 0.7602985501289368 0.07523783296346664 0.6452018022537231 
vn 0.6839150786399841 -0.14228664338588715 0.715552031993866 
vn 0.6976360082626343 0.07521896809339523 0.7124928832054138 
vn 0.587347686290741 -0.14924834668636322 0.7954543828964233 
vn 0.6048274040222168 0.07519174367189407 0.7927988767623901 
vn 0.4798368513584137 -0.15551267564296722 0.8634653687477112 
vn 0.5008171796798706 0.06008105352520943 0.8634653687477112 
vn 0.38976719975471497 -0.15431974828243256 0.9078915119171143 
vn 0.40953168272972107 0.037614915519952774 0.9115201234817505 
vn 0.3189127445220947 -0.14583046734333038 0.9364978075027466 
vn 0.33004623651504517 0.007514854893088341 0.9439348578453064 
vn 0.2712915539741516 -0.13064712285995483 0.953589141368866 
vn 0.27590858936309814 -0.007506547030061483 0.961154580116272 
vn 0.23185236752033234 -0.11581860482692719 0.9658315181732178 
vn 0.2290220409631729 -0.015010898001492023 0.9733054637908936 
vn 0.1904878318309784 -0.09411241114139557 0.9771679639816284 
vn 0.19048209488391876 -0.01499126572161913 0.9815762042999268 
vn 0.14526139199733734 -0.07883507758378983 0.9862475395202637 
vn 0.14633378386497498 -0.022235412150621414 0.9889853596687317 
vn 0.09557869285345078 -0.07588139176368713 0.9925254583358765 
vn 0.09807363152503967 -0.036579571664333344 0.9945066571235657 
vn 0.05684920772910118 -0.04770215228199959 0.9972425103187561 
vn 0.06113334000110626 0 0.9981296062469482 
vn 0.012357876636087894 -0.012357876636087894 0.9998472929000854 
vn -0.0430842787027359 -0.007189494092017412 0.9990455508232117 
vn -0.10876353830099106 0.007439630106091499 0.9940398335456848 
vn -0.1849510818719864 0.02607705257833004 0.9824016690254211 
vn -0.24971142411231995 0.022474436089396477 0.9680594801902771 
vn -0.3094097673892975 -0.0037532320711761713 0.9509214162826538 
vn -0.35962703824043274 -0.048769038170576096 0.931820809841156 
vn -0.40464353561401367 -0.09318353980779648 0.9097144603729248 
vn -0.4546978175640106 -0.1192358136177063 0.882628321647644 
vn -0.511420488357544 -0.1266498863697052 0.8499464392662048 
vn -0.579802393913269 -0.11964837461709976 0.8059239983558655 
vn -0.6539053916931152 -0.09020818024873734 0.7511792182922363 
vn -0.7272410988807678 -0.05270007252693176 0.6843559741973877 
vn -0.7887061238288879 -0.01131490059196949 0.6146662831306458 
vn -0.8366240859031677 0.0264052115380764 0.5471406579017639 
vn -0.8739633560180664 0.04901326075196266 0.4835140109062195 
vn -0.9065443277359009 0.0640638992190361 0.417220801115036 
vn -0.9329838156700134 0.07162939012050629 0.3527185618877411 
vn -0.9525668621063232 0.0753469318151474 0.2948545813560486 
vn -0.9664433598518372 0.07918465882539749 0.24437066912651062 
vn -0.9779592752456665 0.07914313673973083 0.19321508705615997 
vn -0.9873776435852051 0.07912717014551163 0.1372016966342926 
vn -0.9932188987731934 0.0792095959186554 0.08510008454322815 
vn -0.9961497187614441 0.08294198662042618 0.028397228568792343 
vn -0.9956089854240417 0.0904727429151535 -0.024029340595006943 
vn -0.9922648668289185 0.0942898765206337 -0.08074574917554855 
vn -0.9872137308120728 0.09426748752593994 -0.12854042649269104 
vn -0.9791085124015808 0.10176941752433777 -0.1760382205247879 
vn -0.9666395783424377 0.10932143777608871 -0.23163928091526031 
vn -0.952642023563385 0.1130378395318985 -0.28230419754981995 
vn -0.935961902141571 0.11671758443117142 -0.33219319581985474 
vn -0.9139200448989868 0.12793481349945068 -0.3852050006389618 
vn -0.8839008212089539 0.13177086412906647 -0.4487268626689911 
vn -0.8487992882728577 0.13921961188316345 -0.5100564956665039 
vn -0.808570384979248 0.1502438336610794 -0.5688942670822144 
vn -0.7716272473335266 0.15011736750602722 -0.6181069612503052 
vn -0.7330363988876343 0.15735527873039246 -0.661737859249115 
vn -0.6995753049850464 0.15745806694030762 -0.6969945430755615 
vn -0.6676507592201233 0.15737271308898926 -0.7276512384414673 
vn -0.6369432210922241 0.14620916545391083 -0.7569189071655273 
vn -0.5995473265647888 0.12743772566318512 -0.790128231048584 
vn -0.5445446372032166 0.0940975770354271 -0.8334367275238037 
vn -0.48211029171943665 0.05663282796740532 -0.87427818775177 
vn -0.44053828716278076 0.04528871178627014 -0.8965907096862793 
vn -0.3853786885738373 0.03771922364830971 -0.9219872951507568 
vn -0.3154834806919098 0.03772066533565521 -0.9481810927391052 
vn -0.2611962556838989 0.03391076996922493 -0.9646899104118347 
vn -0.21836672723293304 0.03400970995426178 -0.9752739667892456 
vn -0.1723995953798294 0.022696837782859802 -0.9847655892372131 
vn -0.10875212401151657 0.007604689337313175 -0.9940398335456848 
vn -0.0393143892288208 -8.131124117386705e-15 -0.9992268681526184 
vn 0.025048762559890747 0.007726519834250212 -0.9996563792228699 
vn 0.10033595561981201 0.029819417744874954 -0.9945066571235657 
vn 0.18820235133171082 0.052389707416296005 -0.9807319641113281 
vn 0.25896623730659485 0.0674295648932457 -0.9635298252105713 
vn 0.3087741732597351 0.0749078020453453 -0.9481810927391052 
vn 0.370058536529541 0.08252415060997009 -0.9253358840942383 
vn 0.4198981821537018 0.09750191122293472 -0.9023185968399048 
vn 0.4643665850162506 0.11235938966274261 -0.8784868121147156 
vn 0.5215028524398804 0.0977119654417038 -0.8476362228393555 
vn 0.5916529297828674 0.06788584589958191 -0.8033295273780823 
vn 0.6585426330566406 0.04529247432947159 -0.7511792182922363 
vn 0.734478771686554 0.03022894077003002 -0.677958071231842 
vn 0.8117812871932983 0.03019481524825096 -0.5831804275512695 
vn 0.8810810446739197 0.030221914872527122 -0.4719987213611603 
vn 0.9474545121192932 -0.007554769981652498 -0.3198012113571167 
vn 0.9761995673179626 -0.05286277458071709 -0.2103329300880432 
vn 0.9696839451789856 -0.04527571052312851 -0.2401314377784729 
vn 0.9588491916656494 -0.03020862117409706 -0.28230419754981995 
vn 0.9653332233428955 -0.04529713839292526 -0.25706008076667786 
vn 0.9837263822555542 -0.05281473696231842 -0.17173540592193604 
vn 0.9971208572387695 -0.06038745865225792 -0.04586252197623253 
vn 0.9942504167556763 -0.08298425376415253 0.06767380982637405 
vn 0.9864539504051208 -0.08293584734201431 0.1415284425020218 
vn 0.9767885804176331 -0.08293221145868301 0.1975002884864807 
vn 0.9650459289550781 -0.08295676112174988 0.24860523641109467 
vn 0.9424415230751038 -0.0828736424446106 0.3239381015300751 
vn 0.9017137885093689 -0.052798837423324585 0.42909738421440125 
vn 0.8896815776824951 0.007544086314737797 0.456519216299057 
vn 0.9134435653686523 0.06782280653715134 0.401274174451828 
vn 0.9076657295227051 0.13535478711128235 0.3972681760787964 
vn 0.8697978258132935 0.1871950477361679 0.456519216299057 
vn 0.8273897171020508 0.2090117186307907 0.5212872624397278 
vn 0.7902826070785522 0.2088276743888855 0.5760593414306641 
vn 0.7445393800735474 0.21575909852981567 0.6317508816719055 
vn 0.6817470192909241 0.22230523824691772 0.6969945430755615 
vn 0.5996910929679871 0.2142602950334549 0.7710143327713013 
vn 0.5078443288803101 0.19864007830619812 0.838234007358551 
vn 0.4219273328781128 0.16916021704673767 0.8907088041305542 
vn 0.3423643112182617 0.13215883076190948 0.9302261471748352 
vn 0.2802962362766266 0.11000817269086838 0.953589141368866 
vn 0.23473352193832397 0.08809696137905121 0.9680594801902771 
vn 0.19287198781967163 0.06621303409337997 0.9789873361587524 
vn 0.1522345095872879 0.03693169355392456 0.9876541495323181 
vn 0.10360788553953171 0.014896565116941929 0.9945066571235657 
vn 0.11097068339586258 0.07694536447525024 0.990840494632721 
vn 0.06300991028547287 0.060390107333660126 0.9961841106414795 
vn 0.007368810009211302 0.060687609016895294 0.9981296062469482 
vn -0.045759785920381546 0.07431861013174057 0.9961841106414795 
vn -0.11522290855646133 0.09290678054094315 0.9889853596687317 
vn -0.1883191615343094 0.10728614777326584 0.976230263710022 
vn -0.24237997829914093 0.09176826477050781 0.9658315181732178 
vn -0.29351720213890076 0.04496518522500992 0.9548956751823425 
vn -0.3423936665058136 -0.007523318286985159 0.9395264387130737 
vn -0.3952808976173401 -0.05631387606263161 0.916832447052002 
vn -0.45494896173477173 -0.08234252780675888 0.8867024183273315 
vn -0.5165910720825195 -0.08258329331874847 0.8522403836250305 
vn -0.5956113934516907 -0.06399174779653549 0.8007197380065918 
vn -0.6825011968612671 -0.018846096470952034 0.7306414246559143 
vn -0.751854419708252 0.03392760083079338 0.6584556698799133 
vn -0.8091872334480286 0.07153049856424332 0.5831804275512695 
vn -0.8496029376983643 0.10155370831489563 0.5175535082817078 
vn -0.88204026222229 0.11659838259220123 0.456519216299057 
vn -0.9105051159858704 0.12779390811920166 0.3932546079158783 
vn -0.9339736104011536 0.13168497383594513 0.33219319581985474 
vn -0.9491909742355347 0.1390713006258011 0.28230419754981995 
vn -0.9606568813323975 0.14661303162574768 0.23588760197162628 
vn -0.9723595380783081 0.1429242193698883 0.18463370203971863 
vn -0.9802231788635254 0.14665433764457703 0.1328723281621933 
vn -0.9841664433479309 0.1577865034341812 0.08074574917554855 
vn -0.9870527386665344 0.15786238014698029 0.028397228568792343 
vn -0.9858323931694031 0.16531193256378174 -0.028397228568792343 
vn -0.980966329574585 0.17659325897693634 -0.08074574917554855 
vn -0.9743683338165283 0.18756116926670074 -0.1242060661315918 
vn -0.9663839340209961 0.19511406123638153 -0.16742929816246033 
vn -0.9545363783836365 0.20237837731838226 -0.21886809170246124 
vn -0.9410083889961243 0.20979852974414825 -0.26549527049064636 
vn -0.926521897315979 0.21700356900691986 -0.30735430121421814 
vn -0.905910074710846 0.22807462513446808 -0.3568037748336792 
vn -0.876853346824646 0.23886193335056305 -0.417220801115036 
vn -0.8444791436195374 0.24581557512283325 -0.4758462607860565 
vn -0.8102309703826904 0.25293466448783875 -0.528724730014801 
vn -0.7697359323501587 0.2596289813518524 -0.5831804275512695 
vn -0.732151448726654 0.2629082500934601 -0.6283578276634216 
vn -0.6961458325386047 0.2623049020767212 -0.6682642698287964 
vn -0.6636689901351929 0.2549610435962677 -0.7032341957092285 
vn -0.6329476833343506 0.2473505437374115 -0.7336177229881287 
vn -0.6004153490066528 0.2221093475818634 -0.7682244777679443 
vn -0.5471776723861694 0.18574178218841553 -0.8161473870277405 
vn -0.4879772365093231 0.14184927940368652 -0.8612531423568726 
vn -0.44541674852371216 0.10858738422393799 -0.888714075088501 
vn -0.3894026279449463 0.06780791282653809 -0.9185682535171509 
vn -0.3154834806919098 0.03772066533565521 -0.9481810927391052 
vn -0.2569328546524048 0.03398500382900238 -0.9658315181732178 
vn -0.21814391016960144 0.05616611987352371 -0.9742990136146545 
vn -0.17310087382793427 0.07016412913799286 -0.9824016690254211 
vn -0.11319531500339508 0.06535334885120392 -0.991421103477478 
vn -0.04145563393831253 0.0667409896850586 -0.9969087839126587 
vn 0.02438158169388771 0.0700918436050415 -0.9972425103187561 
vn 0.10068953037261963 0.08998166769742966 -0.990840494632721 
vn 0.1923324167728424 0.10885277390480042 -0.9752739667892456 
vn 0.2616255283355713 0.13139328360557556 -0.9561840295791626 
vn 0.3082883358001709 0.13946731388568878 -0.9410139322280884 
vn 0.3752327561378479 0.14775165915489197 -0.9150791168212891 
vn 0.4367857873439789 0.16300447285175323 -0.8846737742424011 
vn 0.47337618470191956 0.1848188191652298 -0.8612531423568726 
vn 0.5256796479225159 0.19267353415489197 -0.8285757899284363 
vn 0.5912144780158997 0.18613389134407043 -0.7847417593002319 
vn 0.6673195958137512 0.1719626784324646 -0.7246471047401428 
vn 0.7561477422714233 0.15763284265995026 -0.6351318359375 
vn 0.8372588753700256 0.1650974005460739 -0.5212872624397278 
vn 0.8959278464317322 0.1726759374141693 -0.40926313400268555 
vn 0.9357978701591492 0.1726720929145813 -0.30735430121421814 
vn 0.9586358070373535 0.16541051864624023 -0.23163928091526031 
vn 0.9528020024299622 0.18014265596866608 -0.24437066912651062 
vn 0.9228607416152954 0.19487373530864716 -0.33219319581985474 
vn 0.9391413331031799 0.1355486363172531 -0.31565824151039124 
vn 0.9817482829093933 0.0604037381708622 -0.18033768236637115 
vn 0.9990071058273315 0.030186811462044716 -0.03276457265019417 
vn 0.9957067370414734 0.04525674134492874 0.08074574917554855 
vn 0.9869776368141174 0.06783986836671829 0.1458524912595749 
vn 0.9776477217674255 0.08290307223796844 0.19321508705615997 
vn 0.9678597450256348 0.0979323610663414 0.23163928091526031 
vn 0.9387592077255249 0.10536617785692215 0.3280687630176544 
vn 0.8708044290542603 0.1501418501138687 0.46814218163490295 
vn 0.8266522884368896 0.2455870360136032 0.5062933564186096 
vn 0.8502517938613892 0.3103581964969635 0.42514660954475403 
vn 0.8571833968162537 0.3177904486656189 0.405272513628006 
vn 0.8338862061500549 0.3101999759674072 0.456519216299057 
vn 0.8074484467506409 0.3028101921081543 0.5062933564186096 
vn 0.7755128741264343 0.29519954323768616 0.5580654144287109 
vn 0.7317214608192444 0.2872759699821472 0.6181069612503052 
vn 0.6736449599266052 0.2790328860282898 0.6843559741973877 
vn 0.5949494242668152 0.27038660645484924 0.7569189071655273 
vn 0.5108604431152344 0.2543782591819763 0.8211658596992493 
vn 0.4274115562438965 0.2380666732788086 0.872148871421814 
vn 0.346708744764328 0.22118797898292542 0.9115201234817505 
vn 0.28473517298698425 0.19759128987789154 0.9380210638046265 
vn 0.243718683719635 0.16963320970535278 0.9548956751823425 
vn 0.20155495405197144 0.1343929022550583 0.9702134728431702 
vn 0.15822246670722961 0.099260114133358 0.9824016690254211 
vn 0.16792422533035278 0.1626255363225937 0.9722933769226074 
vn 0.11894308030605316 0.14401201903820038 0.9824016690254211 
vn 0.05829543620347977 0.1407376229763031 0.9883291721343994 
vn 0.0018599432660266757 0.1480017900466919 0.9889853596687317 
vn -0.05525016039609909 0.16033007204532623 0.9855159521102905 
vn -0.12085812538862228 0.16952623426914215 0.9780870079994202 
vn -0.18881064653396606 0.1649588942527771 0.9680594801902771 
vn -0.23048806190490723 0.13596142828464508 0.9635298252105713 
vn -0.272491455078125 0.08143344521522522 0.9587059020996094 
vn -0.3254646956920624 0.01874738745391369 0.9453682899475098 
vn -0.3867623805999756 -0.018823662772774696 0.9219872951507568 
vn -0.4533099830150604 -0.033880919218063354 0.8907088041305542 
vn -0.5222814679145813 -0.030139731243252754 0.8522403836250305 
vn -0.6163420677185059 0.007534599397331476 0.7874425053596497 
vn -0.7046298384666443 0.06774295121431351 0.7063339352607727 
vn -0.7713441848754883 0.12025884538888931 0.6249527335166931 
vn -0.8164656162261963 0.1612030267715454 0.5544344186782837 
vn -0.8530749082565308 0.17618149518966675 0.4911448359489441 
vn -0.8809391260147095 0.1908472627401352 0.43303996324539185 
vn -0.9062357544898987 0.19108310341835022 0.37712597846984863 
vn -0.9270787239074707 0.20220021903514862 0.31565824151039124 
vn -0.9438548684120178 0.2021649330854416 0.2612801790237427 
vn -0.9529418349266052 0.20975837111473083 0.21886809170246124 
vn -0.9608651995658875 0.2206932008266449 0.16742929816246033 
vn -0.9653147459030151 0.2319457232952118 0.11986933648586273 
vn -0.9682804346084595 0.23925787210464478 0.07203252613544464 
vn -0.9689195156097412 0.24659354984760284 0.01966099627315998 
vn -0.9666973352432251 0.2538163959980011 -0.03276457265019417 
vn -0.9584883451461792 0.2721361219882965 -0.08510008454322815 
vn -0.9516019225120544 0.2829931378364563 -0.11986933648586273 
vn -0.9466081261634827 0.28295791149139404 -0.15449213981628418 
vn -0.9322666525840759 0.29735246300697327 -0.2060592919588089 
vn -0.9171953797340393 0.30793997645378113 -0.25283506512641907 
vn -0.9048068523406982 0.31503376364707947 -0.2864931523799896 
vn -0.8868201971054077 0.32545483112335205 -0.3280687630176544 
vn -0.8609946966171265 0.3321222960948944 -0.3852050006389618 
vn -0.8297743797302246 0.34217163920402527 -0.4409002661705017 
vn -0.7989357709884644 0.34165751934051514 -0.4949462115764618 
vn -0.7628194093704224 0.34459200501441956 -0.5471406579017639 
vn -0.7234877347946167 0.34003010392189026 -0.6007870435714722 
vn -0.686135470867157 0.3423992395401001 -0.641857385635376 
vn -0.6560910940170288 0.33153781294822693 -0.677958071231842 
vn -0.6259714961051941 0.31703874468803406 -0.7124928832054138 
vn -0.5958545804023743 0.29893606901168823 -0.7453821301460266 
vn -0.54599928855896 0.2629393935203552 -0.7954543828964233 
vn -0.4868479073047638 0.22006912529468536 -0.8453097939491272 
vn -0.4475640058517456 0.18794701993465424 -0.87427818775177 
vn -0.39906370639801025 0.14078165590763092 -0.9060511589050293 
vn -0.3214898109436035 0.07504188269376755 -0.9439348578453064 
vn -0.2545088827610016 0.048935696482658386 -0.9658315181732178 
vn -0.2137124389410019 0.05628213658928871 -0.9752739667892456 
vn -0.17457842826843262 0.08767657727003098 -0.9807319641113281 
vn -0.11669408529996872 0.09791796654462814 -0.9883291721343994 
vn -0.04771715775132179 0.10282780975103378 -0.9935539960861206 
vn 0.026279127225279808 0.11027190089225769 -0.9935539960861206 
vn 0.10639795660972595 0.1264725923538208 -0.9862475395202637 
vn 0.19254416227340698 0.15389394760131836 -0.9691457152366638 
vn 0.26230406761169434 0.17184822261333466 -0.949560284614563 
vn 0.30626076459884644 0.18701130151748657 -0.933397650718689 
vn 0.3772205114364624 0.18285992741584778 -0.9078915119171143 
vn 0.44304656982421875 0.19836165010929108 -0.87427818775177 
vn 0.4859289824962616 0.2130396068096161 -0.8476362228393555 
vn 0.5278865098953247 0.23503023386001587 -0.8161473870277405 
vn 0.5913714170455933 0.23625563085079193 -0.7710143327713013 
vn 0.6759790778160095 0.22996248304843903 -0.7001210451126099 
vn 0.768562376499176 0.2381998598575592 -0.5937783122062683 
vn 0.8422198295593262 0.2605435848236084 -0.4719987213611603 
vn 0.8910720944404602 0.2752356231212616 -0.36088213324546814 
vn 0.9146836400032043 0.29719871282577515 -0.27391019463539124 
vn 0.9222383499145508 0.31870555877685547 -0.21886809170246124 
vn 0.9069932103157043 0.3399393856525421 -0.24860523641109467 
vn 0.8667730689048767 0.36056190729141235 -0.34452807903289795 
vn 0.8578192591667175 0.3813745677471161 -0.34452807903289795 
vn 0.8997973203659058 0.3890480697154999 -0.1975002884864807 
vn 0.9143422245979309 0.4032363295555115 -0.03713129088282585 
vn 0.8962752819061279 0.43760937452316284 0.07203252613544464 
vn 0.8721478581428528 0.4708535075187683 0.1328723281621933 
vn 0.8515915274620056 0.49674874544143677 0.16742929816246033 
vn 0.8402372002601624 0.5032749176025391 0.2017817199230194 
vn 0.8164132833480835 0.50837242603302 0.27391019463539124 
vn 0.7657142281532288 0.4994356334209442 0.405272513628006 
vn 0.7623721361160278 0.46629709005355835 0.4487268626689911 
vn 0.8191075325012207 0.42137885093688965 0.3892335295677185 
vn 0.8361959457397461 0.3943176865577698 0.3811691105365753 
vn 0.8174091577529907 0.37989291548728943 0.43303996324539185 
vn 0.7953056693077087 0.3656544089317322 0.4835140109062195 
vn 0.7681928873062134 0.3442239463329315 0.5398051738739014 
vn 0.7284443378448486 0.3292776048183441 0.6007870435714722 
vn 0.6710832715034485 0.31420329213142395 0.6715083718299866 
vn 0.592948853969574 0.30465900897979736 0.7453821301460266 
vn 0.5053249001502991 0.29464831948280334 0.8110666871070862 
vn 0.41716504096984863 0.28355056047439575 0.8634653687477112 
vn 0.34418022632598877 0.2724092900753021 0.8985171914100647 
vn 0.29117926955223083 0.25525301694869995 0.9219872951507568 
vn 0.24645377695560455 0.23184773325920105 0.9410139322280884 
vn 0.20995734632015228 0.19798876345157623 0.9574540853500366 
vn 0.2192521095275879 0.2577233910560608 0.9410139322280884 
vn 0.17056162655353546 0.2379513531923294 0.9561840295791626 
vn 0.11749386042356491 0.23100793361663818 0.9658315181732178 
vn 0.057660866528749466 0.2309199571609497 0.9712626934051514 
vn -0.0018787009175866842 0.23800267279148102 0.9712626934051514 
vn -0.05777823552489281 0.24831482768058777 0.9669547080993652 
vn -0.11806278675794601 0.24948561191558838 0.961154580116272 
vn -0.179509699344635 0.22595998644828796 0.9574540853500366 
vn -0.21515803039073944 0.18598391115665436 0.9587059020996094 
vn -0.25474363565444946 0.11671348661184311 0.9599394202232361 
vn -0.30917632579803467 0.05239495635032654 0.949560284614563 
vn -0.38252338767051697 0.022558584809303284 0.9236704111099243 
vn -0.45380935072898865 0.026361487805843353 0.8907088041305542 
vn -0.5316806435585022 0.05260232463479042 0.8453097939491272 
vn -0.6302355527877808 0.11240232735872269 0.7682244777679443 
vn -0.719879686832428 0.17564094066619873 0.6715083718299866 
vn -0.7729948163032532 0.22339710593223572 0.5937783122062683 
vn -0.8114535212516785 0.24898459017276764 0.528724730014801 
vn -0.8445227146148682 0.2529793977737427 0.4719987213611603 
vn -0.8698470592498779 0.25684043765068054 0.42118772864341736 
vn -0.8971076011657715 0.26055529713630676 0.3568037748336792 
vn -0.9174816608428955 0.2715409994125366 0.29067665338516235 
vn -0.9286597967147827 0.2862655520439148 0.23588760197162628 
vn -0.9370293617248535 0.29373952746391296 0.18892620503902435 
vn -0.9395997524261475 0.3116439878940582 0.1415284425020218 
vn -0.9423475861549377 0.3224581480026245 0.08945280313491821 
vn -0.9419972896575928 0.333045095205307 0.04149730131030083 
vn -0.9376652836799622 0.34753286838531494 -0.002184694167226553 
vn -0.9293871521949768 0.3650472164154053 -0.05459024757146835 
vn -0.9211650490760803 0.3754313290119171 -0.10250037163496017 
vn -0.9161306023597717 0.3825390040874481 -0.11986933648586273 
vn -0.9101871848106384 0.389267235994339 -0.1415284425020218 
vn -0.8975558876991272 0.3963097035884857 -0.19321508705615997 
vn -0.882890522480011 0.40603119134902954 -0.23588760197162628 
vn -0.8724612593650818 0.41296979784965515 -0.2612801790237427 
vn -0.8648552894592285 0.40930718183517456 -0.29067665338516235 
vn -0.8434533476829529 0.4121733009815216 -0.34452807903289795 
vn -0.8166382312774658 0.41482648253440857 -0.401274174451828 
vn -0.7875320315361023 0.4139849543571472 -0.456519216299057 
vn -0.7496669888496399 0.4124775826931 -0.5175535082817078 
vn -0.7104001641273499 0.4043355882167816 -0.5760593414306641 
vn -0.6706567406654358 0.39956676959991455 -0.6249527335166931 
vn -0.6416094303131104 0.38786643743515015 -0.661737859249115 
vn -0.6175722479820251 0.3703649342060089 -0.6938546895980835 
vn -0.5882958769798279 0.35274872183799744 -0.7276512384414673 
vn -0.5405382513999939 0.32371091842651367 -0.7765498161315918 
vn -0.48417186737060547 0.28827205300331116 -0.8261215686798096 
vn -0.4521140158176422 0.2632094919681549 -0.8522403836250305 
vn -0.406558632850647 0.22817176580429077 -0.8846737742424011 
vn -0.3347446024417877 0.15041717886924744 -0.9302261471748352 
vn -0.2599359452724457 0.09281805902719498 -0.961154580116272 
vn -0.20366507768630981 0.07412802428007126 -0.976230263710022 
vn -0.16452054679393768 0.09716559946537018 -0.9815762042999268 
vn -0.1117725595831871 0.1332053393125534 -0.9847655892372131 
vn -0.04840758815407753 0.14898322522640228 -0.9876541495323181 
vn 0.024616889655590057 0.1590706706047058 -0.986960232257843 
vn 0.10305282473564148 0.1759655773639679 -0.9789873361587524 
vn 0.1931506246328354 0.19716675579547882 -0.961154580116272 
vn 0.26072725653648376 0.22206152975559235 -0.9395264387130737 
vn 0.30457866191864014 0.2325185239315033 -0.9236704111099243 
vn 0.37400946021080017 0.22974716126918793 -0.8985171914100647 
vn 0.4474397599697113 0.2328631728887558 -0.8634653687477112 
vn 0.4898190498352051 0.24787737429141998 -0.8358433246612549 
vn 0.5305470824241638 0.26269060373306274 -0.8059239983558655 
vn 0.5913446545600891 0.27818208932876587 -0.7569189071655273 
vn 0.6737834215164185 0.2939196228981018 -0.677958071231842 
vn 0.7643722891807556 0.3166133761405945 -0.5616858005523682 
vn 0.8294737339019775 0.35277432203292847 -0.43303996324539185 
vn 0.8687320351600647 0.3746582567691803 -0.3239381015300751 
vn 0.8875607252120972 0.3957182765007019 -0.23588760197162628 
vn 0.884315550327301 0.43065571784973145 -0.18033768236637115 
vn 0.8501070141792297 0.47700247168540955 -0.22312943637371063 
vn 0.7967261672019958 0.5275302529335022 -0.2948545813560486 
vn 0.7645419239997864 0.5834799408912659 -0.27391019463539124 
vn 0.7701218724250793 0.6155320405960083 -0.16742929816246033 
vn 0.7905026078224182 0.6107391119003296 -0.04586252197623253 
vn 0.7963541150093079 0.5981791615486145 0.08945280313491821 
vn 0.7957378625869751 0.5856052041053772 0.15449213981628418 
vn 0.7880303859710693 0.5911979675292969 0.17173540592193604 
vn 0.7675601840019226 0.602451741695404 0.21886809170246124 
vn 0.7494896054267883 0.6135639548301697 0.24860523641109467 
vn 0.7467014193534851 0.6002988219261169 0.2864931523799896 
vn 0.7779724597930908 0.5456380248069763 0.31150925159454346 
vn 0.8188157081604004 0.4821854829788208 0.31150925159454346 
vn 0.8211467266082764 0.44867318868637085 0.3527185618877411 
vn 0.8024463057518005 0.434262216091156 0.40926313400268555 
vn 0.7842680215835571 0.42013558745384216 0.456519216299057 
vn 0.756103515625 0.4053478538990021 0.5138099193572998 
vn 0.7216102480888367 0.3839716911315918 0.5760593414306641 
vn 0.6629381775856018 0.3682388663291931 0.651853621006012 
vn 0.5852299332618713 0.35166606307029724 0.7306414246559143 
vn 0.49291715025901794 0.3404123783111572 0.8007197380065918 
vn 0.41259217262268066 0.3276565372943878 0.8499464392662048 
vn 0.33819878101348877 0.32089540362358093 0.8846737742424011 
vn 0.2896971106529236 0.3029994070529938 0.9078915119171143 
vn 0.2551855444908142 0.2804173529148102 0.9253358840942383 
vn 0.2584247887134552 0.34992673993110657 0.9004265069961548 
vn 0.21571876108646393 0.3359816372394562 0.916832447052002 
vn 0.17144186794757843 0.32447952032089233 0.9302261471748352 
vn 0.11421435326337814 0.32721784710884094 0.9380210638046265 
vn 0.05051955208182335 0.33457526564598083 0.9410139322280884 
vn -0.003761886153370142 0.34245565533638 0.9395264387130737 
vn -0.058011725544929504 0.34584173560142517 0.9364978075027466 
vn -0.1162002682685852 0.33086153864860535 0.9364978075027466 
vn -0.16247805953025818 0.3014811873435974 0.9395264387130737 
vn -0.20031382143497467 0.25720247626304626 0.9453682899475098 
vn -0.22811724245548248 0.20286725461483002 0.9522643685340881 
vn -0.29371964931488037 0.14144791662693024 0.9453682899475098 
vn -0.38434168696403503 0.1221131905913353 0.9150791168212891 
vn -0.4582613408565521 0.1481066644191742 0.8763908743858337 
vn -0.5373275279998779 0.18132083117961884 0.8236515522003174 
vn -0.6344712376594543 0.24341599643230438 0.7336177229881287 
vn -0.7068168520927429 0.3045106828212738 0.6385006904602051 
vn -0.7544909119606018 0.3334435224533081 0.5652954578399658 
vn -0.7880129218101501 0.3447869122028351 0.5100564956665039 
vn -0.8192319273948669 0.3418899178504944 0.46040233969688416 
vn -0.8467750549316406 0.34921491146087646 0.401274174451828 
vn -0.8730299472808838 0.3570243716239929 0.33219319581985474 
vn -0.893319308757782 0.3715575635433197 0.25283506512641907 
vn -0.9030318260192871 0.3857983350753784 0.18892620503902435 
vn -0.9041450619697571 0.40310218930244446 0.1415284425020218 
vn -0.9060565829277039 0.4135935604572296 0.08945280313491821 
vn -0.9018839597702026 0.4307340681552887 0.03276457265019417 
vn -0.892269492149353 0.45124414563179016 -0.0152922747656703 
vn -0.882305383682251 0.4679897725582123 -0.05022686347365379 
vn -0.868118405342102 0.48741286993026733 -0.09380380809307098 
vn -0.8586896061897278 0.4972172677516937 -0.1242060661315918 
vn -0.8580169081687927 0.5004595518112183 -0.11553031951189041 
vn -0.8553419709205627 0.5040053725242615 -0.11986933648586273 
vn -0.8474360108375549 0.5038051605224609 -0.16742929816246033 
vn -0.8352288007736206 0.5098356604576111 -0.2060592919588089 
vn -0.8399497270584106 0.4965694546699524 -0.21886809170246124 
vn -0.835010826587677 0.49299076199531555 -0.24437066912651062 
vn -0.823235809803009 0.4825615882873535 -0.2990269064903259 
vn -0.80233234167099 0.47849127650260925 -0.3568037748336792 
vn -0.7732706069946289 0.4704284369945526 -0.42514660954475403 
vn -0.7319114804267883 0.46833088994026184 -0.4949462115764618 
vn -0.6858108639717102 0.46278780698776245 -0.5616858005523682 
vn -0.6525170207023621 0.4479275643825531 -0.6112139225006104 
vn -0.6268642544746399 0.43675607442855835 -0.6452018022537231 
vn -0.6060474514961243 0.41602805256843567 -0.677958071231842 
vn -0.5764667391777039 0.39455223083496094 -0.715552031993866 
vn -0.5312049984931946 0.3691357672214508 -0.762600839138031 
vn -0.4758903384208679 0.34014594554901123 -0.8110666871070862 
vn -0.44439196586608887 0.3284798562526703 -0.8334367275238037 
vn -0.41238120198249817 0.3033457100391388 -0.8590245246887207 
vn -0.3432360291481018 0.247508242726326 -0.9060511589050293 
vn -0.2612861692905426 0.18796302378177643 -0.946783721446991 
vn -0.2019433230161667 0.14859271049499512 -0.9680594801902771 
vn -0.15550434589385986 0.14477968215942383 -0.9771679639816284 
vn -0.10627343505620956 0.17903012037277222 -0.9780870079994202 
vn -0.04506191611289978 0.21199963986873627 -0.976230263710022 
vn 0.02638060972094536 0.23654358088970184 -0.9712626934051514 
vn 0.10518727451562881 0.25518137216567993 -0.961154580116272 
vn 0.18844002485275269 0.2760714292526245 -0.9424833655357361 
vn 0.25802499055862427 0.2941015958786011 -0.9202865362167358 
vn 0.30347195267677307 0.3061468005180359 -0.9023185968399048 
vn 0.3665299415588379 0.30645838379859924 -0.8784868121147156 
vn 0.4469071328639984 0.29946643114089966 -0.8429672718048096 
vn 0.496868759393692 0.3086945414543152 -0.8110666871070862 
vn 0.5287203788757324 0.32998496294021606 -0.7820260524749756 
vn 0.5773738622665405 0.3522631824016571 -0.736579954624176 
vn 0.6517388820648193 0.38210028409957886 -0.6551609039306641 
vn 0.7291510105133057 0.42533764243125916 -0.5361219048500061 
vn 0.7873281240463257 0.4611053168773651 -0.40926313400268555 
vn 0.8203050494194031 0.4823204278945923 -0.30735430121421814 
vn 0.8429996967315674 0.4968813359737396 -0.2060592919588089 
vn 0.844971239566803 0.5169131755828857 -0.1372016966342926 
vn 0.8217491507530212 0.548507571220398 -0.15449213981628418 
vn 0.7825575470924377 0.5844222903251648 -0.21460255980491638 
vn 0.7742922902107239 0.5905648469924927 -0.22738653421401978 
vn 0.798642635345459 0.5727829337120056 -0.18463370203971863 
vn 0.8379306197166443 0.5425835251808167 -0.058952588587999344 
vn 0.8487800359725952 0.5169230103492737 0.1111890971660614 
vn 0.8537336587905884 0.49726352095603943 0.15449213981628418 
vn 0.8608695268630981 0.4774036407470703 0.1760382205247879 
vn 0.835719108581543 0.47596925497055054 0.27391019463539124 
vn 0.8100796341896057 0.5018412470817566 0.30319350957870483 
vn 0.8000051975250244 0.5271748900413513 0.2864931523799896 
vn 0.7999579906463623 0.5401850938796997 0.2612801790237427 
vn 0.7999579906463623 0.5401850938796997 0.2612801790237427 
vn 0.7933856248855591 0.5204797387123108 0.31565824151039124 
vn 0.7754060626029968 0.5064794421195984 0.37712597846984863 
vn 0.755452036857605 0.4985404312610626 0.42514660954475403 
vn 0.7317838072776794 0.48414358496665955 0.4796847105026245 
vn 0.6959838271141052 0.46929532289505005 0.5434780716896057 
vn 0.6394824385643005 0.4524991512298584 0.6215357780456543 
vn 0.562506377696991 0.4347967207431793 0.7032341957092285 
vn 0.4787241816520691 0.41481685638427734 0.7737894654273987 
vn 0.3971151113510132 0.39977842569351196 0.8261215686798096 
vn 0.33741649985313416 0.37999093532562256 0.8612531423568726 
vn 0.2930848300457001 0.36751675605773926 0.882628321647644 
vn 0.28986692428588867 0.4443984925746918 0.8476362228393555 
vn 0.259771466255188 0.43237295746803284 0.8634653687477112 
vn 0.21427136659622192 0.4313082695007324 0.8763908743858337 
vn 0.1655709594488144 0.43167710304260254 0.8867024183273315 
vn 0.11005274206399918 0.44105130434036255 0.8907088041305542 
vn 0.04511094465851784 0.44841480255126953 0.8926864862442017 
vn -0.009419428184628487 0.4544767737388611 0.8907088041305542 
vn -0.0619790181517601 0.4503292739391327 0.8907088041305542 
vn -0.10447628796100616 0.43840110301971436 0.8926864862442017 
vn -0.15130527317523956 0.41203588247299194 0.8985171914100647 
vn -0.1870131641626358 0.38400542736053467 0.9041935205459595 
vn -0.20796415209770203 0.35016965866088867 0.913308322429657 
vn -0.27653977274894714 0.30975040793418884 0.9097144603729248 
vn -0.3768654465675354 0.2998524606227875 0.8763908743858337 
vn -0.44763901829719543 0.3177817165851593 0.8358433246612549 
vn -0.5207840204238892 0.3485437333583832 0.7792953848838806 
vn -0.6088302135467529 0.3957536220550537 0.6875353455543518 
vn -0.6706461906433105 0.4350731074810028 0.6007870435714722 
vn -0.7131221294403076 0.44728872179985046 0.5398051738739014 
vn -0.7463893890380859 0.44908758997917175 0.4911448359489441 
vn -0.7763609886169434 0.4504115879535675 0.4409002661705017 
vn -0.8050093650817871 0.4546097218990326 0.3811691105365753 
vn -0.8307697772979736 0.46947261691093445 0.2990269064903259 
vn -0.8497804403305054 0.4869880676269531 0.2017817199230194 
vn -0.8559948205947876 0.5007497072219849 0.12854042649269104 
vn -0.8528814315795898 0.5171118378639221 0.07203252613544464 
vn -0.8435983657836914 0.5364367961883545 0.024029340595006943 
vn -0.834921658039093 0.5488021373748779 -0.04149730131030083 
vn -0.8202608227729797 0.5642455816268921 -0.09380380809307098 
vn -0.8014044165611267 0.5859882831573486 -0.11986933648586273 
vn -0.7896665334701538 0.5979987382888794 -0.1372016966342926 
vn -0.7859219908714294 0.6008774638175964 -0.1458524912595749 
vn -0.7917723059654236 0.6013988852500916 -0.10684575140476227 
vn -0.7989210486412048 0.5953848958015442 -0.08510008454322815 
vn -0.8009740114212036 0.5856735110282898 -0.1242060661315918 
vn -0.800190806388855 0.5795056819915771 -0.15449213981628418 
vn -0.8083957433700562 0.5668125152587891 -0.15880759060382843 
vn -0.8084104061126709 0.5574759840965271 -0.18892620503902435 
vn -0.7984446883201599 0.5502445101737976 -0.24437066912651062 
vn -0.7838066220283508 0.5396113991737366 -0.30735430121421814 
vn -0.7482477426528931 0.5342996716499329 -0.3932546079158783 
vn -0.7079867124557495 0.5218477845191956 -0.4758462607860565 
vn -0.6663622856140137 0.506555438041687 -0.5471406579017639 
vn -0.634598433971405 0.4946838319301605 -0.5937783122062683 
vn -0.6166896224021912 0.4741944968700409 -0.6283578276634216 
vn -0.5933668613433838 0.4535205662250519 -0.6650074124336243 
vn -0.5643285512924194 0.43242907524108887 -0.7032341957092285 
vn -0.5158623456954956 0.406552791595459 -0.7540562748908997 
vn -0.46237489581108093 0.38633453845977783 -0.7980946898460388 
vn -0.429421603679657 0.38665294647216797 -0.8161473870277405 
vn -0.4096829891204834 0.38160455226898193 -0.8285757899284363 
vn -0.3411581814289093 0.3611985743045807 -0.8678402304649353 
vn -0.2635132074356079 0.32090550661087036 -0.9097144603729248 
vn -0.20282654464244843 0.275955468416214 -0.9395264387130737 
vn -0.15078555047512054 0.24605967104434967 -0.9574540853500366 
vn -0.0997767373919487 0.24830396473407745 -0.9635298252105713 
vn -0.03579393029212952 0.27791211009025574 -0.9599394202232361 
vn 0.024560600519180298 0.3084562420845032 -0.9509214162826538 
vn 0.10258733481168747 0.3353322446346283 -0.9364978075027466 
vn 0.18863195180892944 0.3519037067890167 -0.916832447052002 
vn 0.2540988326072693 0.37221580743789673 -0.8926864862442017 
vn 0.2999485433101654 0.38650646805763245 -0.872148871421814 
vn 0.35862302780151367 0.39603134989738464 -0.8453097939491272 
vn 0.4331839978694916 0.3930934965610504 -0.8110666871070862 
vn 0.49271294474601746 0.39810025691986084 -0.7737894654273987 
vn 0.5228773951530457 0.41352710127830505 -0.7453821301460266 
vn 0.5539460182189941 0.44072234630584717 -0.7063339352607727 
vn 0.6065576076507568 0.48267871141433716 -0.6317508816719055 
vn 0.6675365567207336 0.5316526889801025 -0.5212872624397278 
vn 0.719141960144043 0.5672864317893982 -0.401274174451828 
vn 0.7510761022567749 0.5886150002479553 -0.2990269064903259 
vn 0.7719308733940125 0.6028323173522949 -0.2017817199230194 
vn 0.7860315442085266 0.6037378311157227 -0.1328723281621933 
vn 0.7910622954368591 0.5980784296989441 -0.12854042649269104 
vn 0.7795447111129761 0.5971741080284119 -0.18892620503902435 
vn 0.7669059038162231 0.5898557305335999 -0.25283506512641907 
vn 0.7788499593734741 0.5845409631729126 -0.22738653421401978 
vn 0.7961781620979309 0.6045848727226257 -0.024029340595006943 
vn 0.736737847328186 0.6367987990379333 0.22738653421401978 
vn 0.7478659749031067 0.6625514626502991 0.04149730131030083 
vn 0.7856971025466919 0.6165689826011658 -0.05022686347365379 
vn 0.7760226130485535 0.5899170637130737 0.22312943637371063 
vn 0.7432867884635925 0.5875813961029053 0.3198012113571167 
vn 0.7370107769966125 0.599814236164093 0.31150925159454346 
vn 0.7458592057228088 0.6127207279205322 0.2612801790237427 
vn 0.7548202872276306 0.6136689186096191 0.23163928091526031 
vn 0.7492163181304932 0.6067842841148376 0.26549527049064636 
vn 0.7315611243247986 0.5930539965629578 0.3363112509250641 
vn 0.7162946462631226 0.5791538953781128 0.3892335295677185 
vn 0.6923962235450745 0.5711343288421631 0.4409002661705017 
vn 0.6546406745910645 0.5613489151000977 0.5062933564186096 
vn 0.6016077995300293 0.5496384501457214 0.5796254277229309 
vn 0.530808687210083 0.5294762849807739 0.661737859249115 
vn 0.4517180919647217 0.5076965689659119 0.7336177229881287 
vn 0.38216280937194824 0.4792170226573944 0.790128231048584 
vn 0.3281577229499817 0.4580782651901245 0.8261215686798096 
vn 0.31983789801597595 0.53889000415802 0.7792953848838806 
vn 0.3670584261417389 0.5603730082511902 0.7424622178077698 
vn 0.4236910343170166 0.5934162139892578 0.6843559741973877 
vn 0.49431300163269043 0.6181198954582214 0.6112139225006104 
vn 0.55201655626297 0.6386321187019348 0.5361219048500061 
vn 0.6004453897476196 0.651085615158081 0.4642767012119293 
vn 0.6335293054580688 0.6615282297134399 0.401274174451828 
vn 0.6571145057678223 0.6704483032226562 0.34452807903289795 
vn 0.6761316061019897 0.6787987351417542 0.2864931523799896 
vn 0.6905814409255981 0.6865803599357605 0.22738653421401978 
vn 0.6018683314323425 0.7616373300552368 0.2401314377784729 
vn 0.588158369064331 0.7530806660652161 0.2948545813560486 
vn 0.5714318156242371 0.7390242218971252 0.3568037748336792 
vn 0.5407096743583679 0.7281716465950012 0.42118772864341736 
vn 0.4981686472892761 0.7145661115646362 0.4911448359489441 
vn 0.44784191250801086 0.6927327513694763 0.5652954578399658 
vn 0.39841675758361816 0.6649473309516907 0.6317508816719055 
vn 0.3517378866672516 0.6318320631980896 0.6907016038894653 
vn 0.31382355093955994 0.6063644886016846 0.7306414246559143 
vn 0.2835303544998169 0.5237100720405579 0.8033295273780823 
vn 0.2495926171541214 0.525104284286499 0.8136147856712341 
vn 0.2114737331867218 0.5339170098304749 0.8186644315719604 
vn 0.1561766415834427 0.5489039421081543 0.8211658596992493 
vn 0.09745020419359207 0.5623078346252441 0.8211658596992493 
vn 0.045151278376579285 0.5689007043838501 0.8211658596992493 
vn -0.007532867137342691 0.5706399083137512 0.8211658596992493 
vn -0.05453123152256012 0.5716772675514221 0.8186644315719604 
vn -0.0937410295009613 0.5701894760131836 0.8161473870277405 
vn -0.1324775367975235 0.5514053106307983 0.8236515522003174 
vn -0.17045770585536957 0.5294899344444275 0.8310141563415527 
vn -0.19336983561515808 0.5098743438720703 0.838234007358551 
vn -0.2605527639389038 0.4914546608924866 0.8310141563415527 
vn -0.3559873104095459 0.4861254394054413 0.7980946898460388 
vn -0.42360934615135193 0.4888712465763092 0.762600839138031 
vn -0.48689529299736023 0.5095644593238831 0.7094202041625977 
vn -0.5606389045715332 0.5393055081367493 0.6283578276634216 
vn -0.6121797561645508 0.5601776242256165 0.5580654144287109 
vn -0.649703323841095 0.5670560598373413 0.5062933564186096 
vn -0.6781351566314697 0.5728545784950256 0.46040233969688416 
vn -0.7082381248474121 0.5723867416381836 0.41324591636657715 
vn -0.7354628443717957 0.5809938907623291 0.34862664341926575 
vn -0.763717770576477 0.5921615362167358 0.25706008076667786 
vn -0.7808009386062622 0.6064632534980774 0.15017375349998474 
vn -0.7784753441810608 0.6252967119216919 0.05459024757146835 
vn -0.7681517601013184 0.6401746273040771 -0.010923261754214764 
vn -0.7540980577468872 0.6541106104850769 -0.058952588587999344 
vn -0.7392392158508301 0.661889910697937 -0.1242060661315918 
vn -0.7224017977714539 0.6663678288459778 -0.18463370203971863 
vn -0.7051259279251099 0.6797658205032349 -0.2017817199230194 
vn -0.6962829828262329 0.6936140060424805 -0.18463370203971863 
vn -0.7010865211486816 0.697083592414856 -0.15017375349998474 
vn -0.7182459235191345 0.692902684211731 -0.0633138045668602 
vn -0.7383942008018494 0.6743374466896057 -0.006554040592163801 
vn -0.7478659749031067 0.6625514626502991 -0.04149730131030083 
vn -0.7515450119972229 0.6541697382926941 -0.08510008454322815 
vn -0.7610831260681152 0.6424567699432373 -0.08945280313491821 
vn -0.7638727426528931 0.6333019137382507 -0.1242060661315918 
vn -0.7535957098007202 0.629603385925293 -0.18892620503902435 
vn -0.7419174909591675 0.6192564368247986 -0.25706008076667786 
vn -0.7099261283874512 0.6072034239768982 -0.3568037748336792 
vn -0.6705191135406494 0.5878202319145203 -0.45262736082077026 
vn -0.6355105638504028 0.5661181211471558 -0.5250110030174255 
vn -0.6121730208396912 0.5454431176185608 -0.5724822878837585 
vn -0.6001622676849365 0.5200435519218445 -0.607749879360199 
vn -0.5806524753570557 0.4965454339981079 -0.6452018022537231 
vn -0.5504318475723267 0.46899470686912537 -0.6907016038894653 
vn -0.5002602338790894 0.44552162289619446 -0.7424622178077698 
vn -0.448191374540329 0.42814117670059204 -0.7847417593002319 
vn -0.4159190058708191 0.4359544515609741 -0.7980946898460388 
vn -0.391767680644989 0.4531732201576233 -0.8007197380065918 
vn -0.33243516087532043 0.45498359203338623 -0.8261215686798096 
vn -0.25596722960472107 0.443348228931427 -0.8590245246887207 
vn -0.20256057381629944 0.4112864136695862 -0.888714075088501 
vn -0.15125273168087006 0.382431298494339 -0.9115201234817505 
vn -0.09172431379556656 0.36788612604141235 -0.9253358840942383 
vn -0.03585343062877655 0.3652311861515045 -0.9302261471748352 
vn 0.03018314577639103 0.3738853633403778 -0.926983654499054 
vn 0.10455518960952759 0.3853394091129303 -0.916832447052002 
vn 0.183345228433609 0.40312477946281433 -0.8965907096862793 
vn 0.2503187358379364 0.4159064292907715 -0.87427818775177 
vn 0.2954564094543457 0.43623000383377075 -0.8499464392662048 
vn 0.34816357493400574 0.45218226313591003 -0.8211658596992493 
vn 0.4128657877445221 0.46230098605155945 -0.7847417593002319 
vn 0.48128199577331543 0.4706014394760132 -0.7395281791687012 
vn 0.5091471076011658 0.49179425835609436 -0.7063339352607727 
vn 0.5292810797691345 0.5185924172401428 -0.6715083718299866 
vn 0.5588544011116028 0.5642001628875732 -0.607749879360199 
vn 0.6023899912834167 0.6170845627784729 -0.5062933564186096 
vn 0.6427514553070068 0.6574354767799377 -0.3932546079158783 
vn 0.672324538230896 0.6789996027946472 -0.2948545813560486 
vn 0.6886277794837952 0.6926308870315552 -0.21460255980491638 
vn 0.7026108503341675 0.6946007609367371 -0.15449213981628418 
vn 0.705740213394165 0.6950585842132568 -0.1372016966342926 
vn 0.688419759273529 0.699103832244873 -0.19321508705615997 
vn 0.661410391330719 0.7014617323875427 -0.26549527049064636 
vn 0.6534942984580994 0.7295404672622681 -0.2017817199230194 
vn 0.6321907043457031 0.7667932510375977 0.1111890971660614 
vn 0.5258224010467529 0.7250158190727234 0.44481781125068665 
vn 0.5803617835044861 0.8142151832580566 -0.0152922747656703 
vn 0.5813248157501221 0.6787530183792114 -0.4487268626689911 
vn 0.6766908168792725 0.7327352166175842 -0.07203252613544464 
vn 0.6606491208076477 0.7126709222793579 0.23588760197162628 
vn 0.6528199911117554 0.6941900253295898 0.30319350957870483 
vn 0.6759718060493469 0.6906390190124512 0.25706008076667786 
vn 0.695279061794281 0.6872751116752625 0.2103329300880432 
vn 0.6119268536567688 0.7690616846084595 0.18463370203971863 
vn 0.5272966027259827 0.8303232192993164 0.18033768236637115 
vn 0.5267011523246765 0.8141676187515259 0.24437066912651062 
vn 0.5127295851707458 0.8000439405441284 0.31150925159454346 
vn 0.4902685582637787 0.7838028073310852 0.3811691105365753 
vn 0.45128077268600464 0.7690735459327698 0.45262736082077026 
vn 0.4168568551540375 0.7446408271789551 0.5212872624397278 
vn 0.3684747815132141 0.7210970520973206 0.5867242813110352 
vn 0.3302803635597229 0.6951487064361572 0.6385006904602051 
vn 0.294741690158844 0.673424243927002 0.677958071231842 
vn 0.2742147445678711 0.6004465222358704 0.7511792182922363 
vn 0.23741713166236877 0.6088570356369019 0.7569189071655273 
vn 0.19865544140338898 0.6260472536087036 0.7540562748908997 
vn 0.14583523571491241 0.643787145614624 0.7511792182922363 
vn 0.09203357249498367 0.6569589972496033 0.7482877969741821 
vn 0.039547134190797806 0.6621943712234497 0.7482877969741821 
vn -0.007533304393291473 0.6665948629379272 0.7453821301460266 
vn -0.05650575831532478 0.6675004959106445 0.7424622178077698 
vn -0.08650301396846771 0.6642793416976929 0.7424622178077698 
vn -0.11065485328435898 0.6540801525115967 0.7482877969741821 
vn -0.15318016707897186 0.6420791149139404 0.7511792182922363 
vn -0.18235042691230774 0.634411633014679 0.7511792182922363 
vn -0.2539466917514801 0.6303302049636841 0.7336177229881287 
vn -0.3283520042896271 0.6340469121932983 0.7001210451126099 
vn -0.3791773319244385 0.6366326212882996 0.6715083718299866 
vn -0.43375834822654724 0.6457709670066833 0.6283578276634216 
vn -0.4909975230693817 0.6597580909729004 0.5688942670822144 
vn -0.5410382151603699 0.671524167060852 0.5062933564186096 
vn -0.5664173364639282 0.6808953881263733 0.4642767012119293 
vn -0.590823769569397 0.6881338357925415 0.42118772864341736 
vn -0.6157869696617126 0.6917965412139893 0.37712597846984863 
vn -0.6412402987480164 0.7012651562690735 0.31150925159454346 
vn -0.6599829196929932 0.7186927795410156 0.21886809170246124 
vn -0.6737187504768372 0.7324404716491699 0.0981530249118805 
vn -0.6741572618484497 0.738196849822998 -0.024029340595006943 
vn -0.6565821170806885 0.7472573518753052 -0.10250037163496017 
vn -0.6433306932449341 0.7539699077606201 -0.1328723281621933 
vn -0.634194552898407 0.7528663873672485 -0.1760382205247879 
vn -0.6208864450454712 0.7448375821113586 -0.24437066912651062 
vn -0.6117052435874939 0.7436906099319458 -0.26970529556274414 
vn -0.611366331577301 0.7579753398895264 -0.22738653421401978 
vn -0.6307308077812195 0.7666876912117004 -0.11986933648586273 
vn -0.6513921618461609 0.7580334544181824 0.03276457265019417 
vn -0.6719542741775513 0.7346280217170715 0.09380380809307098 
vn -0.6812347173690796 0.7306270599365234 0.04586252197623253 
vn -0.6909050345420837 0.7229422330856323 0.002184694167226553 
vn -0.7015440464019775 0.7122208476066589 -0.024029340595006943 
vn -0.6983376145362854 0.71168053150177 -0.0763898640871048 
vn -0.6853864192962646 0.7134230732917786 -0.1458524912595749 
vn -0.6743579506874084 0.7090705037117004 -0.2060592919588089 
vn -0.6554185152053833 0.6861388087272644 -0.31565824151039124 
vn -0.6217442154884338 0.657787561416626 -0.42514660954475403 
vn -0.5945982933044434 0.6306450366973877 -0.4987381398677826 
vn -0.5786881446838379 0.60807204246521 -0.5434780716896057 
vn -0.5694959759712219 0.5828453302383423 -0.5796254277229309 
vn -0.5545157194137573 0.5571858882904053 -0.6181069612503052 
vn -0.5292810797691345 0.5185924172401428 -0.6715083718299866 
vn -0.4810114800930023 0.4890313446521759 -0.7276512384414673 
vn -0.4279896914958954 0.47608399391174316 -0.7682244777679443 
vn -0.39198899269104004 0.493269681930542 -0.7765498161315918 
vn -0.37339362502098083 0.5158624649047852 -0.7710143327713013 
vn -0.3055352568626404 0.5392852425575256 -0.7847417593002319 
vn -0.24395103752613068 0.5432766675949097 -0.8033295273780823 
vn -0.1963716596364975 0.5358403325080872 -0.8211658596992493 
vn -0.1437952071428299 0.5183908343315125 -0.8429672718048096 
vn -0.09384939819574356 0.5032585263252258 -0.8590245246887207 
vn -0.039689112454652786 0.4837999641895294 -0.87427818775177 
vn 0.026438361033797264 0.47318559885025024 -0.8805659413337708 
vn 0.0994565337896347 0.46730005741119385 -0.8784868121147156 
vn 0.1737493872642517 0.4614175856113434 -0.8700028657913208 
vn 0.24504804611206055 0.46220967173576355 -0.8522403836250305 
vn 0.29615476727485657 0.47513633966445923 -0.8285757899284363 
vn 0.3378966748714447 0.49464505910873413 -0.8007197380065918 
vn 0.392939031124115 0.5221806764602661 -0.7569189071655273 
vn 0.453889936208725 0.5432092547416687 -0.7063339352607727 
vn 0.4914906620979309 0.5661624670028687 -0.661737859249115 
vn 0.5067563056945801 0.5974038243293762 -0.6215357780456543 
vn 0.5201948881149292 0.6401861906051636 -0.5652954578399658 
vn 0.5428476333618164 0.6893613338470459 -0.4796847105026245 
vn 0.5677548050880432 0.7275105714797974 -0.3852050006389618 
vn 0.5932369232177734 0.7490866184234619 -0.2948545813560486 
vn 0.6069270372390747 0.7627927660942078 -0.22312943637371063 
vn 0.6155320405960083 0.7701218724250793 -0.16742929816246033 
vn 0.6127427816390991 0.7804608345031738 -0.1242060661315918 
vn 0.5942781567573547 0.7884247899055481 -0.15880759060382843 
vn 0.5587676167488098 0.804402232170105 -0.2017817199230194 
vn 0.5362964868545532 0.8383030891418457 -0.0981530249118805 
vn 0.4966738522052765 0.845167875289917 0.1975002884864807 
vn 0.44935932755470276 0.7632321715354919 0.4642767012119293 
vn 0.5456636548042297 0.829386830329895 0.11986933648586273 
vn 0.49195724725723267 0.7188566327095032 -0.4911448359489441 
vn 0.48470544815063477 0.7665908336639404 -0.42118772864341736 
vn 0.5298382639884949 0.8472855091094971 -0.03713129088282585 
vn 0.5448410511016846 0.8179600238800049 0.18463370203971863 
vn 0.5766957998275757 0.7905450463294983 0.2060592919588089 
vn 0.6045235395431519 0.7787930965423584 0.16742929816246033 
vn 0.527898907661438 0.8414127826690674 0.11553031951189041 
vn 0.449324369430542 0.886422336101532 0.1111890971660614 
vn 0.44719386100769043 0.8751731514930725 0.18463370203971863 
vn 0.4378940463066101 0.8614922761917114 0.25706008076667786 
vn 0.42399948835372925 0.8425390720367432 0.33219319581985474 
vn 0.40430739521980286 0.8159432411193848 0.41324591636657715 
vn 0.37420135736465454 0.7913201451301575 0.4835140109062195 
vn 0.3389609158039093 0.7653382420539856 0.5471406579017639 
vn 0.30866381525993347 0.7402521371841431 0.5972883701324463 
vn 0.2765057384967804 0.7241791486740112 0.6317508816719055 
vn 0.26130935549736023 0.6677694320678711 0.6969945430755615 
vn 0.22256676852703094 0.6752226948738098 0.7032341957092285 
vn 0.1864379197359085 0.6860776543617249 0.7032341957092285 
vn 0.1404545158147812 0.7000735998153687 0.7001210451126099 
vn 0.0864340141415596 0.7118481397628784 0.6969945430755615 
vn 0.0357767716050148 0.7222543358802795 0.6907016038894653 
vn -0.007535018026828766 0.7291091084480286 0.6843559741973877 
vn -0.04898102581501007 0.730491042137146 0.681163489818573 
vn -0.07902806252241135 0.7278535962104797 0.681163489818573 
vn -0.10325954109430313 0.7278120517730713 0.677958071231842 
vn -0.13495159149169922 0.7315811514854431 0.6682642698287964 
vn -0.17755772173404694 0.7343279123306274 0.6551609039306641 
vn -0.2499515265226364 0.7424402236938477 0.6215357780456543 
vn -0.3053019046783447 0.7444581985473633 0.5937783122062683 
vn -0.33132797479629517 0.7444838285446167 0.5796254277229309 
vn -0.37647461891174316 0.7475988268852234 0.5471406579017639 
vn -0.4191495478153229 0.7561658024787903 0.5025205612182617 
vn -0.45335450768470764 0.7701388597488403 0.4487268626689911 
vn -0.4735163450241089 0.7799268960952759 0.40926313400268555 
vn -0.4919082820415497 0.7866643667221069 0.37307560443878174 
vn -0.5060352087020874 0.7959749102592468 0.33219319581985474 
vn -0.5243508219718933 0.8076603412628174 0.26970529556274414 
vn -0.5418120622634888 0.8227676749229431 0.17173540592193604 
vn -0.5445409417152405 0.8374794125556946 0.04586252197623253 
vn -0.5411317944526672 0.8366208076477051 -0.08510008454322815 
vn -0.5275793075561523 0.8282312154769897 -0.18892620503902435 
vn -0.5047300457954407 0.8339429497718811 -0.22312943637371063 
vn -0.4965694546699524 0.8399497270584106 -0.21886809170246124 
vn -0.492995023727417 0.8337573409080505 -0.24860523641109467 
vn -0.49915117025375366 0.8192389607429504 -0.28230419754981995 
vn -0.5155516266822815 0.8225225806236267 -0.2401314377784729 
vn -0.5314490795135498 0.8450363874435425 -0.058952588587999344 
vn -0.5448410511016846 0.8179600238800049 0.18463370203971863 
vn -0.5640959739685059 0.7860471606254578 0.25283506512641907 
vn -0.58951336145401 0.7902160286903381 0.16742929816246033 
vn -0.6103054881095886 0.7860618233680725 0.0981530249118805 
vn -0.6222165822982788 0.7819640636444092 0.03713129088282585 
vn -0.6180530786514282 0.7845302224159241 -0.05022686347365379 
vn -0.6112746596336365 0.7829406261444092 -0.11553031951189041 
vn -0.6032045483589172 0.7788782119750977 -0.17173540592193604 
vn -0.5862446427345276 0.7593560218811035 -0.28230419754981995 
vn -0.5572869777679443 0.72911536693573 -0.3972681760787964 
vn -0.5450208783149719 0.6981399655342102 -0.4642767012119293 
vn -0.5403124690055847 0.6749337315559387 -0.5025205612182617 
vn -0.53343665599823 0.648133397102356 -0.5434780716896057 
vn -0.5240464210510254 0.6173572540283203 -0.5867242813110352 
vn -0.5008407831192017 0.5769516229629517 -0.6452018022537231 
vn -0.4552748501300812 0.5380035042762756 -0.7094202041625977 
vn -0.4008348286151886 0.5285799503326416 -0.7482877969741821 
vn -0.3701190650463104 0.5505244731903076 -0.7482877969741821 
vn -0.3425315022468567 0.5831999182701111 -0.736579954624176 
vn -0.2852354943752289 0.6097038984298706 -0.7395281791687012 
vn -0.22602877020835876 0.6271494626998901 -0.7453821301460266 
vn -0.18823319673538208 0.6258130669593811 -0.7569189071655273 
vn -0.1406516432762146 0.6210910081863403 -0.7710143327713013 
vn -0.0997614935040474 0.6117417812347412 -0.7847417593002319 
vn -0.05094566568732262 0.6003744006156921 -0.7980946898460388 
vn 0.009451547637581825 0.5884160995483398 -0.8085030317306519 
vn 0.08104066550731659 0.5757285356521606 -0.8136147856712341 
vn 0.1550394743680954 0.5603514313697815 -0.8136147856712341 
vn 0.22830097377300262 0.5462281703948975 -0.8059239983558655 
vn 0.28156766295433044 0.540545642375946 -0.7927988767623901 
vn 0.33094072341918945 0.5480049252510071 -0.7682244777679443 
vn 0.37830838561058044 0.5797707438468933 -0.7216291427612305 
vn 0.4232223331928253 0.6223495602607727 -0.6584556698799133 
vn 0.4560268521308899 0.6565778255462646 -0.6007870435714722 
vn 0.4726945459842682 0.6878859996795654 -0.5507928133010864 
vn 0.4761963188648224 0.7216024994850159 -0.5025205612182617 
vn 0.4842446446418762 0.7557209134101868 -0.4409002661705017 
vn 0.49596649408340454 0.7860298156738281 -0.3690181374549866 
vn 0.514984130859375 0.8064108490943909 -0.29067665338516235 
vn 0.5271549820899963 0.8199517130851746 -0.22312943637371063 
vn 0.5323361158370972 0.831503689289093 -0.15880759060382843 
vn 0.5313822031021118 0.842396080493927 -0.08945280313491821 
vn 0.5090294480323792 0.8590162396430969 -0.05459024757146835 
vn 0.4578908383846283 0.8886836171150208 -0.024029340595006943 
vn 0.3963027000427246 0.9123803377151489 0.10250037163496017 
vn 0.34144046902656555 0.8896583914756775 0.30319350957870483 
vn 0.3160327672958374 0.8652285933494568 0.3892335295677185 
vn 0.3631237745285034 0.9173510670661926 0.16312000155448914 
vn 0.36969298124313354 0.8838827610015869 -0.2864931523799896 
vn 0.3226037621498108 0.7973513603210449 -0.5100564956665039 
vn 0.35834547877311707 0.8540284037590027 -0.37712597846984863 
vn 0.41187602281570435 0.9068386554718018 -0.08945280313491821 
vn 0.46287280321121216 0.8847421407699585 0.05459024757146835 
vn 0.5070545077323914 0.8581234812736511 0.08074574917554855 
vn 0.43759116530418396 0.8987255096435547 0.028397228568792343 
vn 0.3542994260787964 0.9342108368873596 0.04149730131030083 
vn 0.3648528456687927 0.9227433204650879 0.1242060661315918 
vn 0.3611542582511902 0.9113513231277466 0.1975002884864807 
vn 0.3518179655075073 0.8924844264984131 0.28230419754981995 
vn 0.3355391025543213 0.8667405247688293 0.3690181374549866 
vn 0.3103759288787842 0.8380399942398071 0.4487268626689911 
vn 0.29361724853515625 0.8060944676399231 0.5138099193572998 
vn 0.2791725695133209 0.776211142539978 0.5652954578399658 
vn 0.2627565562725067 0.754992663860321 0.6007870435714722 
vn 0.24435679614543915 0.717897355556488 0.651853621006012 
vn 0.213845893740654 0.7215996980667114 0.6584556698799133 
vn 0.17388786375522614 0.7352055907249451 0.6551609039306641 
vn 0.1313529908657074 0.7497667670249939 0.6485338807106018 
vn 0.07524006068706512 0.7687304615974426 0.6351318359375 
vn 0.030164308845996857 0.7773393988609314 0.6283578276634216 
vn -0.01319045852869749 0.7832747101783752 0.6215357780456543 
vn -0.05088344216346741 0.7871443629264832 0.6146662831306458 
vn -0.07150685042142868 0.7909025549888611 0.607749879360199 
vn -0.09782564640045166 0.7960381507873535 0.5972883701324463 
vn -0.1332683116197586 0.8064708113670349 0.5760593414306641 
vn -0.1741468459367752 0.8162721395492554 0.5507928133010864 
vn -0.24711941182613373 0.8215420842170715 0.5138099193572998 
vn -0.2849985659122467 0.8185573220252991 0.4987381398677826 
vn -0.29569873213768005 0.8124256134033203 0.5025205612182617 
vn -0.3257405161857605 0.8147366046905518 0.4796847105026245 
vn -0.34711724519729614 0.8318569660186768 0.43303996324539185 
vn -0.36163419485092163 0.8471823930740356 0.3892335295677185 
vn -0.375878244638443 0.856916069984436 0.3527185618877411 
vn -0.391678124666214 0.8642615675926208 0.31565824151039124 
vn -0.39359182119369507 0.8775298595428467 0.27391019463539124 
vn -0.3992457687854767 0.8923916816711426 0.2103329300880432 
vn -0.40481728315353394 0.9070698618888855 0.11553031951189041 
vn -0.40350592136383057 0.9149535894393921 -0.006554040592163801 
vn -0.4033501446247101 0.9047012329101562 -0.1372016966342926 
vn -0.3923569321632385 0.8855797648429871 -0.24860523641109467 
vn -0.36944976449012756 0.8709598183631897 -0.3239381015300751 
vn -0.3589949309825897 0.8827210068702698 -0.30319350957870483 
vn -0.35255590081214905 0.9066683650016785 -0.23163928091526031 
vn -0.37001052498817444 0.9068496823310852 -0.2017817199230194 
vn -0.392864853143692 0.9065260291099548 -0.15449213981628418 
vn -0.4138379991054535 0.9078316688537598 0.06767380982637405 
vn -0.40137284994125366 0.8309735059738159 0.3852050006389618 
vn -0.4117995798587799 0.788676917552948 0.456519216299057 
vn -0.46061399579048157 0.8279866576194763 0.3198012113571167 
vn -0.4914458990097046 0.8461799621582031 0.2060592919588089 
vn -0.5055925250053406 0.8555777072906494 0.1111890971660614 
vn -0.5173366069793701 0.855779230594635 0.002184694167226553 
vn -0.522160530090332 0.8490161895751953 -0.08074574917554855 
vn -0.518439769744873 0.8425836563110352 -0.1458524912595749 
vn -0.497812420129776 0.8269917964935303 -0.2612801790237427 
vn -0.48148059844970703 0.7987117767333984 -0.36088213324546814 
vn -0.4803116023540497 0.7715099453926086 -0.417220801115036 
vn -0.4856281876564026 0.7454900741577148 -0.456519216299057 
vn -0.48561403155326843 0.7152986526489258 -0.5025205612182617 
vn -0.4850720465183258 0.6792145371437073 -0.5507928133010864 
vn -0.4694812595844269 0.6371850967407227 -0.6112139225006104 
vn -0.4268665313720703 0.5984628796577454 -0.677958071231842 
vn -0.3745728135108948 0.5933372378349304 -0.7124928832054138 
vn -0.3451843559741974 0.6180130243301392 -0.7063339352607727 
vn -0.31560221314430237 0.6472718715667725 -0.6938546895980835 
vn -0.2585829496383667 0.6785498857498169 -0.6875353455543518 
vn -0.20853042602539062 0.6955646276473999 -0.6875353455543518 
vn -0.18120622634887695 0.6969432830810547 -0.6938546895980835 
vn -0.1332366168498993 0.6952268481254578 -0.7063339352607727 
vn -0.09601526707410812 0.6919294595718384 -0.715552031993866 
vn -0.0509597584605217 0.6872333288192749 -0.7246471047401428 
vn 0.00188929692376405 0.6795597672462463 -0.7336177229881287 
vn 0.06785660982131958 0.6696966290473938 -0.7395281791687012 
vn 0.13144460320472717 0.6535501480102539 -0.7453821301460266 
vn 0.20456363260746002 0.6344755291938782 -0.7453821301460266 
vn 0.26635661721229553 0.6146575808525085 -0.7424622178077698 
vn 0.3126559257507324 0.6069673299789429 -0.7306414246559143 
vn 0.36457404494285583 0.6314607262611389 -0.6843559741973877 
vn 0.4000880718231201 0.682896077632904 -0.6112139225006104 
vn 0.4153415560722351 0.7294675707817078 -0.5434780716896057 
vn 0.4278894364833832 0.7587406635284424 -0.4911448359489441 
vn 0.43576470017433167 0.7824616432189941 -0.44481781125068665 
vn 0.43663856387138367 0.8091338276863098 -0.3932546079158783 
vn 0.44227334856987 0.8314379453659058 -0.3363112509250641 
vn 0.4450562596321106 0.8539227247238159 -0.26970529556274414 
vn 0.4555497467517853 0.8670400977134705 -0.2017817199230194 
vn 0.4591880738735199 0.8783457279205322 -0.1328723281621933 
vn 0.4576285779476166 0.8881745934486389 -0.04149730131030083 
vn 0.4340726137161255 0.8976333141326904 0.0763898640871048 
vn 0.38172876834869385 0.8969372510910034 0.22312943637371063 
vn 0.2998519539833069 0.8691602945327759 0.3932546079158783 
vn 0.20722097158432007 0.8134439587593079 0.5434780716896057 
vn 0.15560907125473022 0.8390741348266602 0.5212872624397278 
vn 0.15784676373004913 0.9821293354034424 0.10250037163496017 
vn 0.18570305407047272 0.8839625716209412 -0.42909738421440125 
vn 0.21582993865013123 0.7179975509643555 -0.661737859249115 
vn 0.2723318636417389 0.759889543056488 -0.590256929397583 
vn 0.336064875125885 0.8828540444374084 -0.3280687630176544 
vn 0.3755726218223572 0.9165810942649841 -0.1372016966342926 
vn 0.4156023859977722 0.9083893895149231 -0.04586252197623253 
vn 0.3456452190876007 0.9367759823799133 -0.05459024757146835 
vn 0.32939285039901733 0.9307419061660767 -0.15880759060382843 
vn 0.3007546067237854 0.9109615683555603 -0.28230419754981995 
vn 0.2642352879047394 0.8474723696708679 -0.46040233969688416 
vn 0.20481447875499725 0.6743693351745605 -0.7094202041625977 
vn 0.1548646241426468 0.530471682548523 -0.8334367275238037 
vn 0.1723089963197708 0.7500842809677124 -0.6385006904602051 
vn 0.19320084154605865 0.9652377963066101 0.1760382205247879 
vn 0.1311510056257248 0.6569240689277649 0.7424622178077698 
vn 0.17321014404296875 0.6403620839118958 0.7482877969741821 
vn 0.24291640520095825 0.7476198077201843 0.6181069612503052 
vn 0.31955909729003906 0.8565256595611572 0.405272513628006 
vn 0.35935115814208984 0.9156118631362915 0.18033768236637115 
vn 0.3756229281425476 0.9265640377998352 0.01966099627315998 
vn 0.38448527455329895 0.9195929765701294 -0.08074574917554855 
vn 0.3925926685333252 0.9058979749679565 -0.15880759060382843 
vn 0.3978586196899414 0.8877227902412415 -0.23163928091526031 
vn 0.39382147789001465 0.8706120848655701 -0.2948545813560486 
vn 0.39183804392814636 0.849736750125885 -0.3527185618877411 
vn 0.3891091048717499 0.8272534608840942 -0.405272513628006 
vn 0.38018813729286194 0.8043924570083618 -0.456519216299057 
vn 0.36758580803871155 0.7800946831703186 -0.5062933564186096 
vn 0.3578026592731476 0.7404974699020386 -0.5688942670822144 
vn 0.3462788164615631 0.6904335618019104 -0.6351318359375 
vn 0.2993375062942505 0.6967667937278748 -0.651853621006012 
vn 0.3027065396308899 0.7752233743667603 -0.5544344186782837 
vn 0.3118727207183838 0.8133339881896973 -0.4911448359489441 
vn 0.31949228048324585 0.836696982383728 -0.44481781125068665 
vn 0.3288131654262543 0.8604528903961182 -0.3892335295677185 
vn 0.34311148524284363 0.8801394104957581 -0.3280687630176544 
vn 0.3435080945491791 0.9008409380912781 -0.26549527049064636 
vn 0.3403036594390869 0.9202507138252258 -0.19321508705615997 
vn 0.331569641828537 0.937360942363739 -0.10684575140476227 
vn 0.31903570890426636 0.9476797580718994 -0.010923261754214764 
vn 0.2974526882171631 0.9496777653694153 0.0981530249118805 
vn 0.26074063777923584 0.9293798804283142 0.2612801790237427 
vn 0.21285207569599152 0.8356800079345703 0.5062933564186096 
vn 0.15142077207565308 0.6755169034004211 0.7216291427612305 
vn 0.10292062908411026 0.5355101227760315 0.838234007358551 
vn 0.075130395591259 0.5177274942398071 0.8522403836250305 
vn 0.14097341895103455 0.9250492453575134 0.3527185618877411 
vn 0.13154268264770508 0.7750098705291748 -0.6181069612503052 
vn 0.08839984238147736 0.45775294303894043 -0.8846737742424011 
vn 0.12374212592840195 0.6003209948539734 -0.790128231048584 
vn 0.18359464406967163 0.8092317581176758 -0.5580654144287109 
vn 0.2168985903263092 0.8969794511795044 -0.3852050006389618 
vn 0.2500855624675751 0.9357631206512451 -0.24860523641109467 
vn 0.2703242897987366 0.9541499614715576 -0.12854042649269104 
vn 0.2829950451850891 0.9589198231697083 -0.01966099627315998 
vn 0.2866816520690918 0.9556326866149902 0.06767380982637405 
vn 0.2935890555381775 0.94264817237854 0.15880759060382843 
vn 0.28457701206207275 0.9247109889984131 0.25283506512641907 
vn 0.26795411109924316 0.9028263092041016 0.3363112509250641 
vn 0.2548883259296417 0.8723294734954834 0.417220801115036 
vn 0.24755029380321503 0.8351620435714722 0.4911448359489441 
vn 0.2399321049451828 0.801916241645813 0.5471406579017639 
vn 0.24478289484977722 0.7582440376281738 0.6042742133140564 
vn 0.2050805240869522 0.772655725479126 0.6007870435714722 
vn 0.1611359715461731 0.7883289456367493 0.5937783122062683 
vn 0.11834429949522018 0.8062437772750854 0.5796254277229309 
vn 0.06969451159238815 0.8194522261619568 0.5688942670822144 
vn 0.024517152458429337 0.8269872665405273 0.5616858005523682 
vn -0.013204090297222137 0.8321226835250854 0.5544344186782837 
vn -0.05090136080980301 0.8354915380477905 0.5471406579017639 
vn -0.07722457498311996 0.8406007885932922 0.5361219048500061 
vn -0.09220211207866669 0.848385751247406 0.5212872624397278 
vn -0.1260048747062683 0.861916184425354 0.4911448359489441 
vn -0.17796556651592255 0.8717330098152161 0.456519216299057 
vn -0.2348705232143402 0.8741202354431152 0.42514660954475403 
vn -0.262264609336853 0.8682270050048828 0.42118772864341736 
vn -0.26761335134506226 0.8627042174339294 0.42909738421440125 
vn -0.28915148973464966 0.8557259440422058 0.42909738421440125 
vn -0.2928529977798462 0.8768963813781738 0.3811691105365753 
vn -0.29296571016311646 0.8918920755386353 0.34452807903289795 
vn -0.2986617684364319 0.9020882248878479 0.31150925159454346 
vn -0.3004342019557953 0.9148761630058289 0.26970529556274414 
vn -0.30439555644989014 0.9270599484443665 0.21886809170246124 
vn -0.29904481768608093 0.9423481225967407 0.15017375349998474 
vn -0.29905280470848083 0.95213383436203 0.0633138045668602 
vn -0.2921242415904999 0.955280065536499 -0.04586252197623253 
vn -0.29025065898895264 0.9421899914741516 -0.16742929816246033 
vn -0.279154896736145 0.9178109169006348 -0.28230419754981995 
vn -0.27519163489341736 0.886049747467041 -0.37307560443878174 
vn -0.27685216069221497 0.8838149309158325 -0.37712597846984863 
vn -0.2755664885044098 0.9214316606521606 -0.27391019463539124 
vn -0.2666472792625427 0.935543954372406 -0.23163928091526031 
vn -0.25925731658935547 0.9566245675086975 -0.1328723281621933 
vn -0.25921252369880676 0.9321390986442566 0.25283506512641907 
vn -0.22473838925361633 0.733151912689209 0.641857385635376 
vn -0.24592380225658417 0.6958792209625244 0.67473965883255 
vn -0.3082270324230194 0.8192742466926575 0.4835140109062195 
vn -0.34464943408966064 0.8825780153274536 0.3198012113571167 
vn -0.3681608736515045 0.9085434675216675 0.1975002884864807 
vn -0.3808591067790985 0.9207085967063904 0.08510008454322815 
vn -0.38960394263267517 0.9208555221557617 -0.0152922747656703 
vn -0.3911830186843872 0.9135714769363403 -0.1111890971660614 
vn -0.3890427052974701 0.8948422074317932 -0.21886809170246124 
vn -0.39367446303367615 0.8678099513053894 -0.30319350957870483 
vn -0.41230863332748413 0.8399947881698608 -0.3527185618877411 
vn -0.42626118659973145 0.80873703956604 -0.405272513628006 
vn -0.43070098757743835 0.7762256860733032 -0.46040233969688416 
vn -0.42564383149147034 0.7422706484794617 -0.5175535082817078 
vn -0.4108823239803314 0.7066338062286377 -0.5760593414306641 
vn -0.39566439390182495 0.6601261496543884 -0.6385006904602051 
vn -0.3577546179294586 0.6750750541687012 -0.6452018022537231 
vn 0.20356608927249908 0.8168055415153503 0.5398051738739014 
vn -0.3544984459877014 0.7448301315307617 -0.5652954578399658 
vn -0.3606516718864441 0.790543258190155 -0.4949462115764618 
vn -0.36174166202545166 0.8276583552360535 -0.42909738421440125 
vn -0.3588031530380249 0.8625261783599854 -0.3568037748336792 
vn -0.34688621759414673 0.8917269706726074 -0.29067665338516235 
vn -0.32388293743133545 0.9162188172340393 -0.23588760197162628 
vn -0.3099004030227661 0.9366715550422668 -0.16312000155448914 
vn -0.2919233441352844 0.9546231627464294 -0.058952588587999344 
vn -0.2775236666202545 0.9591665863990784 0.05459024757146835 
vn -0.2629740238189697 0.9486069679260254 0.1760382205247879 
vn -0.2298831343650818 0.9247850775718689 0.30319350957870483 
vn -0.20392856001853943 0.8740824460983276 0.4409002661705017 
vn -0.16092845797538757 0.7776516675949097 0.607749879360199 
vn -0.10671961307525635 0.5787346363067627 0.8085030317306519 
vn -0.0750507339835167 0.5364181399345398 0.8406086564064026 
vn -0.10910069942474365 0.8985251188278198 0.42514660954475403 
vn -0.13924434781074524 0.9491655826568604 -0.28230419754981995 
vn -0.17264825105667114 0.872801661491394 -0.456519216299057 
vn -0.20219342410564423 0.9004082083702087 -0.3852050006389618 
vn -0.20578446984291077 0.8870629072189331 -0.41324591636657715 
vn -0.20782533288002014 0.9008433222770691 -0.3811691105365753 
vn -0.2115761786699295 0.9318241477012634 -0.2948545813560486 
vn -0.22079749405384064 0.9576840996742249 -0.18463370203971863 
vn -0.22817350924015045 0.9706190824508667 -0.0763898640871048 
vn -0.23924656212329865 0.970661461353302 0.024029340595006943 
vn -0.24839086830615997 0.9622572064399719 0.1111890971660614 
vn -0.2501131594181061 0.9504492878913879 0.18463370203971863 
vn -0.2573726177215576 0.9337852001190186 0.24860523641109467 
vn -0.258857786655426 0.9211404323577881 0.29067665338516235 
vn -0.25510135293006897 0.9095571637153625 0.3280687630176544 
vn -0.25521430373191833 0.8953627943992615 0.3649536371231079 
vn -0.25137874484062195 0.8980939984321594 0.36088213324546814 
vn -0.22778743505477905 0.9059823155403137 0.3568037748336792 
vn -0.18184174597263336 0.9081352353096008 0.37712597846984863 
vn -0.131632000207901 0.9010553956031799 0.41324591636657715 
vn -0.10161618888378143 0.8898378014564514 0.44481781125068665 
vn -0.08285869657993317 0.8797597885131836 0.46814218163490295 
vn -0.047114163637161255 0.8761751055717468 0.4796847105026245 
vn -0.013210531324148178 0.8709777593612671 0.4911448359489441 
vn 0.022631680592894554 0.8642690181732178 0.5025205612182617 
vn 0.06590108573436737 0.8553691506385803 0.5138099193572998 
vn 0.10719432681798935 0.8443179726600647 0.5250110030174255 
vn 0.15565569698810577 0.8296653628349304 0.5361219048500061 
vn 0.20935703814029694 0.8542481660842896 0.4758462607860565 
vn 0.20946019887924194 0.8934788107872009 0.3972681760787964 
vn 0.15757028758525848 0.869490921497345 0.46814218163490295 
vn 0.1035427525639534 0.8816510438919067 0.46040233969688416 
vn 0.056537650525569916 0.8938347697257996 0.44481781125068665 
vn 0.015093283727765083 0.9031321406364441 0.42909738421440125 
vn -0.020741958171129227 0.9085684418678284 0.417220801115036 
vn -0.0509229339659214 0.912776529788971 0.405272513628006 
vn -0.08660104870796204 0.9153420329093933 0.3932546079158783 
vn -0.11480578035116196 0.9190188646316528 0.37712597846984863 
vn -0.14648441970348358 0.9272770285606384 0.34452807903289795 
vn -0.18553881347179413 0.9291407465934753 0.3198012113571167 
vn -0.22059260308742523 0.9228752851486206 0.31565824151039124 
vn -0.2370181381702423 0.9173601269721985 0.3198012113571167 
vn -0.23519529402256012 0.9287652373313904 0.2864931523799896 
vn -0.2168932408094406 0.9357415437698364 0.2781098484992981 
vn -0.18739387392997742 0.9420925974845886 0.2781098484992981 
vn -0.15397357940673828 0.9456287622451782 0.2864931523799896 
vn -0.12609747052192688 0.9445491433143616 0.30319350957870483 
vn -0.09417924284934998 0.944187581539154 0.31565824151039124 
vn -0.060308169573545456 0.9441541433334351 0.3239381015300751 
vn -0.022640148177742958 0.9414787292480469 0.3363112509250641 
vn 0.007549903821200132 0.9372312426567078 0.34862664341926575 
vn 0.05092450603842735 0.9296319484710693 0.3649536371231079 
vn 0.10356330871582031 0.9203535318374634 0.37712597846984863 
vn 0.15776893496513367 0.9092447757720947 0.3852050006389618 
vn 0.2168211191892624 0.9208977818489075 0.3239381015300751 
vn 0.2262154072523117 0.9450839161872864 0.23588760197162628 
vn 0.16335585713386536 0.9360966086387634 0.31150925159454346 
vn 0.0942368283867836 0.9495800733566284 0.2990269064903259 
vn 0.04336293414235115 0.9583443999290466 0.28230419754981995 
vn 0.005657840054482222 0.9640955328941345 0.26549527049064636 
vn -0.028314469382166862 0.9670950174331665 0.25283506512641907 
vn -0.06598924845457077 0.9695372581481934 0.23588760197162628 
vn -0.09978923201560974 0.9686782360076904 0.22738653421401978 
vn -0.1353324055671692 0.9653488397598267 0.22312943637371063 
vn -0.15785950422286987 0.9629004001617432 0.21886809170246124 
vn -0.1873968541622162 0.9566063284873962 0.22312943637371063 
vn -0.20594589412212372 0.9507520794868469 0.23163928091526031 
vn -0.2317495495080948 0.9426712393760681 0.2401314377784729 
vn -0.22253118455410004 0.9604411721229553 0.16742929816246033 
vn -0.1987624168395996 0.9677942395210266 0.15449213981628418 
vn -0.18757088482379913 0.9720014929771423 0.1415284425020218 
vn -0.1633317619562149 0.9769843816757202 0.1372016966342926 
vn -0.14096897840499878 0.9804608225822449 0.1372016966342926 
vn -0.11103951185941696 0.9842997193336487 0.1372016966342926 
vn -0.07536375522613525 0.9864315986633301 0.1458524912595749 
vn -0.03395378962159157 0.9867255687713623 0.15880759060382843 
vn -0.001887991209514439 0.9843814969062805 0.1760382205247879 
vn 0.03963754326105118 0.9811909794807434 0.18892620503902435 
vn 0.09611839056015015 0.9747027158737183 0.2017817199230194 
vn 0.16530553996562958 0.9616500735282898 0.21886809170246124 
vn 0.2338031381368637 0.9637497067451477 0.12854042649269104 
vn 0.23188289999961853 0.9723291397094727 0.028397228568792343 
vn 0.16521891951560974 0.980452299118042 0.10684575140476227 
vn 0.09230349212884903 0.9913026094436646 0.09380380809307098 
vn 0.039636172354221344 0.995583713054657 0.08510008454322815 
vn -0.0037752098869532347 0.9973951578140259 0.07203252613544464 
vn -0.03961576893925667 0.9974744319915771 0.058952588587999344 
vn -0.08485140651464462 0.9951269030570984 0.05022686347365379 
vn -0.1224282830953598 0.9914171695709229 0.04586252197623253 
vn -0.1448831558227539 0.9883853197097778 0.04586252197623253 
vn -0.1672634780406952 0.9848449230194092 0.04586252197623253 
vn -0.18205657601356506 0.9817715287208557 0.05459024757146835 
vn -0.1914011836051941 0.9791761040687561 0.06767380982637405 
vn -0.21539846062660217 0.9728111028671265 0.08510008454322815 
vn -0.20249100029468536 0.9792816638946533 -0.002184694167226553 
vn -0.18762384355068207 0.9819470047950745 -0.024029340595006943 
vn -0.180130735039711 0.9829416275024414 -0.03713129088282585 
vn -0.17470502853393555 0.983552098274231 -0.04586252197623253 
vn -0.15974214673042297 0.9856482148170471 -0.05459024757146835 
vn -0.12986372411251068 0.9900279641151428 -0.05459024757146835 
vn -0.08483194559812546 0.9948987364768982 -0.05459024757146835 
vn -0.047178998589515686 0.9976228475570679 -0.05022686347365379 
vn -1.0332247481637663e-13 0.999138593673706 -0.04149730131030083 
vn 0.03773028776049614 0.9987506866455078 -0.03276457265019417 
vn 0.09048138558864594 0.9957040548324585 -0.01966099627315998 
vn 0.16537824273109436 0.986227810382843 -0.002184694167226553 
vn 0.22089116275310516 0.9726347923278809 -0.07203252613544464 
vn 0.21167129278182983 0.9589067697525024 -0.18892620503902435 
vn 0.15594598650932312 0.9809860587120056 -0.11553031951189041 
vn 0.08862700313329697 0.9853285551071167 -0.1458524912595749 
vn 0.03962990269064903 0.9858099818229675 -0.16312000155448914 
vn -1.0187518011258931e-13 0.9851431250572205 -0.17173540592193604 
vn -0.03963711857795715 0.983585000038147 -0.1760382205247879 
vn -0.0923755094408989 0.9800394177436829 -0.1760382205247879 
vn -0.13544408977031708 0.9757878184318542 -0.17173540592193604 
vn -0.16152627766132355 0.9740068912506104 -0.15880759060382843 
vn -0.174683079123497 0.9737622141838074 -0.1458524912595749 
vn -0.1708693653345108 0.9762933254241943 -0.1328723281621933 
vn -0.17652633786201477 0.9769697189331055 -0.11986933648586273 
vn -0.19507403671741486 0.9758647680282593 -0.0981530249118805 
vn -0.18013016879558563 0.9636113047599792 -0.1975002884864807 
vn -0.16340424120426178 0.9629355072975159 -0.21460255980491638 
vn -0.17081214487552643 0.9566505551338196 -0.23588760197162628 
vn -0.17832516133785248 0.9509335160255432 -0.25283506512641907 
vn -0.1653537154197693 0.9474340677261353 -0.27391019463539124 
vn -0.13549022376537323 0.9471797347068787 -0.29067665338516235 
vn -0.0942368283867836 0.9495800733566284 -0.2990269064903259 
vn -0.041518788784742355 0.953341007232666 -0.2990269064903259 
vn 0.0037756175734102726 0.9542372226715088 -0.2990269064903259 
vn 0.04529878497123718 0.955748438835144 -0.29067665338516235 
vn 0.08862830698490143 0.9564517140388489 -0.2781098484992981 
vn 0.1503659188747406 0.9590239524841309 -0.2401314377784729 
vn 0.18951420485973358 0.929754912853241 -0.31565824151039124 
vn 0.17264825105667114 0.872801661491394 -0.456519216299057 
vn 0.14098314940929413 0.9202893972396851 -0.3649536371231079 
vn 0.0848342627286911 0.9155074954032898 -0.3932546079158783 
vn 0.04152544215321541 0.915016233921051 -0.401274174451828 
vn 0.003776323748752475 0.9159501791000366 -0.401274174451828 
vn -0.035844024270772934 0.9134929776191711 -0.405272513628006 
vn -0.0923682376742363 0.907728910446167 -0.40926313400268555 
vn -0.13732218742370605 0.902023434638977 -0.40926313400268555 
vn -0.1708001345396042 0.9034257531166077 -0.3932546079158783 
vn -0.17831018567085266 0.9121573567390442 -0.3690181374549866 
vn -0.16162298619747162 0.9262776374816895 -0.34042292833328247 
vn -0.15045738220214844 0.9354622960090637 -0.3198012113571167 
vn -0.17084184288978577 0.9374896287918091 -0.30319350957870483 
vn -0.16160739958286285 0.9068518877029419 -0.3892335295677185 
vn -0.13909637928009033 0.8999333381652832 -0.41324591636657715 
vn -0.15228883922100067 0.880597710609436 -0.4487268626689911 
vn -0.1763739436864853 0.8552179336547852 -0.48733407258987427 
vn -0.1761522889137268 0.8396247625350952 -0.5138099193572998 
vn -0.14282971620559692 0.83902508020401 -0.5250110030174255 
vn -0.09420816600322723 0.8481653332710266 -0.5212872624397278 
vn -0.03966876119375229 0.8592256903648376 -0.5100564956665039 
vn 0.009446073323488235 0.8623095750808716 -0.5062933564186096 
vn 0.04342440143227577 0.8634740710258484 -0.5025205612182617 
vn 0.08109951764345169 0.8607531189918518 -0.5025205612182617 
vn 0.12973855435848236 0.861362099647522 -0.4911448359489441 
vn 0.14086781442165375 0.7650638818740845 -0.6283578276634216 
vn 0.09773582965135574 0.5252609252929688 -0.8453097939491272 
vn 0.11844480782747269 0.7490378618240356 -0.651853621006012 
vn 0.07731097936630249 0.7572494745254517 -0.6485338807106018 
vn 0.04344501346349716 0.7627759575843811 -0.6452018022537231 
vn 0.0188777856528759 0.7665916681289673 -0.641857385635376 
vn -0.033972322940826416 0.7660711407661438 -0.641857385635376 
vn -0.0997636690735817 0.7517539858818054 -0.651853621006012 
vn -0.15016768872737885 0.7404146790504456 -0.6551609039306641 
vn -0.17588908970355988 0.7463793754577637 -0.641857385635376 
vn -0.16676685214042664 0.7791286706924438 -0.6042742133140564 
vn -0.1428607851266861 0.8198739290237427 -0.5544344186782837 
vn -0.12983500957489014 0.8547607660293579 -0.5025205612182617 
vn -0.15228883922100067 0.880597710609436 -0.4487268626689911 
vn -0.14092472195625305 0.8596028089523315 -0.4911448359489441 
vn -0.11298301070928574 0.8195998668670654 -0.5616858005523682 
vn -0.11846588551998138 0.7660657167434692 -0.6317508816719055 
vn -0.16098842024803162 0.6956387162208557 -0.7001210451126099 
vn -0.17557945847511292 0.6430997848510742 -0.7453821301460266 
vn -0.14981475472450256 0.6224039793014526 -0.7682244777679443 
vn -0.0997614935040474 0.6117417812347412 -0.7847417593002319 
vn -0.028344890102744102 0.5878089666366577 -0.8085030317306519 
vn 0.03401004150509834 0.5405741333961487 -0.8406086564064026 
vn 0.05088918283581734 0.4865867495536804 -0.872148871421814 
vn 0.05850677192211151 0.4625248610973358 -0.8846737742424011 
vn 0.08280114084482193 0.4744291603565216 -0.8763908743858337 
vn 0.0640847310423851 0.4021952450275421 -0.913308322429657 
vn 0.07546179741621017 0.8336321711540222 -0.5471406579017639 
vn 0.06950893998146057 0.3603439927101135 -0.9302261471748352 
vn 0.050827834755182266 0.35110199451446533 -0.9349566102027893 
vn 0.04333256557583809 0.32311147451400757 -0.9453682899475098 
vn 0.043278470635414124 0.2937706410884857 -0.9548956751823425 
vn -0.001893595326691866 0.3218648433685303 -0.946783721446991 
vn -0.07331199944019318 0.38431498408317566 -0.9202865362167358 
vn -0.13588973879814148 0.45000141859054565 -0.882628321647644 
vn -0.15849174559116364 0.5293992757797241 -0.8334367275238037 
vn -0.1423041969537735 0.6137750744819641 -0.7765498161315918 
vn -0.10916195064783096 0.6868051886558533 -0.7185974717140198 
vn -0.09796828776597977 0.7344921827316284 -0.6715083718299866 
vn -0.12031111121177673 0.7740920782089233 -0.6215357780456543 
vn -0.10551230609416962 0.8834349513053894 -0.456519216299057 
vn -0.09414935857057571 0.8042950630187988 -0.5867242813110352 
vn -0.09786009788513184 0.7433212399482727 -0.661737859249115 
vn -0.11837468296289444 0.6979110240936279 -0.7063339352607727 
vn -0.12396470457315445 0.6450053453445435 -0.7540562748908997 
vn -0.09965170174837112 0.6255552768707275 -0.7737894654273987 
vn -0.06414355337619781 0.6536701917648315 -0.7540562748908997 
vn -0.026458946987986565 0.6758327484130859 -0.736579954624176 
vn -7.15897339239463e-14 0.6922798156738281 -0.7216291427612305 
vn 0.022670915350317955 0.7406500577926636 -0.6715083718299866 
vn 0.0830090343952179 0.7897781729698181 -0.607749879360199 
vn 0.10550873726606369 0.8303644061088562 -0.5471406579017639 
vn 0.05655800923705101 0.8605046272277832 0.5062933564186096 
vn 0.020667923614382744 0.41471967101097107 0.9097144603729248 
vn 0.06595131009817123 0.8271719217300415 0.5580654144287109 
vn 0.05281477048993111 0.8779413104057312 0.4758462607860565 
vn -0.028276080265641212 0.9273699522018433 0.37307560443878174 
vn -0.03394012898206711 0.9238821268081665 0.3811691105365753 
vn -0.043361831456422806 0.8886562585830688 0.456519216299057 
vn -0.052798837423324585 0.9017137885093689 0.42909738421440125 
vn -0.026400957256555557 0.9625809192657471 0.26970529556274414 
vn -0.02076868712902069 0.9914867877960205 0.12854042649269104 
vn -0.03209488466382027 0.9984320402145386 0.04586252197623253 
vn -0.03961576893925667 0.9974744319915771 0.058952588587999344 
vn -0.04713071137666702 0.9581664800643921 0.28230419754981995 
vn -0.06595135480165482 0.8728485703468323 0.4835140109062195 
vn -0.02066773734986782 0.4027443528175354 0.9150791168212891 
vn 0.043286580592393875 0.471942663192749 0.8805659413337708 
vn 0.05643177032470703 0.6137994527816772 0.7874425053596497 
vn 0.05832063779234886 0.6101607084274292 0.790128231048584 
vn 0.075130395591259 0.5177274942398071 0.8522403836250305 
vn 0.031957753002643585 0.44562897086143494 0.8946471214294434 
vn -0.024421723559498787 0.41451555490493774 0.9097144603729248 
vn -0.015043889172375202 0.38289254903793335 0.9236704111099243 
vn -0.02625637874007225 0.34558218717575073 0.9380210638046265 
vn -0.05423049256205559 0.3339938521385193 0.9410139322280884 
vn -0.009408137761056423 0.33412060141563416 0.9424833655357361 
vn 0.01691333018243313 0.3502653241157532 0.9364978075027466 
vn 0.04514142870903015 0.4871535897254944 0.872148871421814 
vn 0.08452185988426208 0.6480199098587036 0.7569189071655273 
vn 0.0376342236995697 0.4877909719944 0.872148871421814 
vn 0.01316454540938139 0.47758522629737854 0.8784868121147156 
vn -0.03566582500934601 0.4256313145160675 0.9041935205459595 
vn -0.03941383212804794 0.41335955262184143 0.9097144603729248 
vn -0.03383597731590271 0.46110084652900696 0.8867024183273315 
vn -0.020688818767666817 0.4462941288948059 0.8946471214294434 
vn 0.03938266634941101 0.37709754705429077 0.9253358840942383 
vn 0.07650010287761688 0.37135061621665955 0.9253358840942383 
vn 0.07286888360977173 0.3843992352485657 0.9202865362167358 
vn 0.08046285063028336 0.40330734848976135 0.9115201234817505 
vn 0.04514142870903015 0.4871535897254944 0.872148871421814 
vn -0.04326380789279938 0.5509187579154968 0.8334367275238037 
vn -0.07336971163749695 0.7461366653442383 0.661737859249115 
vn -0.00565417530015111 0.6731018424034119 0.7395281791687012 
vn 0.04327031970024109 0.55820232629776 0.8285757899284363 
vn 0.06010360270738602 0.5046092867851257 0.8612531423568726 
vn 0.052619557827711105 0.5054445266723633 0.8612531423568726 
vn 0.024486931040883064 0.5188441276550293 0.8545181155204773 
vn -0.011298788711428642 0.5633786916732788 0.8261215686798096 
vn -0.03766752779483795 0.6323218941688538 0.7737894654273987 
vn -0.033931244164705276 0.6882842779159546 0.7246471047401428 
vn -0.0037707537412643433 0.6985492706298828 0.715552031993866 
vn 0.03203067183494568 0.6820096373558044 0.7306414246559143 
vn 0.05839290842413902 0.6542090177536011 0.7540562748908997 
vn 0.12587317824363708 0.8152282238006592 0.5652954578399658 
vn 0.18007300794124603 0.9198006391525269 0.34862664341926575 
vn 0.07536454498767853 0.8036895990371704 0.590256929397583 
vn 0.04148304834961891 0.8035585880279541 0.5937783122062683 
vn 0.003772845258936286 0.8046198487281799 0.5937783122062683 
vn -0.018862565979361534 0.80440753698349 0.5937783122062683 
vn -0.03015119582414627 0.7962056994438171 0.6042742133140564 
vn -0.026406755670905113 0.7802157998085022 0.6249527335166931 
vn -0.013206067495048046 0.7553739547729492 0.6551609039306641 
vn 0.0018836738308891654 0.7350981831550598 0.677958071231842 
vn 0.005655239336192608 0.7380341291427612 0.67473965883255 
vn -0.013201267458498478 0.7695080041885376 0.6385006904602051 
vn -0.0490167997777462 0.8031342625617981 0.5937783122062683 
vn -0.10347133874893188 0.840127170085907 0.5324283838272095 
vn -0.14281482994556427 0.9065218567848206 0.3972681760787964 
vn -0.07907078415155411 0.8821535706520081 0.4642767012119293 
vn -0.05278044566512108 0.8629526495933533 0.5025205612182617 
vn -0.0358160138130188 0.8503414988517761 0.5250110030174255 
vn -0.02827894687652588 0.8506255149841309 0.5250110030174255 
vn -0.03203321248292923 0.8573058247566223 0.5138099193572998 
vn -0.03015752322971821 0.8684000968933105 0.4949462115764618 
vn -0.028286753222346306 0.8748794794082642 0.4835140109062195 
vn -0.016968201845884323 0.8772768378257751 0.4796847105026245 
vn 0.015098275616765022 0.8793988823890686 0.4758462607860565 
vn 0.050918083637952805 0.8862488269805908 0.46040233969688416 
vn 0.10723994672298431 0.902455747127533 0.417220801115036 
vn 0.21903949975967407 0.9572505354881287 0.18892620503902435 
vn 0.2519165575504303 0.9656756520271301 0.0633138045668602 
vn 0.14280720055103302 0.949874222278595 0.2781098484992981 
vn 0.0715874508023262 0.9360425472259521 0.34452807903289795 
vn 0.01320796087384224 0.9260677695274353 0.37712597846984863 
vn -0.01698128692805767 0.9260062575340271 0.37712597846984863 
vn -0.03581301495432854 0.9271094799041748 0.37307560443878174 
vn -0.04334758594632149 0.926787793636322 0.37307560443878174 
vn -0.04147777333855629 0.9235743880271912 0.3811691105365753 
vn -0.05282037332653999 0.9213181138038635 0.3852050006389618 
vn -0.06035603582859039 0.9208551645278931 0.3852050006389618 
vn -0.08479886502027512 0.9271558523178101 0.3649536371231079 
vn -0.11472925543785095 0.9376609921455383 0.3280687630176544 
vn -0.17256642878055573 0.949712336063385 0.2612801790237427 
vn -0.2080334722995758 0.9696388244628906 0.12854042649269104 
vn -0.14845404028892517 0.9698604941368103 0.19321508705615997 
vn -0.1166820377111435 0.9657787084579468 0.23163928091526031 
vn -0.08860700577497482 0.963443398475647 0.25283506512641907 
vn -0.07535764575004578 0.9623169302940369 0.2612801790237427 
vn -0.06407725811004639 0.9608085751533508 0.26970529556274414 
vn -0.05278235673904419 0.9590979814529419 0.2781098484992981 
vn -0.04147694259881973 0.9571840763092041 0.2864931523799896 
vn -0.01885783113539219 0.9578967094421387 0.2864931523799896 
vn 0.026400957256555557 0.9625809192657471 0.26970529556274414 
vn 0.09047349542379379 0.9715510010719299 0.21886809170246124 
vn 0.17272618412971497 0.9747488498687744 0.1415284425020218 
vn 0.2738955616950989 0.9602088928222656 -0.05459024757146835 
vn 0.28637513518333435 0.9448647499084473 -0.15880759060382843 
vn 0.20248714089393616 0.9792630076408386 0.006554040592163801 
vn 0.11672546714544296 0.9902220964431763 0.0763898640871048 
vn 0.03959523141384125 0.9897514581680298 0.1372016966342926 
vn -0.016991086304187775 0.9842366576194763 0.1760382205247879 
vn -0.04341019690036774 0.9810312986373901 0.18892620503902435 
vn -0.06974189728498459 0.9811291098594666 0.18033768236637115 
vn -0.08101790398359299 0.9825494885444641 0.16742929816246033 
vn -0.09232719242572784 0.9843391180038452 0.15017375349998474 
vn -0.11103951185941696 0.9842997193336487 0.1372016966342926 
vn -0.13735467195510864 0.9842615127563477 0.1111890971660614 
vn -0.18398329615592957 0.9805969595909119 0.06767380982637405 
vn -0.23197589814662933 0.9727190732955933 0.002184694167226553 
vn -0.26109957695007324 0.9598544836044312 -0.10250037163496017 
vn -0.21175450086593628 0.9762462377548218 -0.04586252197623253 
vn -0.16537824273109436 0.986227810382843 -0.002184694167226553 
vn -0.13547691702842712 0.9904890656471252 0.024029340595006943 
vn -0.12043285369873047 0.9918537735939026 0.04149730131030083 
vn -0.09986651688814163 0.9935021996498108 0.05459024757146835 
vn -0.08478818088769913 0.9943854212760925 0.0633138045668602 
vn -0.054708052426576614 0.9970089793205261 0.05459024757146835 
vn -0.007548788096755743 0.9995682239532471 0.028397228568792343 
vn 0.052828505635261536 0.9984100461006165 -0.01966099627315998 
vn 0.13174651563167572 0.988662838935852 -0.07203252613544464 
vn 0.2209164798259735 0.9678983688354492 -0.11986933648586273 
vn 0.2935646176338196 0.9230467081069946 -0.24860523641109467 
vn 0.28804081678390503 0.9011640548706055 -0.3239381015300751 
vn 0.2262154072523117 0.9450839161872864 -0.23588760197162628 
vn 0.14673283696174622 0.9674755930900574 -0.2060592919588089 
vn 0.0603962317109108 0.984032392501831 -0.16742929816246033 
vn -0.005664570722728968 0.991688072681427 -0.12854042649269104 
vn -0.06037686765193939 0.9933381080627441 -0.0981530249118805 
vn -0.09420904517173767 0.9926173686981201 -0.0763898640871048 
vn -0.11679915338754654 0.9908472299575806 -0.06767380982637405 
vn -0.13922694325447083 0.9876371622085571 -0.07203252613544464 
vn -0.15611019730567932 0.9844337105751038 -0.08074574917554855 
vn -0.1876632571220398 0.9773169755935669 -0.0981530249118805 
vn -0.23013150691986084 0.9646329879760742 -0.12854042649269104 
vn -0.2774975001811981 0.9444605112075806 -0.1760382205247879 
vn -0.2971021234989166 0.9241575598716736 -0.2401314377784729 
vn -0.24832524359226227 0.9474273920059204 -0.2017817199230194 
vn -0.1988336592912674 0.9632982611656189 -0.18033768236637115 
vn -0.17465372383594513 0.9687654972076416 -0.1760382205247879 
vn -0.15424278378486633 0.9714357852935791 -0.18033768236637115 
vn -0.13363313674926758 0.9728561639785767 -0.18892620503902435 
vn -0.10178442299365997 0.9732314944267273 -0.2060592919588089 
vn -0.056621700525283813 0.9721570611000061 -0.22738653421401978 
vn -9.99364504453322e-14 0.9663954377174377 -0.25706008076667786 
vn 0.06226902827620506 0.9560565948486328 -0.2864931523799896 
vn 0.14289423823356628 0.9408052563667297 -0.30735430121421814 
vn 0.224490225315094 0.9205060005187988 -0.3198012113571167 
vn 0.2750994563102722 0.8808730840682983 -0.3852050006389618 
vn 0.26235583424568176 0.8563331961631775 -0.44481781125068665 
vn 0.21338222920894623 0.8960832953453064 -0.3892335295677185 
vn 0.1373005509376526 0.9091200828552246 -0.3932546079158783 
vn 0.06035603582859039 0.9208551645278931 -0.3852050006389618 
vn 0.0018886571051552892 0.9294202923774719 -0.3690181374549866 
vn -0.058493971824645996 0.9369518756866455 -0.34452807903289795 
vn -0.09989362955093384 0.9407897591590881 -0.3239381015300751 
vn -0.1335773915052414 0.9435204267501831 -0.30319350957870483 
vn -0.16347578167915344 0.9440324902534485 -0.2864931523799896 
vn -0.18021497130393982 0.9447199702262878 -0.27391019463539124 
vn -0.20795805752277374 0.9402194023132324 -0.26970529556274414 
vn -0.2519195079803467 0.9243690967559814 -0.2864931523799896 
vn -0.30426087975502014 0.8973029255867004 -0.3198012113571167 
vn -0.3089270293712616 0.8604174852371216 -0.405272513628006 
vn -0.258980393409729 0.887490451335907 -0.3811691105365753 
vn -0.21137554943561554 0.9067134261131287 -0.3649536371231079 
vn -0.18748070299625397 0.908661425113678 -0.37307560443878174 
vn -0.16337433457374573 0.904798150062561 -0.3932546079158783 
vn -0.13909637928009033 0.8999333381652832 -0.41324591636657715 
vn -0.10172589123249054 0.8956161141395569 -0.43303996324539185 
vn -0.05475623905658722 0.8919898867607117 -0.4487268626689911 
vn 0.001887704012915492 0.8856881856918335 -0.4642767012119293 
vn 0.05475269630551338 0.8798973560333252 -0.4719987213611603 
vn 0.12609681487083435 0.8746098875999451 -0.46814218163490295 
vn 0.1985865980386734 0.8652127385139465 -0.46040233969688416 
vn 0.2513089179992676 0.8272345066070557 -0.5025205612182617 
vn 0.24184666574001312 0.7834374308586121 -0.5724822878837585 
vn 0.18724392354488373 0.8349120020866394 -0.5175535082817078 
vn 0.11671605706214905 0.8407303094863892 -0.528724730014801 
vn 0.056622959673404694 0.8422393798828125 -0.5361219048500061 
vn -0.003777687903493643 0.844132125377655 -0.5361219048500061 
vn -0.05661296099424362 0.8469032645225525 -0.528724730014801 
vn -0.09794601052999496 0.8500264286994934 -0.5175535082817078 
vn -0.13353800773620605 0.8564040064811707 -0.4987381398677826 
vn -0.1688648909330368 0.8610384464263916 -0.4796847105026245 
vn -0.1854991912841797 0.8660469055175781 -0.4642767012119293 
vn -0.21686968207359314 0.862877607345581 -0.456519216299057 
vn -0.26226532459259033 0.8438363671302795 -0.46814218163490295 
vn -0.3103986382484436 0.8184539675712585 -0.4835140109062195 
vn -0.3166133761405945 0.7643722891807556 -0.5616858005523682 
vn -0.27795618772506714 0.7869991660118103 -0.5507928133010864 
vn -0.21665462851524353 0.8134317398071289 -0.5398051738739014 
vn -0.19099636375904083 0.817405641078949 -0.5434780716896057 
vn -0.16882717609405518 0.8124409914016724 -0.5580654144287109 
vn -0.13532504439353943 0.8061282634735107 -0.5760593414306641 
vn -0.09414935857057571 0.8042950630187988 -0.5867242813110352 
vn -0.054732225835323334 0.800156831741333 -0.5972883701324463 
vn -0.009443712420761585 0.8019709587097168 -0.5972883701324463 
vn 0.050962869077920914 0.800405740737915 -0.5972883701324463 
vn 0.11485058814287186 0.7963897585868835 -0.5937783122062683 
vn 0.1759863942861557 0.7904323935508728 -0.5867242813110352 
vn 0.24456575512886047 0.7087246775627136 -0.661737859249115 
vn 0.18493323028087616 0.720570981502533 -0.6682642698287964 
vn 0.11842591315507889 0.7344373464584351 -0.6682642698287964 
vn 0.0509309396147728 0.7421784996986389 -0.6682642698287964 
vn -0.005667232908308506 0.7468152642250061 -0.6650074124336243 
vn -0.05660203471779823 0.7504881024360657 -0.6584556698799133 
vn -0.0997636690735817 0.7517539858818054 -0.651853621006012 
vn -0.1315045803785324 0.7554638981819153 -0.641857385635376 
vn -0.17415648698806763 0.7581793665885925 -0.6283578276634216 
vn -0.19423508644104004 0.7589242458343506 -0.6215357780456543 
vn -0.2305634617805481 0.7486880421638489 -0.6215357780456543 
vn -0.2893909513950348 0.7220937013626099 -0.6283578276634216 
vn -0.3254040777683258 0.6943567395210266 -0.641857385635376 
vt 0.38332316279411316 0.6667576432228088 
vt 0.3849470019340515 0.6548377275466919 
vt 0.3905144929885864 0.6561622023582458 
vt 0.39376217126846313 0.6379985809326172 
vt 0.3995616137981415 0.6400798559188843 
vt 0.3952700197696686 0.6592840552330017 
vt 0.3861069083213806 0.6712985038757324 
vt 0.38958656787872314 0.6765016317367554 
vt 0.37984350323677063 0.6834076046943665 
vt 0.3782196342945099 0.6727175712585449 
vt 0.39944562315940857 0.6627843379974365 
vt 0.40454915165901184 0.6425395011901855 
vt 0.408492773771286 0.6211594343185425 
vt 0.4028093218803406 0.6192673444747925 
vt 0.39608195424079895 0.6178483366966248 
vt 0.3868028223514557 0.637241780757904 
vt 0.378103643655777 0.6573920249938965 
vt 0.3707963526248932 0.6799073219299316 
vt 0.37021639943122864 0.6619328856468201 
vt 0.37868359684944153 0.6384716033935547 
vt 0.3881947100162506 0.6170915365219116 
vt 0.37914755940437317 0.6173753142356873 
vt 0.3699844181537628 0.640931248664856 
vt 0.36198118329048157 0.6666629910469055 
vt 0.36279311776161194 0.6865294575691223 
vt 0.37230420112609863 0.6934354305267334 
vt 0.3825112283229828 0.6912595629692078 
vt 0.3930662274360657 0.6813263297080994 
vt 0.4032732844352722 0.6662846207618713 
vt 0.40907272696495056 0.6452829241752625 
vt 0.4135963022708893 0.6232406497001648 
vt 0.4170759618282318 0.6006307601928711 
vt 0.4115085005760193 0.5990225076675415 
vt 0.4052450954914093 0.5976980924606323 
vt 0.3978217840194702 0.5965628623962402 
vt 0.3892385959625244 0.5958060622215271 
vt 0.379379540681839 0.5956168174743652 
vt 0.36952048540115356 0.6185105443000793 
vt 0.3611692488193512 0.6437693238258362 
vt 0.3540939390659332 0.6707308888435364 
vt 0.3550218343734741 0.6921109557151794 
vt 0.36406898498535156 0.7018550038337708 
vt 0.3742760121822357 0.703368604183197 
vt 0.38517898321151733 0.6974086761474609 
vt 0.39619794487953186 0.6856780648231506 
vt 0.40686893463134766 0.6699740886688232 
vt 0.41336432099342346 0.6483101844787598 
vt 0.41846781969070435 0.6257002949714661 
vt 0.4225274324417114 0.6025227904319763 
vt 0.4255431592464447 0.5791561007499695 
vt 0.41974371671676636 0.5778316259384155 
vt 0.4137122929096222 0.5766963958740234 
vt 0.4071009159088135 0.5757504105567932 
vt 0.39932963252067566 0.5749936103820801 
vt 0.3901665210723877 0.574425995349884 
vt 0.37984350323677063 0.5741421580314636 
vt 0.3690565228462219 0.5959006547927856 
vt 0.3600093722343445 0.6199295520782471 
vt 0.3529340326786041 0.6464181542396545 
vt 0.3471345901489258 0.6739473938941956 
vt 0.34806251525878906 0.6962735056877136 
vt 0.34910640120506287 0.7136802673339844 
vt 0.3561817407608032 0.7086663246154785 
vt 0.3656928241252899 0.7133018374443054 
vt 0.37659579515457153 0.7109367847442627 
vt 0.3878467381000519 0.7027063965797424 
vt 0.39921364188194275 0.6900297403335571 
vt 0.4108125567436218 0.6740419864654541 
vt 0.4177719056606293 0.6516212821006775 
vt 0.4235713481903076 0.6283491849899292 
vt 0.4279789328575134 0.6046040654182434 
vt 0.43145859241485596 0.5805751085281372 
vt 0.4338943660259247 0.5564515590667725 
vt 0.4276309609413147 0.5555055737495422 
vt 0.4214835464954376 0.5548433661460876 
vt 0.41522014141082764 0.5541810989379883 
vt 0.4083767831325531 0.5537081360816956 
vt 0.40037354826927185 0.5533297061920166 
vt 0.3909784257411957 0.5530458688735962 
vt 0.3803074359893799 0.5528566837310791 
vt 0.3687085509300232 0.5741421580314636 
vt 0.35873350501060486 0.5965628623962402 
vt 0.35119420289993286 0.6215378046035767 
vt 0.34574273228645325 0.6485940217971802 
vt 0.3411031663417816 0.6762178540229797 
vt 0.3420310914516449 0.6993953585624695 
vt 0.3430749773979187 0.7172751426696777 
vt 0.3441188931465149 0.7305194139480591 
vt 0.3503822982311249 0.726451575756073 
vt 0.35757359862327576 0.7208700180053711 
vt 0.367664635181427 0.7217214703559875 
vt 0.37879958748817444 0.7169913649559021 
vt 0.3903985023498535 0.7076257467269897 
vt 0.40246134996414185 0.6948544383049011 
vt 0.4151041507720947 0.6788666844367981 
vt 0.42275941371917725 0.6555945873260498 
vt 0.42902281880378723 0.6315656304359436 
vt 0.4340103566646576 0.6070637106895447 
vt 0.43795397877693176 0.5823725461959839 
vt 0.4406217336654663 0.5573976039886475 
vt 0.44224557280540466 0.5323280096054077 
vt 0.4354022145271301 0.5320442318916321 
vt 0.4289068281650543 0.5317603945732117 
vt 0.4225274324417114 0.5315712094306946 
vt 0.41614803671836853 0.531476616859436 
vt 0.40907272696495056 0.5313820242881775 
vt 0.4010694921016693 0.5313820242881775 
vt 0.39167436957359314 0.531476616859436 
vt 0.38088738918304443 0.5316658020019531 
vt 0.368940532207489 0.5529512763023376 
vt 0.35768958926200867 0.5743313431739807 
vt 0.34910640120506287 0.5974142551422119 
vt 0.34342294931411743 0.6229568719863892 
vt 0.33947932720184326 0.6502968668937683 
vt 0.3357676863670349 0.678109884262085 
vt 0.3366955816745758 0.7017604112625122 
vt 0.3376235067844391 0.720113217830658 
vt 0.3387833833694458 0.7336413264274597 
vt 0.3399432897567749 0.7437637448310852 
vt 0.3453947603702545 0.7404526472091675 
vt 0.3517741560935974 0.7360063791275024 
vt 0.3591974377632141 0.7300464510917664 
vt 0.36952048540115356 0.7284381985664368 
vt 0.3807713985443115 0.7225728631019592 
vt 0.3930662274360657 0.7132072448730469 
vt 0.4061729907989502 0.7006251811981201 
vt 0.4199756979942322 0.6842589974403381 
vt 0.42832690477371216 0.6600408554077148 
vt 0.4351702332496643 0.6350659132003784 
vt 0.4407377243041992 0.6098071336746216 
vt 0.4449133276939392 0.5842645764350891 
vt 0.4479290246963501 0.5586274266242981 
vt 0.4497848451137543 0.5328010320663452 
vt 0.45059677958488464 0.5067854523658752 
vt 0.4428255259990692 0.5071638822555542 
vt 0.43575018644332886 0.5075423121452332 
vt 0.42913880944252014 0.5079206824302673 
vt 0.42275941371917725 0.5082045197486877 
vt 0.41626402735710144 0.5084882974624634 
vt 0.40907272696495056 0.5088667273521423 
vt 0.4009535014629364 0.5092450976371765 
vt 0.39167436957359314 0.509718120098114 
vt 0.38111937046051025 0.5103803277015686 
vt 0.36940449476242065 0.5319496393203735 
vt 0.35745760798454285 0.5531405210494995 
vt 0.3473665714263916 0.5748989582061768 
vt 0.3407551944255829 0.5983603000640869 
vt 0.3369275629520416 0.6241866946220398 
vt 0.33414381742477417 0.6516212821006775 
vt 0.3311281204223633 0.6796234846115112 
vt 0.3320560157299042 0.703747034072876 
vt 0.33298394083976746 0.7223836779594421 
vt 0.33402782678604126 0.7361955642700195 
vt 0.33507174253463745 0.7465071678161621 
vt 0.33611562848091125 0.7546429634094238 
vt 0.3409871757030487 0.7516157031059265 
vt 0.34655463695526123 0.7481154203414917 
vt 0.35316601395606995 0.7434799075126648 
vt 0.36070531606674194 0.7371416091918945 
vt 0.3711443245410919 0.7343981266021729 
vt 0.38297519087791443 0.7287219762802124 
vt 0.39608195424079895 0.720113217830658 
vt 0.4103485941886902 0.7069635391235352 
vt 0.4255431592464447 0.6899351477622986 
vt 0.43459030985832214 0.6647709608078003 
vt 0.44201359152793884 0.6389446258544922 
vt 0.4479290246963501 0.6128344535827637 
vt 0.45256859064102173 0.5865350365638733 
vt 0.45593228936195374 0.5600464344024658 
vt 0.45802009105682373 0.5334632396697998 
vt 0.4588319957256317 0.5065016746520996 
vt 0.4583680331707001 0.47935086488723755 
vt 0.4500168263912201 0.48048609495162964 
vt 0.44224557280540466 0.4818105101585388 
vt 0.4350542426109314 0.4829457402229309 
vt 0.42844289541244507 0.48398637771606445 
vt 0.42194750905036926 0.48483777046203613 
vt 0.41545212268829346 0.4855000078678131 
vt 0.4082607924938202 0.48625680804252625 
vt 0.4000255763530731 0.48701363801956177 
vt 0.39086243510246277 0.48786506056785583 
vt 0.3805394172668457 0.488905668258667 
vt 0.3698684275150299 0.5110425353050232 
vt 0.3579215705394745 0.5323280096054077 
vt 0.34667062759399414 0.5536134839057922 
vt 0.33831942081451416 0.5757504105567932 
vt 0.333563894033432 0.599495530128479 
vt 0.3311281204223633 0.6254165172576904 
vt 0.329388290643692 0.6527565121650696 
vt 0.3270685076713562 0.6810425519943237 
vt 0.3278804123401642 0.7056390643119812 
vt 0.32880833745002747 0.7246540784835815 
vt 0.32985222339630127 0.7386552095413208 
vt 0.33089613914489746 0.7491560578346252 
vt 0.33182403445243835 0.7573864459991455 
vt 0.3326359689235687 0.7647653818130493 
vt 0.33704355359077454 0.761738121509552 
vt 0.341915100812912 0.7586162686347961 
vt 0.34771454334259033 0.7549268007278442 
vt 0.35432592034339905 0.7500074505805969 
vt 0.3620971739292145 0.7433853149414062 
vt 0.3728841543197632 0.7411148548126221 
vt 0.38552695512771606 0.7365739941596985 
vt 0.3996776044368744 0.7274921536445618 
vt 0.41522014141082764 0.7134910821914673 
vt 0.4320385456085205 0.6960842609405518 
vt 0.4416656196117401 0.6699740886688232 
vt 0.44966888427734375 0.6432017087936401 
vt 0.45604825019836426 0.6160508990287781 
vt 0.4610357880592346 0.588900089263916 
vt 0.46463143825531006 0.5616546869277954 
vt 0.46683523058891296 0.5342200994491577 
vt 0.46787914633750916 0.5064070820808411 
vt 0.46764716506004333 0.47821563482284546 
vt 0.46579134464263916 0.4496457874774933 
vt 0.4566282033920288 0.4518216550350189 
vt 0.44827699661254883 0.4540920853614807 
vt 0.4403897523880005 0.45645713806152344 
vt 0.4331984221935272 0.4586330056190491 
vt 0.4265870451927185 0.4603358507156372 
vt 0.4202076494693756 0.4616602659225464 
vt 0.4135963022708893 0.4627954959869385 
vt 0.406404972076416 0.46383610367774963 
vt 0.39828574657440186 0.4649713337421417 
vt 0.3891226053237915 0.46620115637779236 
vt 0.37914755940437317 0.4675256013870239 
vt 0.3696364462375641 0.4898516833782196 
vt 0.35861751437187195 0.5115155577659607 
vt 0.3471345901489258 0.5328010320663452 
vt 0.3369275629520416 0.5542757511138916 
vt 0.3303161859512329 0.5766963958740234 
vt 0.327300488948822 0.6006307601928711 
vt 0.32625657320022583 0.626457154750824 
vt 0.32532864809036255 0.6537971496582031 
vt 0.32335683703422546 0.6823669672012329 
vt 0.32416877150535583 0.7074365019798279 
vt 0.3249807059764862 0.7267353534698486 
vt 0.32602459192276 0.740925669670105 
vt 0.3270685076713562 0.7516157031059265 
vt 0.3279964029788971 0.7600352764129639 
vt 0.32880833745002747 0.767508864402771 
vt 0.32950425148010254 0.7760230302810669 
vt 0.3334479033946991 0.7730903625488281 
vt 0.33797144889831543 0.7698739171028137 
vt 0.3429589867591858 0.766562819480896 
vt 0.34875842928886414 0.762684166431427 
vt 0.35560178756713867 0.7575756311416626 
vt 0.3636050224304199 0.750575065612793 
vt 0.3749719560146332 0.7497236728668213 
vt 0.38842669129371643 0.7449935674667358 
vt 0.40362122654914856 0.7348711490631104 
vt 0.42090359330177307 0.7205862402915955 
vt 0.4395778179168701 0.7029902338981628 
vt 0.4497848451137543 0.6756502389907837 
vt 0.45825204253196716 0.6477425694465637 
vt 0.4650954008102417 0.6196457743644714 
vt 0.4704309105873108 0.5915489792823792 
vt 0.47425854206085205 0.5634521245956421 
vt 0.4766943156719208 0.5351660847663879 
vt 0.4778541922569275 0.5065016746520996 
vt 0.4777382016181946 0.47726961970329285 
vt 0.4759983718395233 0.44746994972229004 
vt 0.4724027216434479 0.4171972870826721 
vt 0.4620797038078308 0.42069756984710693 
vt 0.4531485438346863 0.42419782280921936 
vt 0.4449133276939392 0.4276981055736542 
vt 0.4371420443058014 0.43138760328292847 
vt 0.4299507439136505 0.4346986711025238 
vt 0.4234553575515747 0.437252938747406 
vt 0.41730794310569763 0.4392395615577698 
vt 0.4108125567436218 0.44084781408309937 
vt 0.40362122654914856 0.442361444234848 
vt 0.3956179916858673 0.4438750743865967 
vt 0.3868028223514557 0.4452941119670868 
vt 0.377291738986969 0.44680774211883545 
vt 0.3687085509300232 0.468660831451416 
vt 0.35884949564933777 0.4905139207839966 
vt 0.34806251525878906 0.5118939876556396 
vt 0.33739152550697327 0.5332740545272827 
vt 0.32846036553382874 0.5551271438598633 
vt 0.32324084639549255 0.5778316259384155 
vt 0.32184898853302 0.6016713976860046 
vt 0.32184898853302 0.6274031400680542 
vt 0.3216170072555542 0.6547431349754333 
vt 0.31987717747688293 0.683502197265625 
vt 0.3206891119480133 0.7090447545051575 
vt 0.3215010166168213 0.7285327911376953 
vt 0.3225449323654175 0.7429122924804688 
vt 0.3234728276729584 0.7536969780921936 
vt 0.32440075278282166 0.762305736541748 
vt 0.3250966966152191 0.7698739171028137 
vt 0.3257926106452942 0.7784826755523682 
vt 0.3304321765899658 0.786807656288147 
vt 0.3344917893409729 0.7836858034133911 
vt 0.3390153646469116 0.7802801132202148 
vt 0.3441188931465149 0.7767798900604248 
vt 0.35003432631492615 0.7726173996925354 
vt 0.3569936454296112 0.7672250270843506 
vt 0.3653448522090912 0.7598460912704468 
vt 0.3774077296257019 0.7589946389198303 
vt 0.39167436957359314 0.7530347108840942 
vt 0.4086087644100189 0.7426285147666931 
vt 0.4278629422187805 0.7286273837089539 
vt 0.44827699661254883 0.7103691697120667 
vt 0.4589479863643646 0.6817047595977783 
vt 0.46787914633750916 0.6525673270225525 
vt 0.47507044672966003 0.6233352422714233 
vt 0.48063793778419495 0.5943869948387146 
vt 0.48481354117393494 0.5655333995819092 
vt 0.4874812960624695 0.5363959074020386 
vt 0.488873153924942 0.5067854523658752 
vt 0.488873153924942 0.4764181971549988 
vt 0.48724931478500366 0.4452941119670868 
vt 0.48376962542533875 0.41360241174697876 
vt 0.4779701828956604 0.38124847412109375 
vt 0.46671923995018005 0.3864516019821167 
vt 0.4565122127532959 0.3915601074695587 
vt 0.4479290246963501 0.39647942781448364 
vt 0.44004178047180176 0.4014933407306671 
vt 0.43238651752471924 0.4069802463054657 
vt 0.4253111779689789 0.41199415922164917 
vt 0.4190477728843689 0.41558903455734253 
vt 0.41324833035469055 0.4182378947734833 
vt 0.4071009159088135 0.4204137623310089 
vt 0.40025755763053894 0.42230579257011414 
vt 0.3926022946834564 0.42400863766670227 
vt 0.38413509726524353 0.4256168603897095 
vt 0.3750879466533661 0.4270358979701996 
vt 0.36743268370628357 0.44794297218322754 
vt 0.35838553309440613 0.4693230390548706 
vt 0.3486424386501312 0.49070310592651367 
vt 0.33855140209198 0.5120831727981567 
vt 0.32880833745002747 0.5337470769882202 
vt 0.3208051025867462 0.5560731887817383 
vt 0.3170934319496155 0.5788722634315491 
vt 0.3170934319496155 0.6027119755744934 
vt 0.31802135705947876 0.6282545924186707 
vt 0.3182533383369446 0.6555945873260498 
vt 0.3166294991970062 0.6847320199012756 
vt 0.3173254132270813 0.7104637622833252 
vt 0.3139617443084717 0.7115989923477173 
vt 0.31813734769821167 0.7301410436630249 
vt 0.3148896396160126 0.731276273727417 
vt 0.3191812336444855 0.7445205450057983 
vt 0.32010915875434875 0.755399763584137 
vt 0.31581756472587585 0.745750367641449 
vt 0.31152597069740295 0.7321276664733887 
vt 0.3105980455875397 0.7125450372695923 
vt 0.3131498098373413 0.6859618425369263 
vt 0.31477364897727966 0.65654057264328 
vt 0.31454169750213623 0.6290113925933838 
vt 0.3129178285598755 0.6036580204963684 
vt 0.31164196133613586 0.5800074934959412 
vt 0.3140777349472046 0.5570191740989685 
vt 0.32115304470062256 0.5342200994491577 
vt 0.3302001953125 0.5119885802268982 
vt 0.33936333656311035 0.4903247058391571 
vt 0.3486424386501312 0.4693230390548706 
vt 0.35757359862327576 0.44841596484184265 
vt 0.3658088147640228 0.42788732051849365 
vt 0.35641372203826904 0.42788732051849365 
vt 0.348178505897522 0.4480375647544861 
vt 0.33959531784057617 0.468377023935318 
vt 0.3311281204223633 0.4896624982357025 
vt 0.3226609230041504 0.5118939876556396 
vt 0.3143097162246704 0.5347877144813538 
vt 0.3080463111400604 0.5579652190208435 
vt 0.30700239539146423 0.5808588862419128 
vt 0.30920618772506714 0.6044148206710815 
vt 0.3110620081424713 0.6298627853393555 
vt 0.31129398941993713 0.6577703952789307 
vt 0.30955415964126587 0.6870970726013184 
vt 0.30700239539146423 0.7133018374443054 
vt 0.3080463111400604 0.7326952815055847 
vt 0.31245389580726624 0.7465071678161621 
vt 0.3166294991970062 0.756534993648529 
vt 0.3209210932254791 0.7640085816383362 
vt 0.3216170072555542 0.7716713547706604 
vt 0.3174414038658142 0.7651438117027283 
vt 0.3132658004760742 0.7571972012519836 
vt 0.3089742064476013 0.7469801902770996 
vt 0.3044506311416626 0.7329791188240051 
vt 0.3032907545566559 0.7137748599052429 
vt 0.3058425188064575 0.6880431175231934 
vt 0.3075823485851288 0.6590002775192261 
vt 0.3075823485851288 0.6308088302612305 
vt 0.3058425188064575 0.6050770282745361 
vt 0.3032907545566559 0.5815211534500122 
vt 0.303174763917923 0.5587220191955566 
vt 0.30839425325393677 0.5353553295135498 
vt 0.3161655366420746 0.5117993950843811 
vt 0.3237048089504242 0.4887164831161499 
vt 0.3313601016998291 0.4669579863548279 
vt 0.33936333656311035 0.4465239346027374 
vt 0.3473665714263916 0.4270358979701996 
vt 0.3387833833694458 0.4249546527862549 
vt 0.3312441110610962 0.4443480968475342 
vt 0.3240527808666229 0.46525514125823975 
vt 0.3172094225883484 0.4879596531391144 
vt 0.31036609411239624 0.5117993950843811 
vt 0.3034067451953888 0.5358282923698425 
vt 0.2993471324443817 0.5591004490852356 
vt 0.3000430464744568 0.5818995237350464 
vt 0.3023628294467926 0.6057392954826355 
vt 0.3037547171115875 0.631849467754364 
vt 0.3036387264728546 0.6600408554077148 
vt 0.30189889669418335 0.688705325126648 
vt 0.2994631230831146 0.7140586972236633 
vt 0.30062299966812134 0.7331683039665222 
vt 0.3053785562515259 0.7471694350242615 
vt 0.3096701502799988 0.7576702237129211 
vt 0.3139617443084717 0.7657114267349243 
vt 0.31813734769821167 0.772711992263794 
vt 0.32231295108795166 0.7803747653961182 
vt 0.32660454511642456 0.7895511388778687 
vt 0.3313601016998291 0.7981599569320679 
vt 0.3355357050895691 0.7948488593101501 
vt 0.34017524123191833 0.7912539839744568 
vt 0.3455107510089874 0.7875645160675049 
vt 0.3515421748161316 0.7832127809524536 
vt 0.35873350501060486 0.7774420976638794 
vt 0.36731669306755066 0.7696847319602966 
vt 0.380191445350647 0.7676034569740295 
vt 0.39596596360206604 0.7614543437957764 
vt 0.4149881601333618 0.7516157031059265 
vt 0.4359821677207947 0.7373307943344116 
vt 0.4577881097793579 0.7179373502731323 
vt 0.46903902292251587 0.68794846534729 
vt 0.47843414545059204 0.657486617565155 
vt 0.48608940839767456 0.6272139549255371 
vt 0.4920048415660858 0.5974142551422119 
vt 0.4964124262332916 0.5678038001060486 
vt 0.499312162399292 0.5379095673561096 
vt 0.5008200407028198 0.5073530673980713 
vt 0.5008200407028198 0.4757559895515442 
vt 0.4994281530380249 0.44330745935440063 
vt 0.49583250284194946 0.41010212898254395 
vt 0.49014902114868164 0.3763291835784912 
vt 0.48168182373046875 0.3421778082847595 
vt 0.46985095739364624 0.34870535135269165 
vt 0.4587160050868988 0.35561132431030273 
vt 0.4489729404449463 0.36251726746559143 
vt 0.44085371494293213 0.36904481053352356 
vt 0.43343040347099304 0.37595075368881226 
vt 0.42600712180137634 0.38380274176597595 
vt 0.4190477728843689 0.3908978998661041 
vt 0.41324833035469055 0.3959118127822876 
vt 0.40802881121635437 0.3993174731731415 
vt 0.40234535932540894 0.40206095576286316 
vt 0.39608195424079895 0.4044260084629059 
vt 0.3891226053237915 0.4063180387020111 
vt 0.3813513517379761 0.4077370762825012 
vt 0.3730001449584961 0.4085884988307953 
vt 0.3641849756240845 0.4087776839733124 
vt 0.35513782501220703 0.40821006894111633 
vt 0.3463226854801178 0.40660184621810913 
vt 0.33797144889831543 0.40414220094680786 
vt 0.33078014850616455 0.4222111999988556 
vt 0.32393679022789 0.4418884217739105 
vt 0.3175573945045471 0.4637415111064911 
vt 0.31164196133613586 0.4874866306781769 
vt 0.3053785562515259 0.5119885802268982 
vt 0.2993471324443817 0.5360175371170044 
vt 0.2960994243621826 0.5592896342277527 
vt 0.2967953681945801 0.5822779536247253 
vt 0.29876717925071716 0.6064015030860901 
vt 0.29981109499931335 0.6327008605003357 
vt 0.29957911372184753 0.6608923077583313 
vt 0.2978392541408539 0.689272940158844 
vt 0.29540351033210754 0.7140586972236633 
vt 0.2967953681945801 0.7331683039665222 
vt 0.30166691541671753 0.7473586201667786 
vt 0.30607450008392334 0.757859468460083 
vt 0.31036609411239624 0.7659952044487 
vt 0.31454169750213623 0.77327960729599 
vt 0.3187173008918762 0.7815099954605103 
vt 0.32312488555908203 0.7915377616882324 
vt 0.32753244042396545 0.8009979724884033 
vt 0.32393679022789 0.803173840045929 
vt 0.3195292055606842 0.7928622364997864 
vt 0.3151216208934784 0.7820776104927063 
vt 0.3108300268650055 0.7734687924385071 
vt 0.3066544234752655 0.7661844491958618 
vt 0.3023628294467926 0.7579540610313416 
vt 0.2978392541408539 0.7473586201667786 
vt 0.29308372735977173 0.7328844666481018 
vt 0.2914598882198334 0.7138694524765015 
vt 0.29354768991470337 0.6894621253013611 
vt 0.2951715290546417 0.6615545153617859 
vt 0.29563549160957336 0.6333630681037903 
vt 0.2949395477771759 0.6068744659423828 
vt 0.29343169927597046 0.582561731338501 
vt 0.2929677367210388 0.5593842267990112 
vt 0.2957514524459839 0.5361121296882629 
vt 0.301086962223053 0.5119885802268982 
vt 0.3066544234752655 0.48720282316207886 
vt 0.3119899332523346 0.46270090341567993 
vt 0.3174414038658142 0.4397125840187073 
vt 0.3235888183116913 0.41908931732177734 
vt 0.3302001953125 0.40092572569847107 
vt 0.32312488555908203 0.39742544293403625 
vt 0.3172094225883484 0.41634586453437805 
vt 0.3118739426136017 0.4381043314933777 
vt 0.3068864047527313 0.46203866600990295 
vt 0.3021308481693268 0.48701363801956177 
vt 0.2971433401107788 0.5118939876556396 
vt 0.29227179288864136 0.5360175371170044 
vt 0.2897200286388397 0.5593842267990112 
vt 0.28983601927757263 0.5827509760856628 
vt 0.2907639443874359 0.6073474884033203 
vt 0.29122790694236755 0.6339306831359863 
vt 0.290647953748703 0.6619328856468201 
vt 0.28925609588623047 0.6895567178726196 
vt 0.2876322269439697 0.713396430015564 
vt 0.2893720865249634 0.7323168516159058 
vt 0.29412761330604553 0.7470747828483582 
vt 0.29853519797325134 0.7579540610313416 
vt 0.30282679200172424 0.7662790417671204 
vt 0.30711838603019714 0.7735633850097656 
vt 0.31152597069740295 0.7821722030639648 
vt 0.31593355536460876 0.7934298515319824 
vt 0.3204571306705475 0.8045929074287415 
vt 0.3249807059764862 0.8132962584495544 
vt 0.32869234681129456 0.8110257983207703 
vt 0.3326359689235687 0.8080931305885315 
vt 0.3369275629520416 0.8047820925712585 
vt 0.34168311953544617 0.8011872172355652 
vt 0.3471345901489258 0.79740309715271 
vt 0.35339799523353577 0.7928622364997864 
vt 0.36082130670547485 0.7869023084640503 
vt 0.369752436876297 0.7787665128707886 
vt 0.3839031159877777 0.7765906453132629 
vt 0.4016494154930115 0.7712929248809814 
vt 0.4225274324417114 0.761359691619873 
vt 0.4450293183326721 0.7464125752449036 
vt 0.46799513697624207 0.725883960723877 
vt 0.48063793778419495 0.6942868232727051 
vt 0.4895690977573395 0.6624059081077576 
vt 0.49861621856689453 0.6305249929428101 
vt 0.5039517283439636 0.600441575050354 
vt 0.5094032287597656 0.5703580975532532 
vt 0.511722981929779 0.5396124124526978 
vt 0.5139268040657043 0.5088667273521423 
vt 0.5128828883171082 0.47537755966186523 
vt 0.513114869594574 0.44151002168655396 
vt 0.5085912942886353 0.4067910611629486 
vt 0.5040677189826965 0.3720720708370209 
vt 0.4942086338996887 0.3357448875904083 
vt 0.4843495786190033 0.29932305216789246 
vt 0.47112682461738586 0.3090670704841614 
vt 0.46996694803237915 0.269239604473114 
vt 0.4595279395580292 0.31729745864868164 
vt 0.4488569498062134 0.32590624690055847 
vt 0.439693808555603 0.33460965752601624 
vt 0.4321545362472534 0.3428400158882141 
vt 0.4253111779689789 0.35192182660102844 
vt 0.4181198477745056 0.36232805252075195 
vt 0.4115085005760193 0.37197747826576233 
vt 0.4062889814376831 0.378599613904953 
vt 0.4016494154930115 0.38285672664642334 
vt 0.3967778980731964 0.3862623870372772 
vt 0.3913263976573944 0.38891124725341797 
vt 0.38529497385025024 0.39099249243736267 
vt 0.3785676062107086 0.3922223150730133 
vt 0.3709123432636261 0.39231693744659424 
vt 0.3625611364841461 0.39146551489830017 
vt 0.3539779484272003 0.3899518847465515 
vt 0.3453947603702545 0.38768142461776733 
vt 0.33715954422950745 0.38465416431427 
vt 0.32962024211883545 0.3811538815498352 
vt 0.3226609230041504 0.37755900621414185 
vt 0.31674548983573914 0.39420896768569946 
vt 0.31152597069740295 0.4141700267791748 
vt 0.3068864047527313 0.436969131231308 
vt 0.3023628294467926 0.4614710509777069 
vt 0.2978392541408539 0.48672983050346375 
vt 0.29319971799850464 0.5117048025131226 
vt 0.28879213333129883 0.5358282923698425 
vt 0.2861243784427643 0.5593842267990112 
vt 0.28589239716529846 0.5829401612281799 
vt 0.2863563597202301 0.6077259182929993 
vt 0.286472350358963 0.6343091130256653 
vt 0.28600838780403137 0.6621221303939819 
vt 0.2850804924964905 0.689272940158844 
vt 0.2839205861091614 0.7126396298408508 
vt 0.28589239716529846 0.7313708662986755 
vt 0.2905319631099701 0.7464125752449036 
vt 0.294823557138443 0.7577648162841797 
vt 0.2991151511669159 0.7662790417671204 
vt 0.3034067451953888 0.7736579775810242 
vt 0.3078143298625946 0.7821722030639648 
vt 0.3123379051685333 0.7936190366744995 
vt 0.31686145067214966 0.8053497076034546 
vt 0.3213850259780884 0.8147153258323669 
vt 0.32625657320022583 0.8229457139968872 
vt 0.3300842046737671 0.820675253868103 
vt 0.3342598080635071 0.8179317712783813 
vt 0.3387833833694458 0.8147153258323669 
vt 0.34377092123031616 0.8111204504966736 
vt 0.3493383824825287 0.8073363304138184 
vt 0.3558337688446045 0.8027008175849915 
vt 0.3636050224304199 0.7966462969779968 
vt 0.3728841543197632 0.7881321310997009 
vt 0.3888906240463257 0.7870914936065674 
vt 0.4086087644100189 0.781982958316803 
vt 0.4309946298599243 0.77138751745224 
vt 0.4552363455295563 0.7575756311416626 
vt 0.43992578983306885 0.7818883657455444 
vt 0.41638001799583435 0.7929568290710449 
vt 0.39503803849220276 0.7984437346458435 
vt 0.377291738986969 0.7991059422492981 
vt 0.36743268370628357 0.8079039454460144 
vt 0.359313428401947 0.8141477108001709 
vt 0.35235410928726196 0.8188778162002563 
vt 0.34655463695526123 0.8225672841072083 
vt 0.3412191569805145 0.8259729743003845 
vt 0.33646360039711 0.8290002346038818 
vt 0.3320560157299042 0.8315544724464417 
vt 0.3279964029788971 0.8336357474327087 
vt 0.32242894172668457 0.8244593143463135 
vt 0.31778937578201294 0.8155667185783386 
vt 0.3132658004760742 0.8056334853172302 
vt 0.3086262345314026 0.7936190366744995 
vt 0.30398669838905334 0.7821722030639648 
vt 0.29957911372184753 0.7735633850097656 
vt 0.29528751969337463 0.7660897970199585 
vt 0.29122790694236755 0.7571026086807251 
vt 0.2871682941913605 0.7454665899276733 
vt 0.28252872824668884 0.7302356362342834 
vt 0.28032493591308594 0.7116936445236206 
vt 0.281020849943161 0.688705325126648 
vt 0.28148481249809265 0.6620275378227234 
vt 0.28171679377555847 0.6344982981681824 
vt 0.28171679377555847 0.6079151034355164 
vt 0.28171679377555847 0.583129346370697 
vt 0.28241273760795593 0.5593842267990112 
vt 0.285196453332901 0.5356391072273254 
vt 0.2893720865249634 0.5113263726234436 
vt 0.2937796413898468 0.48625680804252625 
vt 0.2979552447795868 0.46090346574783325 
vt 0.3022468388080597 0.436023086309433 
vt 0.3065384328365326 0.41246718168258667 
vt 0.3111779987812042 0.3915601074695587 
vt 0.3163975179195404 0.37405872344970703 
vt 0.4244992434978485 0.8062011003494263 
vt 0.3109460175037384 0.3709368407726288 
vt 0.30619049072265625 0.38928964734077454 
vt 0.30189889669418335 0.41104814410209656 
vt 0.29772329330444336 0.4349824786186218 
vt 0.2936636507511139 0.46014663577079773 
vt 0.2896040380001068 0.48578381538391113 
vt 0.2854284346103668 0.5110425353050232 
vt 0.28125283122062683 0.5356391072273254 
vt 0.27835312485694885 0.5594788193702698 
vt 0.27719321846961975 0.5833185911178589 
vt 0.27696123719215393 0.6080096960067749 
vt 0.27696123719215393 0.6344982981681824 
vt 0.27707722783088684 0.661743700504303 
vt 0.27707722783088684 0.68794846534729 
vt 0.2764973044395447 0.7105584144592285 
vt 0.2788170874118805 0.7290058135986328 
vt 0.28380459547042847 0.7442367672920227 
vt 0.28786420822143555 0.7561566233634949 
vt 0.2916918396949768 0.7655222415924072 
vt 0.2957514524459839 0.7733741998672485 
vt 0.3001590371131897 0.7821722030639648 
vt 0.30491459369659424 0.7936190366744995 
vt 0.30955415964126587 0.8056334853172302 
vt 0.3140777349472046 0.8160397410392761 
vt 0.3187173008918762 0.8254053592681885 
vt 0.3240527808666229 0.835149347782135 
vt 0.3300842046737671 0.8452717661857605 
vt 0.3344917893409729 0.8433797359466553 
vt 0.33924734592437744 0.8410146832466125 
vt 0.3442348837852478 0.8382712006568909 
vt 0.34991833567619324 0.8350547552108765 
vt 0.3561817407608032 0.8314598798751831 
vt 0.363489031791687 0.8267297744750977 
vt 0.37230420112609863 0.8202968239784241 
vt 0.3827432096004486 0.8111204504966736 
vt 0.4019973874092102 0.81007981300354 
vt 0.4093047082424164 0.8221888542175293 
vt 0.3887746334075928 0.8235133290290833 
vt 0.39399415254592896 0.8381766080856323 
vt 0.38309118151664734 0.8459339737892151 
vt 0.3776397109031677 0.8328788876533508 
vt 0.3720722198486328 0.8535967469215393 
vt 0.36812859773635864 0.8395956754684448 
vt 0.3645329475402832 0.857286274433136 
vt 0.3603573441505432 0.8443257808685303 
vt 0.3569936454296112 0.8610703349113464 
vt 0.3535139858722687 0.8478260636329651 
vt 0.3475985527038574 0.8508533239364624 
vt 0.34226304292678833 0.8533129692077637 
vt 0.35107821226119995 0.8635299801826477 
vt 0.3451627790927887 0.8658950328826904 
vt 0.3400592505931854 0.8675978779792786 
vt 0.33727553486824036 0.855394184589386 
vt 0.33507174253463745 0.8692061305046082 
vt 0.3325199782848358 0.8570970296859741 
vt 0.3279964029788971 0.8584215044975281 
vt 0.3259086012840271 0.846690833568573 
vt 0.32010915875434875 0.8361899852752686 
vt 0.3150056302547455 0.8259729743003845 
vt 0.31048208475112915 0.8162289261817932 
vt 0.3058425188064575 0.8056334853172302 
vt 0.301086962223053 0.7934298515319824 
vt 0.29644739627838135 0.7818883657455444 
vt 0.29215580224990845 0.7728065848350525 
vt 0.2882121801376343 0.7644816040992737 
vt 0.284384548664093 0.7548321485519409 
vt 0.280208945274353 0.7428176999092102 
vt 0.274757444858551 0.7275867462158203 
vt 0.27208971977233887 0.7094231843948364 
vt 0.27278563380241394 0.6870970726013184 
vt 0.27266964316368103 0.6611760854721069 
vt 0.2723217010498047 0.6342145204544067 
vt 0.2722057104110718 0.6079151034355164 
vt 0.2725536525249481 0.5833185911178589 
vt 0.27406153082847595 0.5595734119415283 
vt 0.27719321846961975 0.5356391072273254 
vt 0.28148481249809265 0.5109479427337646 
vt 0.28554442524909973 0.4852162003517151 
vt 0.2893720865249634 0.45929521322250366 
vt 0.29331570863723755 0.43384724855422974 
vt 0.29737532138824463 0.4095345139503479 
vt 0.3015509247779846 0.38720840215682983 
vt 0.30595850944519043 0.3681933879852295 
vt 0.3302001953125 0.8703413605690002 
vt 0.3013189435005188 0.3654499351978302 
vt 0.2970273494720459 0.3850325644016266 
vt 0.292735755443573 0.4077370762825012 
vt 0.28890812397003174 0.43252283334732056 
vt 0.285196453332901 0.4585384130477905 
vt 0.28148481249809265 0.48493239283561707 
vt 0.27719321846961975 0.5109479427337646 
vt 0.27278563380241394 0.535733699798584 
vt 0.26953795552253723 0.5596680641174316 
vt 0.2679141163825989 0.5832239389419556 
vt 0.26745015382766724 0.6076313257217407 
vt 0.26756614446640015 0.6336469054222107 
vt 0.2680301070213318 0.6604192852973938 
vt 0.2680301070213318 0.6861510276794434 
vt 0.2671021819114685 0.7080987095832825 
vt 0.26988592743873596 0.726073145866394 
vt 0.27614933252334595 0.7413040995597839 
vt 0.2807888984680176 0.7533185482025146 
vt 0.28473252058029175 0.7631571888923645 
vt 0.288560152053833 0.771765947341919 
vt 0.292735755443573 0.7812261581420898 
vt 0.29737532138824463 0.793146014213562 
vt 0.30201488733291626 0.8055388927459717 
vt 0.3066544234752655 0.8162289261817932 
vt 0.31129398941993713 0.8262567520141602 
vt 0.3161655366420746 0.8367576003074646 
vt 0.3217329978942871 0.8477314114570618 
vt 0.3234728276729584 0.8594620823860168 
vt 0.32532864809036255 0.8714765906333923 
vt 0.31894925236701965 0.8602189421653748 
vt 0.3204571306705475 0.8721387982368469 
vt 0.3175573945045471 0.8483936786651611 
vt 0.3122219145298004 0.8371360301971436 
vt 0.3074663579463959 0.8263513445854187 
vt 0.30282679200172424 0.8160397410392761 
vt 0.2983032166957855 0.8050658702850342 
vt 0.2936636507511139 0.7923892140388489 
vt 0.28914010524749756 0.7801855206489563 
vt 0.2850804924964905 0.7704415321350098 
vt 0.281020849943161 0.7615489363670349 
vt 0.2767292857170105 0.7516157031059265 
vt 0.2713937759399414 0.7396012544631958 
vt 0.26420244574546814 0.7242757081985474 
vt 0.26130273938179016 0.7066797018051147 
vt 0.2626945972442627 0.6851104497909546 
vt 0.2628105878829956 0.6596624851226807 
vt 0.2625786066055298 0.6330792903900146 
vt 0.2625786066055298 0.6071583032608032 
vt 0.26327455043792725 0.5829401612281799 
vt 0.2650143802165985 0.5595734119415283 
vt 0.26837804913520813 0.5359229445457458 
vt 0.27290162444114685 0.5110425353050232 
vt 0.27742519974708557 0.48483777046203613 
vt 0.2811368405818939 0.4579707980155945 
vt 0.28461652994155884 0.43138760328292847 
vt 0.2882121801376343 0.40593963861465454 
vt 0.29215580224990845 0.38266751170158386 
vt 0.29656338691711426 0.36251726746559143 
vt 0.2916918396949768 0.3593953847885132 
vt 0.2874002456665039 0.3802078664302826 
vt 0.28368860483169556 0.40433138608932495 
vt 0.28055691719055176 0.4305361807346344 
vt 0.27730920910835266 0.457781583070755 
vt 0.27313360571861267 0.4850269854068756 
vt 0.26837804913520813 0.5113263726234436 
vt 0.2637385129928589 0.5360175371170044 
vt 0.2603748142719269 0.5594788193702698 
vt 0.2584030032157898 0.582561731338501 
vt 0.2572431266307831 0.6065906882286072 
vt 0.25701114535331726 0.6324170827865601 
vt 0.25701114535331726 0.6589056253433228 
vt 0.2564311921596527 0.6839752197265625 
vt 0.2544593811035156 0.7045984864234924 
vt 0.2575910985469818 0.7218160629272461 
vt 0.26571032404899597 0.7376145720481873 
vt 0.27185773849487305 0.7498182654380798 
vt 0.276845246553421 0.7597514986991882 
vt 0.28125283122062683 0.7687386870384216 
vt 0.28554442524909973 0.7787665128707886 
vt 0.29006800055503845 0.7912539839744568 
vt 0.2945915758609772 0.804309070110321 
vt 0.2991151511669159 0.8156613111495972 
vt 0.3035227358341217 0.8261621594429016 
vt 0.30827829241752625 0.8372306227684021 
vt 0.31338179111480713 0.8487720489501953 
vt 0.3144257068634033 0.8606919050216675 
vt 0.31570157408714294 0.8728010058403015 
vt 0.3099021315574646 0.8608811497688293 
vt 0.3108300268650055 0.8729901909828186 
vt 0.30909019708633423 0.8489612936973572 
vt 0.3042186498641968 0.8371360301971436 
vt 0.29969510436058044 0.8256891369819641 
vt 0.29540351033210754 0.8148099184036255 
vt 0.29099592566490173 0.8029846549034119 
vt 0.2863563597202301 0.7896457314491272 
vt 0.28171679377555847 0.7770636677742004 
vt 0.27696123719215393 0.766941249370575 
vt 0.27197372913360596 0.757859468460083 
vt 0.2661742866039276 0.7476423978805542 
vt 0.25898295640945435 0.7347765564918518 
vt 0.24970383942127228 0.7184103727340698 
vt 0.246688112616539 0.7017604112625122 
vt 0.24947185814380646 0.6824615597724915 
vt 0.25039976835250854 0.6581488251686096 
vt 0.2507477402687073 0.631849467754364 
vt 0.25144365429878235 0.6060230731964111 
vt 0.2530675232410431 0.5820887684822083 
vt 0.2555032968521118 0.5591950416564941 
vt 0.25909894704818726 0.5360175371170044 
vt 0.2637385129928589 0.5115155577659607 
vt 0.26884201169013977 0.48531079292297363 
vt 0.2732495963573456 0.45787617564201355 
vt 0.2767292857170105 0.4300631582736969 
vt 0.2796289920806885 0.4031015634536743 
vt 0.28264471888542175 0.3779374063014984 
vt 0.2865883409976959 0.3562735319137573 
vt 0.28160080313682556 0.3534354567527771 
vt 0.27835312485694885 0.3762345612049103 
vt 0.2758013606071472 0.4023447632789612 
vt 0.27301761507987976 0.4300631582736969 
vt 0.2691899836063385 0.4581599831581116 
vt 0.26420244574546814 0.4856891930103302 
vt 0.25898295640945435 0.5117993950843811 
vt 0.2541114091873169 0.5359229445457458 
vt 0.2501677870750427 0.5589112043380737 
vt 0.24703608453273773 0.5817103385925293 
vt 0.24483229219913483 0.6055500507354736 
vt 0.24378839135169983 0.6311872601509094 
vt 0.24309246242046356 0.6571081876754761 
vt 0.241468608379364 0.6804749369621277 
vt 0.23764097690582275 0.697976291179657 
vt 0.24042470753192902 0.7135856747627258 
vt 0.2508637309074402 0.7308032512664795 
vt 0.25921493768692017 0.7445205450057983 
vt 0.2660582959651947 0.7554944157600403 
vt 0.27197372913360596 0.7649546265602112 
vt 0.27730920910835266 0.7751716375350952 
vt 0.28241273760795593 0.7878482937812805 
vt 0.2871682941913605 0.8012818098068237 
vt 0.2915758490562439 0.813390851020813 
vt 0.2958674430847168 0.824932336807251 
vt 0.3001590371131897 0.8367576003074646 
vt 0.30479860305786133 0.8488666415214539 
vt 0.3053785562515259 0.8608811497688293 
vt 0.3058425188064575 0.8730847835540771 
vt 0.30073899030685425 0.8605973124504089 
vt 0.30085498094558716 0.8728010058403015 
vt 0.3005070090293884 0.8485828638076782 
vt 0.2960994243621826 0.8360008001327515 
vt 0.2919238209724426 0.8236079216003418 
vt 0.2876322269439697 0.8116880655288696 
vt 0.2829926908016205 0.79929518699646 
vt 0.2778891623020172 0.7857670783996582 
vt 0.2722057104110718 0.7730903625488281 
vt 0.2660582959651947 0.7624949216842651 
vt 0.25898295640945435 0.7521833181381226 
vt 0.2508637309074402 0.7401688694953918 
vt 0.2412366420030594 0.7252216935157776 
vt 0.23033367097377777 0.7071527242660522 
vt 0.22812987864017487 0.693151593208313 
vt 0.23253746330738068 0.6779206395149231 
vt 0.2348572462797165 0.655972957611084 
vt 0.2361331284046173 0.6306196451187134 
vt 0.23752498626708984 0.6050770282745361 
vt 0.2401927411556244 0.5813319087028503 
vt 0.24390438199043274 0.5586274266242981 
vt 0.24854394793510437 0.5359229445457458 
vt 0.25376343727111816 0.5119885802268982 
vt 0.2593309283256531 0.4861622154712677 
vt 0.2646664083003998 0.4587275981903076 
vt 0.2690739929676056 0.43044158816337585 
vt 0.27208971977233887 0.40225014090538025 
vt 0.2742935121059418 0.3751939535140991 
vt 0.276845246553421 0.3511650264263153 
vt 0.2725536525249481 0.3497459888458252 
vt 0.2704658508300781 0.3749101459980011 
vt 0.2682620882987976 0.4026285707950592 
vt 0.2646664083003998 0.43110379576683044 
vt 0.2596789002418518 0.4593898057937622 
vt 0.2538794279098511 0.4866352081298828 
vt 0.2478480041027069 0.5122724175453186 
vt 0.24204856157302856 0.5359229445457458 
vt 0.23671306669712067 0.558438241481781 
vt 0.23242147266864777 0.5810481309890747 
vt 0.2295217514038086 0.6047932505607605 
vt 0.22766593098640442 0.6301466226577759 
vt 0.22581009566783905 0.6545539498329163 
vt 0.2231423556804657 0.6748933792114258 
vt 0.2188507616519928 0.6875700950622559 
vt 0.22012664377689362 0.698922336101532 
vt 0.23044966161251068 0.7176535725593567 
vt 0.24077267944812775 0.7340196967124939 
vt 0.25028377771377563 0.7474532127380371 
vt 0.2587509751319885 0.7589946389198303 
vt 0.2661742866039276 0.7704415321350098 
vt 0.27266964316368103 0.7835912108421326 
vt 0.27835312485694885 0.7970247268676758 
vt 0.2833406329154968 0.8096067905426025 
vt 0.28786420822143555 0.8219050765037537 
vt 0.2919238209724426 0.8348655700683594 
vt 0.2960994243621826 0.8479206562042236 
vt 0.2960994243621826 0.8601242899894714 
vt 0.2959834337234497 0.8725171685218811 
vt 0.2914598882198334 0.8594620823860168 
vt 0.29111191630363464 0.8720442056655884 
vt 0.2918078303337097 0.8470692038536072 
vt 0.2876322269439697 0.8334465026855469 
vt 0.2833406329154968 0.8199183940887451 
vt 0.2785851061344147 0.8073363304138184 
vt 0.27301761507987976 0.7947542667388916 
vt 0.26640623807907104 0.7807531356811523 
vt 0.2585189938545227 0.7667520642280579 
vt 0.24970383942127228 0.7539807558059692 
vt 0.23972877860069275 0.7408310770988464 
vt 0.22940576076507568 0.725505530834198 
vt 0.21919873356819153 0.7075311541557312 
vt 0.2103835642337799 0.6880431175231934 
vt 0.21200740337371826 0.6826507449150085 
vt 0.20655593276023865 0.6706362962722778 
vt 0.21409520506858826 0.6718661189079285 
vt 0.20122043788433075 0.6730959415435791 
vt 0.20794779062271118 0.6942868232727051 
vt 0.21734289824962616 0.714342474937439 
vt 0.22789789736270905 0.731843888759613 
vt 0.23880086839199066 0.7469801902770996 
vt 0.24912388622760773 0.7614543437957764 
vt 0.2585189938545227 0.7767798900604248 
vt 0.26652222871780396 0.7917270064353943 
vt 0.27301761507987976 0.8048766851425171 
vt 0.27835312485694885 0.8177425861358643 
vt 0.2829926908016205 0.8316490650177002 
vt 0.2872842848300934 0.8458393812179565 
vt 0.28670433163642883 0.8586106896400452 
vt 0.2862403690814972 0.8715711832046509 
vt 0.28136882185935974 0.8574754595756531 
vt 0.28044092655181885 0.8706251382827759 
vt 0.282296746969223 0.8444203734397888 
vt 0.2777731716632843 0.8296624422073364 
vt 0.27266964316368103 0.815282940864563 
vt 0.26629024744033813 0.8018494248390198 
vt 0.2582870125770569 0.7875645160675049 
vt 0.24865993857383728 0.7711037397384644 
vt 0.23775696754455566 0.7539807558059692 
vt 0.2263900488615036 0.7374253869056702 
vt 0.21513910591602325 0.7199239730834961 
vt 0.205048069357872 0.6997737288475037 
vt 0.19704483449459076 0.6773530840873718 
vt 0.19333317875862122 0.6817993521690369 
vt 0.20226433873176575 0.704693078994751 
vt 0.21305130422115326 0.724937915802002 
vt 0.22476619482040405 0.7438583374023438 
vt 0.23648108541965485 0.7630625367164612 
vt 0.24796399474143982 0.7815099954605103 
vt 0.25782305002212524 0.7974977493286133 
vt 0.26559433341026306 0.8122556805610657 
vt 0.27174174785614014 0.8273919820785522 
vt 0.2767292857170105 0.8427175283432007 
vt 0.2755693793296814 0.8560564517974854 
vt 0.274757444858551 0.8697737455368042 
vt 0.26872602105140686 0.8541643619537354 
vt 0.2672181725502014 0.8679763078689575 
vt 0.2703498899936676 0.8406362533569336 
vt 0.26431843638420105 0.8243647217750549 
vt 0.25666317343711853 0.8078093528747559 
vt 0.24692009389400482 0.7911593914031982 
vt 0.23508921265602112 0.772901177406311 
vt 0.22267839312553406 0.7522779107093811 
vt 0.21084751188755035 0.730708658695221 
vt 0.1995965838432312 0.7090447545051575 
vt 0.1898535043001175 0.6858672499656677 
vt 0.1867218017578125 0.6896513104438782 
vt 0.19669686257839203 0.7140586972236633 
vt 0.20783179998397827 0.7381821870803833 
vt 0.22035861015319824 0.761359691619873 
vt 0.23334938287734985 0.7820776104927063 
vt 0.24529625475406647 0.8011872172355652 
vt 0.25480735301971436 0.8198238015174866 
vt 0.2624626159667969 0.8377036452293396 
vt 0.2603748142719269 0.8514209389686584 
vt 0.2596789002418518 0.8661788702011108 
vt 0.24958784878253937 0.8468800187110901 
vt 0.2468041032552719 0.8609757423400879 
vt 0.25237157940864563 0.8331627249717712 
vt 0.24274449050426483 0.8131070733070374 
vt 0.23102959990501404 0.7917270064353943 
vt 0.2178068608045578 0.7698739171028137 
vt 0.20458410680294037 0.7464125752449036 
vt 0.19286923110485077 0.720680832862854 
vt 0.18312615156173706 0.6939084529876709 
vt 0.17477494478225708 0.6673252582550049 
vt 0.17837059497833252 0.6642033457756042 
vt 0.18231423199176788 0.6608923077583313 
vt 0.18695378303527832 0.6573920249938965 
vt 0.19240526854991913 0.6542701721191406 
vt 0.19913263618946075 0.6523780822753906 
vt 0.20725186169147491 0.6521888971328735 
vt 0.21641498804092407 0.6531349420547485 
vt 0.21850278973579407 0.6296736001968384 
vt 0.20899169147014618 0.6295790076255798 
vt 0.1997125744819641 0.6298627853393555 
vt 0.1911293864250183 0.6308088302612305 
vt 0.18393807113170624 0.6326062679290771 
vt 0.17779065668582916 0.6350659132003784 
vt 0.17257115244865417 0.6378093957901001 
vt 0.16804757714271545 0.640552818775177 
vt 0.16410395503044128 0.643012523651123 
vt 0.1705993413925171 0.6709201335906982 
vt 0.17848658561706543 0.6995845437049866 
vt 0.18869361281394958 0.7278705835342407 
vt 0.20122043788433075 0.7541699409484863 
vt 0.2146751582622528 0.7789556980133057 
vt 0.22766593098640442 0.8032684326171875 
vt 0.23949679732322693 0.8261621594429016 
vt 0.2359011471271515 0.8398794531822205 
vt 0.23404531180858612 0.8556780219078064 
vt 0.2188507616519928 0.8290948271751404 
vt 0.21397922933101654 0.8427175283432007 
vt 0.22360630333423615 0.8159451484680176 
vt 0.21049955487251282 0.7899295687675476 
vt 0.19727680087089539 0.7625895738601685 
vt 0.1845180094242096 0.7348711490631104 
vt 0.17338307201862335 0.7057336568832397 
vt 0.1652638465166092 0.6755555868148804 
vt 0.15946438908576965 0.6458505392074585 
vt 0.15494081377983093 0.6176591515541077 
vt 0.15923240780830383 0.6156724691390991 
vt 0.16410395503044128 0.6135912537574768 
vt 0.169671431183815 0.6114153861999512 
vt 0.17616680264472961 0.6094287633895874 
vt 0.18382208049297333 0.6076313257217407 
vt 0.19240526854991913 0.6063068509101868 
vt 0.2018003761768341 0.6054554581642151 
vt 0.2114274650812149 0.604887843132019 
vt 0.22070658206939697 0.604698657989502 
vt 0.22395427525043488 0.5808588862419128 
vt 0.21490713953971863 0.5810481309890747 
vt 0.20539604127407074 0.5814265012741089 
vt 0.19576895236968994 0.5820887684822083 
vt 0.18637384474277496 0.5830347537994385 
vt 0.17755867540836334 0.5841699838638306 
vt 0.16978740692138672 0.5856836438179016 
vt 0.16294406354427338 0.5872918367385864 
vt 0.15714460611343384 0.588900089263916 
vt 0.15204109251499176 0.5905083417892456 
vt 0.14740154147148132 0.5919273495674133 
vt 0.14995329082012177 0.6198349595069885 
vt 0.1535489559173584 0.6496346592903137 
vt 0.15934839844703674 0.6807587146759033 
vt 0.16839554905891418 0.7117882370948792 
vt 0.17964647710323334 0.7425339221954346 
vt 0.1920572966337204 0.7728065848350525 
vt 0.20528005063533783 0.8020386099815369 
vt 0.1994805932044983 0.8147153258323669 
vt 0.19391313195228577 0.829757034778595 
vt 0.17906653881072998 0.7959840893745422 
vt 0.171759232878685 0.8081877827644348 
vt 0.18590988218784332 0.7842534184455872 
vt 0.17349906265735626 0.7518995404243469 
vt 0.16282807290554047 0.7186941504478455 
vt 0.1536649465560913 0.6859618425369263 
vt 0.14693757891654968 0.6537971496582031 
vt 0.14357389509677887 0.6226730346679688 
vt 0.14218203723430634 0.5936301946640015 
vt 0.14148609340190887 0.5662901997566223 
vt 0.14624164998531342 0.5652495622634888 
vt 0.1515771448612213 0.5641143321990967 
vt 0.1577245593070984 0.5629791021347046 
vt 0.16468389332294464 0.5618438720703125 
vt 0.17257115244865417 0.5608032941818237 
vt 0.1813863068819046 0.5599518418312073 
vt 0.19078142940998077 0.5593842267990112 
vt 0.2006404846906662 0.5589112043380737 
vt 0.2103835642337799 0.5586274266242981 
vt 0.21977867186069489 0.558438241481781 
vt 0.2285938411951065 0.558438241481781 
vt 0.23439328372478485 0.5360175371170044 
vt 0.22581009566783905 0.5362067222595215 
vt 0.21653097867965698 0.5363959074020386 
vt 0.20678789913654327 0.5365851521492004 
vt 0.19681285321712494 0.5367743372917175 
vt 0.18695378303527832 0.5368689298629761 
vt 0.17755867540836334 0.5371527671813965 
vt 0.16874350607395172 0.5374365448951721 
vt 0.16074027121067047 0.5380041599273682 
vt 0.1536649465560913 0.5387609601020813 
vt 0.14740154147148132 0.5395178198814392 
vt 0.14195005595684052 0.5402746200561523 
vt 0.13707850873470306 0.5409368276596069 
vt 0.13615059852600098 0.567520022392273 
vt 0.1354546695947647 0.5958060622215271 
vt 0.1364985704421997 0.626078724861145 
vt 0.1405581831932068 0.6581488251686096 
vt 0.1472855508327484 0.6920163631439209 
vt 0.1557527482509613 0.7272083759307861 
vt 0.1663077473640442 0.7624003291130066 
vt 0.15842048823833466 0.7733741998672485 
vt 0.14960533380508423 0.7867130637168884 
vt 0.1384703814983368 0.7467910051345825 
vt 0.12907527387142181 0.7571026086807251 
vt 0.11991214007139206 0.7171805500984192 
vt 0.10854522138834 0.7273975610733032 
vt 0.10355769097805023 0.6853942275047302 
vt 0.09207478165626526 0.6933408379554749 
vt 0.0892910435795784 0.6525673270225525 
vt 0.07572033256292343 0.6592840552330017 
vt 0.07792412489652634 0.61974036693573 
vt 0.06481736898422241 0.6252272725105286 
vt 0.06887698173522949 0.5871026515960693 
vt 0.05379841476678848 0.5911705493927002 
vt 0.062381599098443985 0.5547487139701843 
vt 0.04799896478652954 0.5575867891311646 
vt 0.05797401815652847 0.5228677988052368 
vt 0.04208352416753769 0.5240030288696289 
vt 0.05600220337510109 0.4912707209587097 
vt 0.0411556102335453 0.49117612838745117 
vt 0.05623418092727661 0.45948442816734314 
vt 0.040227700024843216 0.45834919810295105 
vt 0.05901791900396347 0.4265628755092621 
vt 0.044519294053316116 0.42353561520576477 
vt 0.06446940451860428 0.3920331299304962 
vt 0.04892687499523163 0.3887220621109009 
vt 0.0732845664024353 0.3553275167942047 
vt 0.06052577495574951 0.3490837812423706 
vt 0.08476747572422028 0.3186219036579132 
vt 0.07200868427753448 0.3093508780002594 
vt 0.09880214184522629 0.284659743309021 
vt 0.08871110528707504 0.27482113242149353 
vt 0.11364873498678207 0.2551438808441162 
vt 0.1052975282073021 0.24029135704040527 
vt 0.12803137302398682 0.23234477639198303 
vt 0.12049208581447601 0.21938428282737732 
vt 0.14148609340190887 0.21465419232845306 
vt 0.13568665087223053 0.19847722351551056 
vt 0.15401290357112885 0.20103147625923157 
vt 0.1482134610414505 0.18561133742332458 
vt 0.16572779417037964 0.1895846277475357 
vt 0.16085626184940338 0.1727454513311386 
vt 0.17210718989372253 0.16319064795970917 
vt 0.17697873711585999 0.17955680191516876 
vt 0.18324214220046997 0.15363582968711853 
vt 0.18799768388271332 0.17009659111499786 
vt 0.19484104216098785 0.1450270414352417 
vt 0.19913263618946075 0.16129860281944275 
vt 0.20643994212150574 0.1365128457546234 
vt 0.20991960167884827 0.15325742959976196 
vt 0.2178068608045578 0.1304583102464676 
vt 0.22024263441562653 0.1466352790594101 
vt 0.22905778884887695 0.12440378218889236 
vt 0.22986970841884613 0.1413375586271286 
vt 0.23787295818328857 0.12251173704862595 
vt 0.23856888711452484 0.1376480758190155 
vt 0.24657213687896729 0.12052509188652039 
vt 0.2468041032552719 0.13499921560287476 
vt 0.2544593811035156 0.13282336294651031 
vt 0.2543433904647827 0.1187276542186737 
vt 0.26234662532806396 0.13083672523498535 
vt 0.26223063468933105 0.11693021655082703 
vt 0.27058184146881104 0.1286608725786209 
vt 0.2711617946624756 0.11475436389446259 
vt 0.278933048248291 0.12667423486709595 
vt 0.2800929546356201 0.11267311871051788 
vt 0.28705230355262756 0.12497139722108841 
vt 0.288560152053833 0.11059187352657318 
vt 0.2947075664997101 0.12374156713485718 
vt 0.2970273494720459 0.10860522836446762 
vt 0.30166691541671753 0.12307935208082199 
vt 0.3035227358341217 0.10775381326675415 
vt 0.30827829241752625 0.12307935208082199 
vt 0.3100181221961975 0.10690239071846008 
vt 0.3165135085582733 0.10822682082653046 
vt 0.3148896396160126 0.12411997467279434 
vt 0.32312488555908203 0.10945665091276169 
vt 0.3225449323654175 0.12648503482341766 
vt 0.3344917893409729 0.11437595635652542 
vt 0.3321720063686371 0.13055291771888733 
vt 0.34585872292518616 0.11929526925086975 
vt 0.34342294931411743 0.13641825318336487 
vt 0.35629773139953613 0.14445942640304565 
vt 0.3603573441505432 0.12856628000736237 
vt 0.37021639943122864 0.15477105975151062 
vt 0.3749719560146332 0.13774268329143524 
vt 0.3850629925727844 0.16782614588737488 
vt 0.3913263976573944 0.15278440713882446 
vt 0.39944562315940857 0.18267866969108582 
vt 0.40768083930015564 0.16782614588737488 
vt 0.41232040524482727 0.19876103103160858 
vt 0.42043963074684143 0.18532752990722656 
vt 0.42391932010650635 0.2154110074043274 
vt 0.43331441283226013 0.20282892882823944 
vt 0.43482229113578796 0.23281778395175934 
vt 0.44433337450027466 0.22099252045154572 
vt 0.4460732042789459 0.2530626356601715 
vt 0.4554683268070221 0.23915612697601318 
vt 0.4586000144481659 0.27898362278938293 
vt 0.4478130340576172 0.2886330187320709 
vt 0.43783798813819885 0.29885005950927734 
vt 0.42925480008125305 0.3090670704841614 
vt 0.4224114418029785 0.3190948963165283 
vt 0.41614803671836853 0.33025795221328735 
vt 0.4093047082424164 0.3435022532939911 
vt 0.4030413031578064 0.35561132431030273 
vt 0.39828574657440186 0.3638416826725006 
vt 0.3942261338233948 0.368950217962265 
vt 0.3900505304336548 0.37292349338531494 
vt 0.385642945766449 0.3760453760623932 
vt 0.38100337982177734 0.37869423627853394 
vt 0.37566789984703064 0.3800186514854431 
vt 0.3690565228462219 0.37897804379463196 
vt 0.361401230096817 0.3767075836658478 
vt 0.35305002331733704 0.37405872344970703 
vt 0.34458282589912415 0.3710314631462097 
vt 0.3365795910358429 0.36762577295303345 
vt 0.3291563093662262 0.36393630504608154 
vt 0.32231295108795166 0.36005762219429016 
vt 0.3162815272808075 0.3564627468585968 
vt 0.3108300268650055 0.35305705666542053 
vt 0.3058425188064575 0.3497459888458252 
vt 0.3012029528617859 0.34643492102622986 
vt 0.29633140563964844 0.3428400158882141 
vt 0.29122790694236755 0.33905595541000366 
vt 0.28589239716529846 0.3352718651294708 
vt 0.28067290782928467 0.33186617493629456 
vt 0.2755693793296814 0.3290281295776367 
vt 0.27069783210754395 0.32723069190979004 
vt 0.26837804913520813 0.34917837381362915 
vt 0.26652222871780396 0.37528854608535767 
vt 0.2639704942703247 0.4034799635410309 
vt 0.2596789002418518 0.43204981088638306 
vt 0.253995418548584 0.46014663577079773 
vt 0.24761603772640228 0.48720282316207886 
vt 0.24100466072559357 0.5125561952590942 
vt 0.2328854352235794 0.5130292177200317 
vt 0.22383828461170197 0.5135968327522278 
vt 0.21409520506858826 0.513975203037262 
vt 0.20412015914916992 0.5142590403556824 
vt 0.19402910768985748 0.5143536329269409 
vt 0.18428604304790497 0.5143536329269409 
vt 0.17489093542099 0.5142590403556824 
vt 0.16607576608657837 0.5142590403556824 
vt 0.15807253122329712 0.5143536329269409 
vt 0.15088120102882385 0.5147320628166199 
vt 0.14450180530548096 0.515110433101654 
vt 0.13881835341453552 0.5155834555625916 
vt 0.13394680619239807 0.5159618854522705 
vt 0.13162703812122345 0.5417882204055786 
vt 0.12919126451015472 0.5691282749176025 
vt 0.12803137302398682 0.5982657074928284 
vt 0.12953923642635345 0.6295790076255798 
vt 0.13348285853862762 0.6633519530296326 
vt 0.13916631042957306 0.6995845437049866 
vt 0.14740154147148132 0.7368577718734741 
vt 0.1300031840801239 0.7081933617591858 
vt 0.4360981583595276 0.26422569155693054 
vt 0.124667689204216 0.6699740886688232 
vt 0.11446066200733185 0.6775422692298889 
vt 0.10123791545629501 0.6458505392074585 
vt 0.09045093506574631 0.6142534613609314 
vt 0.08209972828626633 0.5829401612281799 
vt 0.07606830447912216 0.5520052909851074 
vt 0.0722406655550003 0.5215433835983276 
vt 0.07026885449886322 0.4914599359035492 
vt 0.07038483768701553 0.46109265089035034 
vt 0.07270462065935135 0.4297793507575989 
vt 0.0775761604309082 0.3965740203857422 
vt 0.08534742146730423 0.3615712523460388 
vt 0.0957864299416542 0.3264738619327545 
vt 0.10842923074960709 0.29383614659309387 
vt 0.12211593240499496 0.2660231292247772 
vt 0.1354546695947647 0.24454845488071442 
vt 0.1480974704027176 0.22827689349651337 
vt 0.1600443422794342 0.21560020744800568 
vt 0.17129527032375336 0.20491017401218414 
vt 0.18219824135303497 0.19516615569591522 
vt 0.19286923110485077 0.18580053746700287 
vt 0.20342423021793365 0.17700254917144775 
vt 0.2135152667760849 0.1690559685230255 
vt 0.22279438376426697 0.16243383288383484 
vt 0.23137757182121277 0.15713611245155334 
vt 0.23938080668449402 0.1528790146112442 
vt 0.24703608453273773 0.14956794679164886 
vt 0.2544593811035156 0.1471082866191864 
vt 0.26199865341186523 0.14493243396282196 
vt 0.26988592743873596 0.14266198873519897 
vt 0.2780051529407501 0.14076994359493256 
vt 0.28577640652656555 0.13954012095928192 
vt 0.29331570863723755 0.1387833058834076 
vt 0.3003910183906555 0.13849949836730957 
vt 0.30711838603019714 0.1387833058834076 
vt 0.31372976303100586 0.14001312851905823 
vt 0.32126903533935547 0.14256738126277924 
vt 0.3302001953125 0.1466352790594101 
vt 0.3407551944255829 0.15250059962272644 
vt 0.3527020514011383 0.16044718027114868 
vt 0.3656928241252899 0.17056961357593536 
vt 0.3794955313205719 0.18305708467960358 
vt 0.39283424615859985 0.19724740087985992 
vt 0.40478113293647766 0.21247833967208862 
vt 0.41545212268829346 0.22827689349651337 
vt 0.4255431592464447 0.2447376549243927 
vt 0.42693501710891724 0.2756725251674652 
vt 0.4190477728843689 0.2874031960964203 
vt 0.4125523865222931 0.2989446520805359 
vt 0.4065209627151489 0.3120943605899811 
vt 0.4000255763530731 0.3276090919971466 
vt 0.39411014318466187 0.34198862314224243 
vt 0.38947057723999023 0.3515434265136719 
vt 0.3858749270439148 0.35750335454940796 
vt 0.3825112283229828 0.3619496524333954 
vt 0.37903156876564026 0.3657337427139282 
vt 0.37578389048576355 0.3693286180496216 
vt 0.3733481168746948 0.37245050072669983 
vt 0.36824458837509155 0.36904481053352356 
vt 0.36093729734420776 0.3651661276817322 
vt 0.3527020514011383 0.36138203740119934 
vt 0.3443508446216583 0.3575979471206665 
vt 0.33646360039711 0.3537192642688751 
vt 0.3291563093662262 0.34984058141708374 
vt 0.32242894172668457 0.34596189856529236 
vt 0.3165135085582733 0.342083215713501 
vt 0.3111779987812042 0.3384883403778076 
vt 0.30619049072265625 0.3347988426685333 
vt 0.3014349341392517 0.3310147821903229 
vt 0.29644739627838135 0.326946884393692 
vt 0.29122790694236755 0.32259517908096313 
vt 0.28566041588783264 0.31824347376823425 
vt 0.2800929546356201 0.3142701983451843 
vt 0.2746414542198181 0.310959130525589 
vt 0.2694219648838043 0.3086886703968048 
vt 0.2661742866039276 0.32637926936149597 
vt 0.26420244574546814 0.3495567739009857 
vt 0.26211464405059814 0.3763291835784912 
vt 0.25886696577072144 0.4047098159790039 
vt 0.25376343727111816 0.43318504095077515 
vt 0.24738405644893646 0.46109265089035034 
vt 0.2403087317943573 0.48786506056785583 
vt 0.2318415343761444 0.48881107568740845 
vt 0.22244641184806824 0.4896624982357025 
vt 0.2124713659286499 0.4905139207839966 
vt 0.20226433873176575 0.4910815358161926 
vt 0.1921732872724533 0.49136531352996826 
vt 0.1825461983680725 0.49136531352996826 
vt 0.17326708137989044 0.49117612838745117 
vt 0.16456790268421173 0.4910815358161926 
vt 0.15656466782093048 0.4909869134426117 
vt 0.1492573618888855 0.4910815358161926 
vt 0.1427619755268097 0.49117612838745117 
vt 0.13707850873470306 0.4912707209587097 
vt 0.1320909857749939 0.49136531352996826 
vt 0.12849533557891846 0.516434907913208 
vt 0.124667689204216 0.5428288578987122 
vt 0.12165197730064392 0.5709257125854492 
vt 0.12072406709194183 0.6011037826538086 
vt 0.12188395857810974 0.6338360905647278 
vt 0.11225686967372894 0.6394175887107849 
vt 0.10228181630373001 0.6090503334999084 
vt 0.0946265384554863 0.5789668560028076 
vt 0.08905906975269318 0.5493564009666443 
vt 0.08546341210603714 0.520313560962677 
vt 0.08360758423805237 0.4916491210460663 
vt 0.08360758423805237 0.46270090341567993 
vt 0.08546341210603714 0.4328066408634186 
vt 0.08963901549577713 0.4012095332145691 
vt 0.09659835696220398 0.3675311803817749 
vt 0.10587747395038605 0.33394742012023926 
vt 0.11736038327217102 0.3027287423610687 
vt 0.129887193441391 0.2761455476284027 
vt 0.14241400361061096 0.25590071082115173 
vt 0.1545928567647934 0.24076436460018158 
vt 0.16607576608657837 0.2290337085723877 
vt 0.1770947128534317 0.21900588274002075 
vt 0.1876497119665146 0.20945106446743011 
vt 0.19797274470329285 0.20036926865577698 
vt 0.20794779062271118 0.19176048040390015 
vt 0.21711093187332153 0.18419231474399567 
vt 0.2253461480140686 0.17785397171974182 
vt 0.2327694445848465 0.17265085875988007 
vt 0.23996075987815857 0.16820456087589264 
vt 0.24692009389400482 0.16451507806777954 
vt 0.2541114091873169 0.16158241033554077 
vt 0.26141873002052307 0.15902815759181976 
vt 0.2690739929676056 0.15675769746303558 
vt 0.27707722783088684 0.1551494598388672 
vt 0.28496450185775757 0.15439264476299286 
vt 0.2926197648048401 0.15429805219173431 
vt 0.29992708563804626 0.15439264476299286 
vt 0.3068864047527313 0.15505486726760864 
vt 0.31361377239227295 0.15647388994693756 
vt 0.3208051025867462 0.1591227501630783 
vt 0.3292723000049591 0.1632852405309677 
vt 0.33913135528564453 0.16915057599544525 
vt 0.35015031695365906 0.1770971566438675 
vt 0.3623291552066803 0.1870303750038147 
vt 0.3750879466533661 0.1990448385477066 
vt 0.38738277554512024 0.21257293224334717 
vt 0.39816975593566895 0.226952463388443 
vt 0.40791282057762146 0.24180498719215393 
vt 0.4171919524669647 0.25731971859931946 
vt 0.40976864099502563 0.2701856195926666 
vt 0.40350523591041565 0.28295689821243286 
vt 0.3973578214645386 0.2976202368736267 
vt 0.39086243510246277 0.31502699851989746 
vt 0.3849470019340515 0.3310147821903229 
vt 0.3804234266281128 0.3417048156261444 
vt 0.3770597577095032 0.34823235869407654 
vt 0.3740440309047699 0.3531516492366791 
vt 0.37137630581855774 0.3575979471206665 
vt 0.36928850412368774 0.3624226748943329 
vt 0.3615172207355499 0.3569357395172119 
vt 0.35316601395606995 0.35220563411712646 
vt 0.34481480717658997 0.3479485511779785 
vt 0.3369275629520416 0.3436914384365082 
vt 0.32973623275756836 0.3395289480686188 
vt 0.32324084639549255 0.3354610800743103 
vt 0.3173254132270813 0.331487774848938 
vt 0.3119899332523346 0.3276090919971466 
vt 0.4010694921016693 0.25571149587631226 
vt 0.3187173008918762 0.3234466016292572 
vt 0.32451674342155457 0.3276090919971466 
vt 0.33101212978363037 0.33186617493629456 
vt 0.33820343017578125 0.336312472820282 
vt 0.34597471356391907 0.34085339307785034 
vt 0.35444191098213196 0.34567809104919434 
vt 0.36302509903907776 0.3510704040527344 
vt 0.36522889137268066 0.3460564911365509 
vt 0.35641372203826904 0.34019118547439575 
vt 0.34794652462005615 0.33508265018463135 
vt 0.34017524123191833 0.3301633596420288 
vt 0.33298394083976746 0.3255278468132019 
vt 0.32648855447769165 0.32098695635795593 
vt 0.3206891119480133 0.31663525104522705 
vt 0.31349778175354004 0.3194733262062073 
vt 0.30711838603019714 0.3237304091453552 
vt 0.3022468388080597 0.31966251134872437 
vt 0.3086262345314026 0.3154054284095764 
vt 0.3154695928096771 0.31247276067733765 
vt 0.3230088949203491 0.3095400929450989 
vt 0.3289243280887604 0.31408098340034485 
vt 0.3355357050895691 0.31890571117401123 
vt 0.34272700548171997 0.32382500171661377 
vt 0.3506142497062683 0.3290281295776367 
vt 0.3590814471244812 0.3345150351524353 
vt 0.36801260709762573 0.3407587707042694 
vt 0.37137630581855774 0.33375823497772217 
vt 0.3624451458454132 0.3271360695362091 
vt 0.3539779484272003 0.321176141500473 
vt 0.34597471356391907 0.3155946135520935 
vt 0.3386673927307129 0.31020230054855347 
vt 0.33182403445243835 0.30509379506111145 
vt 0.3256766200065613 0.30026909708976746 
vt 0.31778937578201294 0.3052830100059509 
vt 0.3105980455875397 0.30831027030944824 
vt 0.3037547171115875 0.3111483156681061 
vt 0.2972593307495117 0.31521621346473694 
vt 0.2919238209724426 0.3104861080646515 
vt 0.2861243784427643 0.3056614100933075 
vt 0.28032493591308594 0.30121511220932007 
vt 0.2744095027446747 0.29743102192878723 
vt 0.26884201169013977 0.29468756914138794 
vt 0.26339054107666016 0.29289013147354126 
vt 0.26431843638420105 0.3074588477611542 
vt 0.2616507112979889 0.32656845450401306 
vt 0.2596789002418518 0.35078659653663635 
vt 0.25712713599205017 0.37803199887275696 
vt 0.2529515326023102 0.4063180387020111 
vt 0.24692009389400482 0.43460407853126526 
vt 0.23972877860069275 0.46222788095474243 
vt 0.23102959990501404 0.4635522961616516 
vt 0.22140251100063324 0.4648767411708832 
vt 0.211311474442482 0.46620115637779236 
vt 0.20122043788433075 0.4672417938709259 
vt 0.19124537706375122 0.46780940890312195 
vt 0.18173427879810333 0.4681878089904785 
vt 0.17257115244865417 0.4681878089904785 
vt 0.16398796439170837 0.46809321641921997 
vt 0.15598471462726593 0.4679040014743805 
vt 0.14867740869522095 0.4677148163318634 
vt 0.14218203723430634 0.4674310088157654 
vt 0.1364985704421997 0.46714720129966736 
vt 0.13151104748249054 0.46686339378356934 
vt 0.1266395002603531 0.49155452847480774 
vt 0.1214200034737587 0.517002522945404 
vt 0.11689642816781998 0.5440586805343628 
vt 0.1139967069029808 0.5730069279670715 
vt 0.11248884350061417 0.6045094132423401 
vt 0.105413518846035 0.5755612254142761 
vt 0.10019401460886002 0.5470859408378601 
vt 0.0968303307890892 0.5191783308982849 
vt 0.09509049355983734 0.4917437434196472 
vt 0.09485851973295212 0.46411991119384766 
vt 0.09648236632347107 0.4354555010795593 
vt 0.1000780239701271 0.4050882160663605 
vt 0.10622543841600418 0.3728289008140564 
vt 0.11457665264606476 0.3404749929904938 
vt 0.12513165175914764 0.3104861080646515 
vt 0.13673055171966553 0.2851327359676361 
vt 0.14856143295764923 0.2659285366535187 
vt 0.16027630865573883 0.2516435980796814 
vt 0.17152725160121918 0.2405751645565033 
vt 0.18231423199176788 0.23102034628391266 
vt 0.19263724982738495 0.22174933552742004 
vt 0.20249630510807037 0.21295134723186493 
vt 0.21177543699741364 0.20472095906734467 
vt 0.22012664377689362 0.1976258009672165 
vt 0.2274339497089386 0.19176048040390015 
vt 0.23404531180858612 0.18693576753139496 
vt 0.2403087317943573 0.18277327716350555 
vt 0.2468041032552719 0.1791784018278122 
vt 0.25364744663238525 0.17605653405189514 
vt 0.2608387768268585 0.1734076738357544 
vt 0.26837804913520813 0.17142102122306824 
vt 0.27626532316207886 0.1703803986310959 
vt 0.284384548664093 0.1703803986310959 
vt 0.2925037741661072 0.17113721370697021 
vt 0.3002750277519226 0.17198863625526428 
vt 0.3074663579463959 0.17321845889091492 
vt 0.3141937255859375 0.17511050403118134 
vt 0.32126903533935547 0.17785397171974182 
vt 0.3291563093662262 0.18201646208763123 
vt 0.33831942081451416 0.18788179755210876 
vt 0.3485264480113983 0.19563916325569153 
vt 0.35966140031814575 0.20519398152828217 
vt 0.3711443245410919 0.21645162999629974 
vt 0.38227924704551697 0.22893910109996796 
vt 0.3921383321285248 0.24208879470825195 
vt 0.3948060870170593 0.26980721950531006 
vt 0.38854265213012695 0.2859841585159302 
vt 0.3818153142929077 0.304904580116272 
vt 0.37578389048576355 0.3223113715648651 
vt 0.36696872115135193 0.3149324059486389 
vt 0.35850152373313904 0.3084048628807068 
vt 0.3504982888698578 0.3021611273288727 
vt 0.34272700548171997 0.29610660672187805 
vt 0.3355357050895691 0.29033586382865906 
vt 0.3290403187274933 0.28522735834121704 
vt 0.32022514939308167 0.2959173917770386 
vt 0.3128018379211426 0.3010258972644806 
vt 0.3057265281677246 0.30395856499671936 
vt 0.29876717925071716 0.30651283264160156 
vt 0.29319971799850464 0.3014989197254181 
vt 0.2872842848300934 0.29629579186439514 
vt 0.2811368405818939 0.29147109389305115 
vt 0.27510541677474976 0.2872139811515808 
vt 0.2690739929676056 0.2839029133319855 
vt 0.26327455043792725 0.2816324830055237 
vt 0.2575910985469818 0.2803080379962921 
vt 0.258171021938324 0.2923225164413452 
vt 0.2595629096031189 0.30736425518989563 
vt 0.25701114535331726 0.32789289951324463 
vt 0.25469136238098145 0.35286784172058105 
vt 0.2513276934623718 0.3802078664302826 
vt 0.24610817432403564 0.40821006894111633 
vt 0.2391488403081894 0.4361177086830139 
vt 0.23033367097377777 0.4379151463508606 
vt 0.22082257270812988 0.4398071765899658 
vt 0.21084751188755035 0.44151002168655396 
vt 0.20087246596813202 0.44311824440956116 
vt 0.1911293864250183 0.44425347447395325 
vt 0.18185026943683624 0.4451048970222473 
vt 0.1729191094636917 0.4455779194831848 
vt 0.16445191204547882 0.4455779194831848 
vt 0.15656466782093048 0.44519948959350586 
vt 0.1492573618888855 0.44453728199005127 
vt 0.1427619755268097 0.4436858594417572 
vt 0.13719449937343597 0.44283443689346313 
vt 0.1322069764137268 0.44198304414749146 
vt 0.12605956196784973 0.4665795862674713 
vt 0.11968016624450684 0.4916491210460663 
vt 0.11364873498678207 0.5176647305488586 
vt 0.10912516713142395 0.5453831553459167 
vt 0.10587747395038605 0.5184215307235718 
vt 0.10413763672113419 0.49183833599090576 
vt 0.10378967225551605 0.46506595611572266 
vt 0.10518153756856918 0.4374421238899231 
vt 0.10842923074960709 0.4081154763698578 
vt 0.1138807162642479 0.37689679861068726 
vt 0.12153598666191101 0.3457726836204529 
vt 0.13127906620502472 0.31682446599006653 
vt 0.14218203723430634 0.29241710901260376 
vt 0.1534329652786255 0.27396970987319946 
vt 0.16479988396167755 0.26034700870513916 
vt 0.17570285499095917 0.24984616041183472 
vt 0.18625785410404205 0.24076436460018158 
vt 0.1962329000234604 0.231777161359787 
vt 0.20574399828910828 0.2232629805803299 
vt 0.21432718634605408 0.21550559997558594 
vt 0.2220984548330307 0.20888346433639526 
vt 0.22870983183383942 0.20377494394779205 
vt 0.2348572462797165 0.19961245357990265 
vt 0.24065668880939484 0.19611217081546783 
vt 0.246688112616539 0.19308491051197052 
vt 0.2532995045185089 0.19043605029582977 
vt 0.2604908049106598 0.18826019763946533 
vt 0.2680301070213318 0.18712496757507324 
vt 0.2759173512458801 0.1870303750038147 
vt 0.284384548664093 0.18826019763946533 
vt 0.2928517460823059 0.19015224277973175 
vt 0.30097097158432007 0.19242268800735474 
vt 0.3085102438926697 0.19469314813613892 
vt 0.3153536021709442 0.19724740087985992 
vt 0.32219696044921875 0.20027466118335724 
vt 0.32950425148010254 0.2043425589799881 
vt 0.337739497423172 0.20982947945594788 
vt 0.34701859951019287 0.2170192450284958 
vt 0.3569936454296112 0.2258172333240509 
vt 0.36720070242881775 0.23584505915641785 
vt 0.3770597577095032 0.24662970006465912 
vt 0.3862228989601135 0.2578873336315155 
vt 0.37984350323677063 0.2758617401123047 
vt 0.373116135597229 0.2964850068092346 
vt 0.3646489381790161 0.2888222336769104 
vt 0.35629773139953613 0.28134867548942566 
vt 0.37126031517982483 0.2666853368282318 
vt 0.3623291552066803 0.2576981484889984 
vt 0.35339799523353577 0.24918395280838013 
vt 0.348178505897522 0.2742535173892975 
vt 0.34029123187065125 0.2676313519477844 
vt 0.33298394083976746 0.2618606388568878 
vt 0.34458282589912415 0.2415211796760559 
vt 0.33623161911964417 0.23499363660812378 
vt 0.3289243280887604 0.2299797236919403 
vt 0.32648855447769165 0.25713053345680237 
vt 0.32324084639549255 0.2806864380836487 
vt 0.3152376115322113 0.2916603088378906 
vt 0.3079303205013275 0.2966741919517517 
vt 0.30062299966812134 0.29913386702537537 
vt 0.2950555384159088 0.2939307391643524 
vt 0.28890812397003174 0.2885384261608124 
vt 0.28264471888542175 0.28333529829978943 
vt 0.27626532316207886 0.2786998152732849 
vt 0.26988592743873596 0.2750103175640106 
vt 0.2637385129928589 0.27226686477661133 
vt 0.2577070891857147 0.2703748345375061 
vt 0.2517916262149811 0.2694287896156311 
vt 0.2521395981311798 0.280118852853775 
vt 0.2530675232410431 0.2927955090999603 
vt 0.25469136238098145 0.3084048628807068 
vt 0.2521395981311798 0.3301633596420288 
vt 0.24912388622760773 0.35561132431030273 
vt 0.24471630156040192 0.38266751170158386 
vt 0.23833690583705902 0.41029131412506104 
vt 0.22975373268127441 0.4125617742538452 
vt 0.22047460079193115 0.41473761200904846 
vt 0.21084751188755035 0.41700807213783264 
vt 0.20122043788433075 0.41908931732177734 
vt 0.1919413059949875 0.4210759699344635 
vt 0.18277817964553833 0.42258960008621216 
vt 0.17407900094985962 0.42353561520576477 
vt 0.16584378480911255 0.42372483015060425 
vt 0.15818850696086884 0.4229680001735687 
vt 0.15111318230628967 0.421548992395401 
vt 0.1448497772216797 0.41975152492523193 
vt 0.13928230106830597 0.41795408725738525 
vt 0.13452675938606262 0.41634586453437805 
vt 0.1268714815378189 0.4411316215991974 
vt 0.11921621114015579 0.46620115637779236 
vt 0.11190890520811081 0.4917437434196472 
vt 0.11156093329191208 0.46572816371917725 
vt 0.12014412134885788 0.44009098410606384 
vt 0.12930725514888763 0.41473761200904846 
vt 0.1385863721370697 0.3899518847465515 
vt 0.14322593808174133 0.39260074496269226 
vt 0.1483294516801834 0.3957225978374481 
vt 0.15424488484859467 0.39884448051452637 
vt 0.1609722524881363 0.4013987183570862 
vt 0.16827955842018127 0.40272316336631775 
vt 0.17616680264472961 0.4024393558502197 
vt 0.1846340000629425 0.40083110332489014 
vt 0.19333317875862122 0.3984660506248474 
vt 0.20226433873176575 0.3957225978374481 
vt 0.2114274650812149 0.3930737376213074 
vt 0.22035861015319824 0.3904248774051666 
vt 0.22917377948760986 0.3878706395626068 
vt 0.23729300498962402 0.3853163719177246 
vt 0.24286048114299774 0.35863858461380005 
vt 0.2360171377658844 0.36166584491729736 
vt 0.2284778505563736 0.3645039200782776 
vt 0.22047460079193115 0.3673419654369354 
vt 0.21212339401245117 0.3702746331691742 
vt 0.20354020595550537 0.373491108417511 
vt 0.19507300853729248 0.3769913911819458 
vt 0.1867218017578125 0.3803970515727997 
vt 0.17871856689453125 0.38285672664642334 
vt 0.17129527032375336 0.3834243416786194 
vt 0.16456790268421173 0.3813430964946747 
vt 0.15865246951580048 0.37736979126930237 
vt 0.15331697463989258 0.3726396858692169 
vt 0.14867740869522095 0.36790958046913147 
vt 0.14438581466674805 0.36393630504608154 
vt 0.13371483981609344 0.3871138095855713 
vt 0.12281186878681183 0.41265636682510376 
vt 0.11272082477807999 0.4388611614704132 
vt 0.11562055349349976 0.4104805290699005 
vt 0.12745143473148346 0.3838973343372345 
vt 0.13986225426197052 0.3598684072494507 
vt 0.15180911123752594 0.33990737795829773 
vt 0.15552076697349548 0.34520506858825684 
vt 0.15969637036323547 0.3513542115688324 
vt 0.1642199456691742 0.3578817546367645 
vt 0.16909147799015045 0.3636524975299835 
vt 0.17442697286605835 0.3667743504047394 
vt 0.18103834986686707 0.3654499351978302 
vt 0.18846164643764496 0.36166584491729736 
vt 0.1964648813009262 0.3571249544620514 
vt 0.20458410680294037 0.3527732491493225 
vt 0.2125873565673828 0.3490837812423706 
vt 0.22035861015319824 0.34596189856529236 
vt 0.22766593098640442 0.34293463826179504 
vt 0.23462526500225067 0.33990737795829773 
vt 0.24100466072559357 0.33650168776512146 
vt 0.2468041032552719 0.3331906199455261 
vt 0.24970383942127228 0.31058070063591003 
vt 0.24796399474143982 0.29449835419654846 
vt 0.246688112616539 0.2811594605445862 
vt 0.24599218368530273 0.2697125971317291 
vt 0.25167563557624817 0.26006320118904114 
vt 0.25793904066085815 0.2613876163959503 
vt 0.26431843638420105 0.2636580765247345 
vt 0.27081382274627686 0.26677992939949036 
vt 0.27742519974708557 0.27075323462486267 
vt 0.2841525673866272 0.27557793259620667 
vt 0.290647953748703 0.28087565302848816 
vt 0.296911358833313 0.2864571809768677 
vt 0.30271080136299133 0.2918494939804077 
vt 0.3101341128349304 0.28730860352516174 
vt 0.31778937578201294 0.2765239477157593 
vt 0.3204571306705475 0.25315722823143005 
vt 0.32219696044921875 0.2260064333677292 
vt 0.31581756472587585 0.22250616550445557 
vt 0.31454169750213623 0.24927856028079987 
vt 0.3123379051685333 0.2723614573478699 
vt 0.3046826124191284 0.2825784981250763 
vt 0.29865118861198425 0.2772807776927948 
vt 0.29203981161117554 0.2716992497444153 
vt 0.285196453332901 0.2664015293121338 
vt 0.27812114357948303 0.2615768313407898 
vt 0.2712777853012085 0.2576981484889984 
vt 0.26443442702293396 0.2546708881855011 
vt 0.2577070891857147 0.25249502062797546 
vt 0.2512117028236389 0.25107598304748535 
vt 0.2455282360315323 0.2597793936729431 
vt 0.2401927411556244 0.27094241976737976 
vt 0.2412366420030594 0.2830514907836914 
vt 0.24274449050426483 0.29705262184143066 
vt 0.244600310921669 0.3135133683681488 
vt 0.23903284966945648 0.3169190585613251 
vt 0.2371770292520523 0.3001744747161865 
vt 0.23566916584968567 0.28570035099983215 
vt 0.23439328372478485 0.27302369475364685 
vt 0.23938080668449402 0.2604416012763977 
vt 0.24494828283786774 0.25060299038887024 
vt 0.25028377771377563 0.2399129420518875 
vt 0.25689515471458435 0.24066975712776184 
vt 0.2637385129928589 0.24227799475193024 
vt 0.27081382274627686 0.2447376549243927 
vt 0.27812114357948303 0.24814333021640778 
vt 0.28554442524909973 0.25249502062797546 
vt 0.2929677367210388 0.25750893354415894 
vt 0.3000430464744568 0.26280665397644043 
vt 0.3066544234752655 0.2678205668926239 
vt 0.30827829241752625 0.24530526995658875 
vt 0.301086962223053 0.24076436460018158 
vt 0.29331570863723755 0.23612886667251587 
vt 0.285196453332901 0.231777161359787 
vt 0.27719321846961975 0.22827689349651337 
vt 0.26953795552253723 0.2258172333240509 
vt 0.26223063468933105 0.22449280321598053 
vt 0.255271315574646 0.22411438822746277 
vt 0.24865993857383728 0.22449280321598053 
vt 0.24726806581020355 0.20784282684326172 
vt 0.25376343727111816 0.20613999664783478 
vt 0.2608387768268585 0.20519398152828217 
vt 0.2682620882987976 0.20509937405586243 
vt 0.27626532316207886 0.20632919669151306 
vt 0.28461652994155884 0.20878885686397552 
vt 0.29319971799850464 0.21200533211231232 
vt 0.3014349341392517 0.21569481492042542 
vt 0.30909019708633423 0.21919508278369904 
vt 0.2412366420030594 0.20992408692836761 
vt 0.242512509226799 0.2253442257642746 
vt 0.24390438199043274 0.23972374200820923 
vt 0.23868487775325775 0.2509813904762268 
vt 0.23323339223861694 0.26214444637298584 
vt 0.22824586927890778 0.27576714754104614 
vt 0.22975373268127441 0.2886330187320709 
vt 0.23137757182121277 0.3033909499645233 
vt 0.23300141096115112 0.32032471895217896 
vt 0.22662203013896942 0.32354119420051575 
vt 0.2252301573753357 0.30651283264160156 
vt 0.22360630333423615 0.29175490140914917 
vt 0.2219824641942978 0.27898362278938293 
vt 0.22696998715400696 0.26469868421554565 
vt 0.23230548202991486 0.25249502062797546 
vt 0.23775696754455566 0.24038594961166382 
vt 0.23659707605838776 0.22676324844360352 
vt 0.23555317521095276 0.21238373219966888 
vt 0.2296377420425415 0.21560020744800568 
vt 0.2305656522512436 0.2290337085723877 
vt 0.23149356245994568 0.24199418723583221 
vt 0.22592608630657196 0.25495466589927673 
vt 0.22047460079193115 0.2680097818374634 
vt 0.21537108719348907 0.28267309069633484 
vt 0.21711093187332153 0.295255184173584 
vt 0.2187347710132599 0.3098239004611969 
vt 0.21977867186069489 0.326663076877594 
vt 0.2125873565673828 0.3300687372684479 
vt 0.21177543699741364 0.3135133683681488 
vt 0.210267573595047 0.29932305216789246 
vt 0.2082957625389099 0.2872139811515808 
vt 0.2136312574148178 0.2721722722053528 
vt 0.21919873356819153 0.258644163608551 
vt 0.22499817609786987 0.2447376549243927 
vt 0.2241862565279007 0.23253397643566132 
vt 0.2232583463191986 0.21995189785957336 
vt 0.21595104038715363 0.22591184079647064 
vt 0.21711093187332153 0.2375478893518448 
vt 0.21815483272075653 0.2489001452922821 
vt 0.21223938465118408 0.26327967643737793 
vt 0.20643994212150574 0.27718618512153625 
vt 0.2007564753293991 0.29260632395744324 
vt 0.2027282863855362 0.3042423725128174 
vt 0.20435214042663574 0.31805428862571716 
vt 0.205048069357872 0.3342312276363373 
vt 0.19716081023216248 0.3393397629261017 
vt 0.18927356600761414 0.34501588344573975 
vt 0.18208225071430206 0.35078659653663635 
vt 0.17697873711585999 0.35542210936546326 
vt 0.17442697286605835 0.34936758875846863 
vt 0.17083130776882172 0.3414210081100464 
vt 0.16711966693401337 0.3331906199455261 
vt 0.16363999247550964 0.3257170617580414 
vt 0.16039229929447174 0.31937870383262634 
vt 0.14763350784778595 0.3347042500972748 
vt 0.13406279683113098 0.3552328944206238 
vt 0.12060807645320892 0.3803970515727997 
vt 0.127799391746521 0.3504081964492798 
vt 0.14241400361061096 0.3287443220615387 
vt 0.1566806584596634 0.3132295608520508 
vt 0.1695554405450821 0.30348554253578186 
vt 0.17233917117118835 0.31039151549339294 
vt 0.17547087371349335 0.3188110888004303 
vt 0.17848658561706543 0.32836592197418213 
vt 0.18103834986686707 0.3388667404651642 
vt 0.18857763707637787 0.33073097467422485 
vt 0.1964648813009262 0.32382500171661377 
vt 0.19484104216098785 0.3104861080646515 
vt 0.1866058111190796 0.3183380961418152 
vt 0.18405406177043915 0.3077426552772522 
vt 0.1813863068819046 0.29885005950927734 
vt 0.19252125918865204 0.2992284595966339 
vt 0.19020147621631622 0.2899574637413025 
vt 0.17883455753326416 0.2915656864643097 
vt 0.1663077473640442 0.29676881432533264 
vt 0.15204109251499176 0.3063236176967621 
vt 0.13684654235839844 0.32259517908096313 
vt 0.1470535695552826 0.29913386702537537 
vt 0.1622481346130371 0.28920063376426697 
vt 0.1760508120059967 0.28456515073776245 
vt 0.18799768388271332 0.28248390555381775 
vt 0.1985526829957962 0.2830514907836914 
vt 0.20470009744167328 0.26886117458343506 
vt 0.21084751188755035 0.25429245829582214 
vt 0.20945565402507782 0.2437916249036789 
vt 0.20783179998397827 0.23300699889659882 
vt 0.19890065491199493 0.2410481721162796 
vt 0.20110444724559784 0.2509813904762268 
vt 0.20307625830173492 0.26053619384765625 
vt 0.19669686257839203 0.2751995325088501 
vt 0.1855619102716446 0.2751995325088501 
vt 0.19460906088352203 0.2675367593765259 
vt 0.1921732872724533 0.25873875617980957 
vt 0.1825461983680725 0.2668745517730713 
vt 0.17257115244865417 0.2765239477157593 
vt 0.1578405499458313 0.28134867548942566 
vt 0.16862753033638 0.2682935893535614 
vt 0.1791825294494629 0.2581711411476135 
vt 0.18927356600761414 0.24946776032447815 
vt 0.5240178108215332 0.47537755966186523 
vt 0.525525689125061 0.5082991123199463 
vt 0.5190302729606628 0.5422612428665161 
vt 0.5292373299598694 0.5407476425170898 
vt 0.5240178108215332 0.5757504105567932 
vt 0.5348048210144043 0.5726285576820374 
vt 0.5330649614334106 0.6080096960067749 
vt 0.5424600839614868 0.6042256355285645 
vt 0.5421121120452881 0.6403636336326599 
vt 0.5523191094398499 0.6358227133750916 
vt 0.5564947128295898 0.6730959415435791 
vt 0.5648459196090698 0.6676090359687805 
vt 0.5707613825798035 0.7058283090591431 
vt 0.5798085331916809 0.698922336101532 
vt 0.5901315212249756 0.7352495193481445 
vt 0.5969749093055725 0.7282490134239197 
vt 0.6095017194747925 0.7647653818130493 
vt 0.6154171228408813 0.7544537782669067 
vt 0.6291038393974304 0.7848210334777832 
vt 0.6339753866195679 0.7761176228523254 
vt 0.6485900282859802 0.8048766851425171 
vt 0.6519536972045898 0.7936190366744995 
vt 0.6650604605674744 0.8163235187530518 
vt 0.668424129486084 0.8066741228103638 
vt 0.6816468834877014 0.8276758193969727 
vt 0.6829227209091187 0.8163235187530518 
vt 0.6944056749343872 0.8227564692497253 
vt 0.6923178434371948 0.8325005173683167 
vt 0.7038007974624634 0.8270135521888733 
vt 0.702988862991333 0.8373252153396606 
vt 0.7112240791320801 0.8298516273498535 
vt 0.7098321914672852 0.839406430721283 
vt 0.7174874544143677 0.8318383097648621 
vt 0.7166755199432373 0.8413931131362915 
vt 0.7228229641914368 0.8333519101142883 
vt 0.7218950390815735 0.8426229357719421 
vt 0.7276945114135742 0.834581732749939 
vt 0.7272305488586426 0.8437581658363342 
vt 0.7319861054420471 0.835527777671814 
vt 0.7315221428871155 0.8445149660110474 
vt 0.7361617088317871 0.8362845778465271 
vt 0.7359297275543213 0.845177173614502 
vt 0.7401053309440613 0.8456501960754395 
vt 0.7402213215827942 0.8368521928787231 
vt 0.7441649436950684 0.8460286259651184 
vt 0.7441649436950684 0.8372306227684021 
vt 0.7482245564460754 0.8462178111076355 
vt 0.7481085658073425 0.8375144004821777 
vt 0.7522841691970825 0.8464069962501526 
vt 0.7520521879196167 0.8376089930534363 
vt 0.7563437819480896 0.8462178111076355 
vt 0.755879819393158 0.8375144004821777 
vt 0.7604033946990967 0.846123218536377 
vt 0.7598234415054321 0.8372306227684021 
vt 0.7644630074501038 0.845744788646698 
vt 0.7636510729789734 0.8367576003074646 
vt 0.7686386108398438 0.8452717661857605 
vt 0.7675946950912476 0.83609539270401 
vt 0.7725822329521179 0.8444203734397888 
vt 0.7714223265647888 0.8352439403533936 
vt 0.7765258550643921 0.8435689210891724 
vt 0.7754819989204407 0.8342033624649048 
vt 0.7812814116477966 0.8422445058822632 
vt 0.7798895239830017 0.8328788876533508 
vt 0.7859209775924683 0.8408254981040955 
vt 0.7847610712051392 0.8313652873039246 
vt 0.7921844124794006 0.8388388156890869 
vt 0.7905605435371399 0.8292840123176575 
vt 0.7984477877616882 0.8367576003074646 
vt 0.7976358532905579 0.8264459371566772 
vt 0.8091188073158264 0.8318383097648621 
vt 0.8069149851799011 0.8220942616462708 
vt 0.8199057579040527 0.8270135521888733 
vt 0.8187458515167236 0.8155667185783386 
vt 0.8374201059341431 0.8151882886886597 
vt 0.8340564370155334 0.8055388927459717 
vt 0.8550504446029663 0.803363025188446 
vt 0.8514547944068909 0.7920107841491699 
vt 0.8753485083580017 0.7827398180961609 
vt 0.8703609704971313 0.7740364074707031 
vt 0.8956465721130371 0.7622111439704895 
vt 0.8894991874694824 0.752088725566864 
vt 0.9144368171691895 0.7326952815055847 
vt 0.9080573916435242 0.7256001234054565 
vt 0.9333429932594299 0.7031794190406799 
vt 0.9252237677574158 0.6958950757980347 
vt 0.9477256536483765 0.6688388586044312 
vt 0.940302312374115 0.6636357307434082 
vt 0.9622242450714111 0.6344037055969238 
vt 0.9531770944595337 0.6302412152290344 
vt 0.9715033769607544 0.6002523303031921 
vt 0.9632681608200073 0.5967520475387573 
vt 0.9807825088500977 0.5660063624382019 
vt 0.9711554050445557 0.5634521245956421 
vt 0.9855380654335022 0.5320442318916321 
vt 0.9766069054603577 0.5302467942237854 
vt 0.9902936220169067 0.49808207154273987 
vt 0.9799705743789673 0.4974198639392853 
vt 0.9901776313781738 0.4644983410835266 
vt 0.9806665182113647 0.4646875262260437 
vt 0.989945650100708 0.43091458082199097 
vt 0.979042649269104 0.43157678842544556 
vt 0.9837982058525085 0.39506039023399353 
vt 0.9742870926856995 0.3973308503627777 
vt 0.9776508212089539 0.35930079221725464 
vt 0.9663998484611511 0.36166584491729736 
vt 0.9631521701812744 0.3194733262062073 
vt 0.9544529914855957 0.3241088092327118 
vt 0.9487695097923279 0.27974042296409607 
vt 0.9392584562301636 0.2870247960090637 
vt 0.9293993711471558 0.24653509259223938 
vt 0.9216281175613403 0.25287342071533203 
vt 0.9100292325019836 0.2133297622203827 
vt 0.9030698537826538 0.22316837310791016 
vt 0.8936747908592224 0.1937471181154251 
vt 0.8852075934410095 0.19999085366725922 
vt 0.8772042989730835 0.17425908148288727 
vt 0.8685051202774048 0.1817326545715332 
vt 0.8639816045761108 0.16252842545509338 
vt 0.8534265756607056 0.16801534593105316 
vt 0.8508748412132263 0.1507977694272995 
vt 0.8396238684654236 0.1572307050228119 
vt 0.8273290395736694 0.14900033175945282 
vt 0.839043915271759 0.14285118877887726 
vt 0.8158461451530457 0.1422835737466812 
vt 0.8273290395736694 0.13490460813045502 
vt 0.8049432039260864 0.13660745322704315 
vt 0.815382182598114 0.12875548005104065 
vt 0.7947361469268799 0.13168814778327942 
vt 0.8034353256225586 0.12270094454288483 
vt 0.7853410243988037 0.1277148574590683 
vt 0.7925323247909546 0.11863305419683456 
vt 0.7768738269805908 0.12421457469463348 
vt 0.7816293835639954 0.11447056382894516 
vt 0.7699145078659058 0.12128191441297531 
vt 0.7746700644493103 0.11049727350473404 
vt 0.7635350823402405 0.11863305419683456 
vt 0.7677106857299805 0.10652398318052292 
vt 0.761215329170227 0.10434813797473907 
vt 0.7573876976966858 0.116646409034729 
vt 0.754603922367096 0.10226689279079437 
vt 0.7510082721710205 0.11494357138872147 
vt 0.7471806406974792 0.1004694476723671 
vt 0.7445129156112671 0.11352454125881195 
vt 0.7397573590278625 0.09867201000452042 
vt 0.7377855181694031 0.1124839186668396 
vt 0.7324500679969788 0.09848280996084213 
vt 0.7311741709709167 0.11220011115074158 
vt 0.7251427173614502 0.09819900244474411 
vt 0.7247948050498962 0.1124839186668396 
vt 0.719691276550293 0.09980723261833191 
vt 0.7189953327178955 0.11352454125881195 
vt 0.7141237854957581 0.1014154702425003 
vt 0.7135438323020935 0.11513277888298035 
vt 0.7080923914909363 0.11730862408876419 
vt 0.7085562944412231 0.10330751538276672 
vt 0.7019449472427368 0.12014668434858322 
vt 0.702988862991333 0.10519955307245255 
vt 0.6938257217407227 0.12430918216705322 
vt 0.6931297779083252 0.11021346598863602 
vt 0.6840826272964478 0.1302691102027893 
vt 0.6832706928253174 0.11522737890481949 
vt 0.6706278920173645 0.12525519728660583 
vt 0.6727157235145569 0.13868869841098785 
vt 0.6578691005706787 0.13537763059139252 
vt 0.6598409414291382 0.14909492433071136 
vt 0.6410506963729858 0.1491895318031311 
vt 0.6455742716789246 0.16101479530334473 
vt 0.6241163015365601 0.16290684044361115 
vt 0.6308436989784241 0.17416448891162872 
vt 0.6091537475585938 0.17908379435539246 
vt 0.6166930198669434 0.18835480511188507 
vt 0.5943071246147156 0.1953553557395935 
vt 0.6030063033103943 0.20396414399147034 
vt 0.5821282863616943 0.213802769780159 
vt 0.5900155305862427 0.22184394299983978 
vt 0.5699494481086731 0.2322501689195633 
vt 0.5771408081054688 0.24350783228874207 
vt 0.556030809879303 0.263847291469574 
vt 0.5639180541038513 0.2710370421409607 
vt 0.5421121120452881 0.2954443693161011 
vt 0.5516232252120972 0.30253952741622925 
vt 0.5319050550460815 0.33233919739723206 
vt 0.5411841869354248 0.3367854952812195 
vt 0.5216980576515198 0.3693286180496216 
vt 0.5329489707946777 0.3721666932106018 
vt 0.5174064636230469 0.4053720235824585 
vt 0.5274974703788757 0.4072640538215637 
vt 0.5245977640151978 0.441793829202652 
vt 0.5343408584594727 0.44292905926704407 
vt 0.533876895904541 0.4757559895515442 
vt 0.5353847146034241 0.5079206824302673 
vt 0.5387484431266785 0.5391393899917603 
vt 0.5439679026603699 0.5698850750923157 
vt 0.5510432720184326 0.600441575050354 
vt 0.5604383945465088 0.6311872601509094 
vt 0.5723852515220642 0.662311315536499 
vt 0.586767852306366 0.6928678154945374 
vt 0.6031222939491272 0.7214376330375671 
vt 0.6207526326179504 0.7468855977058411 
vt 0.6384989619255066 0.768076479434967 
vt 0.6557813286781311 0.7849156260490417 
vt 0.6715558171272278 0.7977815270423889 
vt 0.6852425336837769 0.8071471452713013 
vt 0.6963774561882019 0.8135800957679749 
vt 0.7053086161613464 0.8178371787071228 
vt 0.7124999165534973 0.8207698464393616 
vt 0.718415379524231 0.8229457139968872 
vt 0.7236348986625671 0.8246484994888306 
vt 0.7282744646072388 0.8259729743003845 
vt 0.7324500679969788 0.8270135521888733 
vt 0.7365096807479858 0.8279595971107483 
vt 0.7403373122215271 0.8286218047142029 
vt 0.7442809343338013 0.8290948271751404 
vt 0.7479925751686096 0.8292840123176575 
vt 0.7518202066421509 0.829378604888916 
vt 0.7554158568382263 0.8291894197463989 
vt 0.7591274976730347 0.8289056420326233 
vt 0.7628391981124878 0.8283380270004272 
vt 0.7665508389472961 0.8275811672210693 
vt 0.7703784704208374 0.8266351819038391 
vt 0.7743220925331116 0.825499951839447 
vt 0.7786136865615845 0.8241755366325378 
vt 0.7834852337837219 0.8224726915359497 
vt 0.7890526652336121 0.8202968239784241 
vt 0.795896053314209 0.8173641562461853 
vt 0.8047112226486206 0.8129178881645203 
vt 0.8161941170692444 0.8062956929206848 
vt 0.830692708492279 0.7966462969779968 
vt 0.8475111126899719 0.7833074331283569 
vt 0.8657214045524597 0.7659952044487 
vt 0.8842796683311462 0.7445205450057983 
vt 0.9022579193115234 0.7189779877662659 
vt 0.9189603924751282 0.6899351477622986 
vt 0.9335749745368958 0.6586218476295471 
vt 0.9459857940673828 0.626078724861145 
vt 0.9558448791503906 0.5934410095214844 
vt 0.9633841514587402 0.5608978867530823 
vt 0.9686036705970764 0.5286385416984558 
vt 0.9715033769607544 0.49666303396224976 
vt 0.9721993207931519 0.4649713337421417 
vt 0.9703434705734253 0.4329012334346771 
vt 0.9658198952674866 0.399790495634079 
vt 0.9579326510429382 0.3651661276817322 
vt 0.9465657472610474 0.3287443220615387 
vt 0.9318351149559021 0.2925117015838623 
vt 0.9144368171691895 0.25873875617980957 
vt 0.8958785533905029 0.22931751608848572 
vt 0.8773202896118164 0.20566698908805847 
vt 0.8596900105476379 0.18721957504749298 
vt 0.8433355093002319 0.17312386631965637 
vt 0.8288369178771973 0.16262303292751312 
vt 0.8161941170692444 0.15486565232276917 
vt 0.8051751255989075 0.14900033175945282 
vt 0.7953161001205444 0.14417561888694763 
vt 0.786268949508667 0.1402023285627365 
vt 0.7782657146453857 0.13689126074314117 
vt 0.7711904048919678 0.13405320048332214 
vt 0.7650429606437683 0.13197195529937744 
vt 0.7593594789505005 0.13017450273036957 
vt 0.7536760568618774 0.12875548005104065 
vt 0.7478765845298767 0.12752565741539001 
vt 0.7419611215591431 0.12667423486709595 
vt 0.7359297275543213 0.12620122730731964 
vt 0.7298982739448547 0.1261066198348999 
vt 0.7239828705787659 0.12648503482341766 
vt 0.718415379524231 0.12752565741539001 
vt 0.7130798697471619 0.12913388013839722 
vt 0.7078604102134705 0.1312151402235031 
vt 0.7018289566040039 0.13405320048332214 
vt 0.6945216655731201 0.13802649080753326 
vt 0.6854745149612427 0.1436080038547516 
vt 0.6749194860458374 0.1512707769870758 
vt 0.662972629070282 0.160920187830925 
vt 0.6499818563461304 0.17198863625526428 
vt 0.63664311170578 0.18409770727157593 
vt 0.6234204173088074 0.19715279340744019 
vt 0.6103136539459229 0.21191072463989258 
vt 0.5972068905830383 0.229506716132164 
vt 0.5841001272201538 0.2511706054210663 
vt 0.5712253451347351 0.2777538001537323 
vt 0.5595104694366455 0.30831027030944824 
vt 0.5496513843536377 0.34132638573646545 
vt 0.5419961214065552 0.3753831386566162 
vt 0.5370085835456848 0.4093452990055084 
vt 0.5455917716026306 0.4118049740791321 
vt 0.5431560277938843 0.4443480968475342 
vt 0.5428080558776855 0.47632360458374023 
vt 0.5443158745765686 0.5074476599693298 
vt 0.5473316311836243 0.5375311374664307 
vt 0.552087128162384 0.567141592502594 
vt 0.5586985349655151 0.5966574549674988 
vt 0.5676296949386597 0.6265517473220825 
vt 0.5788806080818176 0.656919002532959 
vt 0.5926833152770996 0.6868132948875427 
vt 0.6082258224487305 0.714910089969635 
vt 0.6250442266464233 0.7396958470344543 
vt 0.6422106027603149 0.7603191137313843 
vt 0.6586810350418091 0.7768744826316833 
vt 0.673875629901886 0.7894565463066101 
vt 0.6870983242988586 0.7986329197883606 
vt 0.6978853344917297 0.8050658702850342 
vt 0.7064685225486755 0.809512197971344 
vt 0.7134278416633606 0.8125394582748413 
vt 0.7192273139953613 0.8148099184036255 
vt 0.7242148518562317 0.8167019486427307 
vt 0.7287384271621704 0.8182156085968018 
vt 0.7327980399131775 0.8194454312324524 
vt 0.7367416620254517 0.8203914165496826 
vt 0.7405692934989929 0.8211482763290405 
vt 0.7442809343338013 0.8217158317565918 
vt 0.7479925751686096 0.8219996690750122 
vt 0.7515882253646851 0.8219996690750122 
vt 0.7550678849220276 0.8218104839324951 
vt 0.7585476040840149 0.8214320540428162 
vt 0.7621432542800903 0.8207698464393616 
vt 0.7657389044761658 0.8200130462646484 
vt 0.7694505453109741 0.8189724087715149 
vt 0.7733941674232483 0.8176479935646057 
vt 0.7776857614517212 0.8161343336105347 
vt 0.7824413180351257 0.814336895942688 
vt 0.7877768278121948 0.8120664358139038 
vt 0.7945041656494141 0.808944582939148 
vt 0.802971363067627 0.8044982552528381 
vt 0.814106285572052 0.7978761196136475 
vt 0.8281409740447998 0.788321316242218 
vt 0.8443794250488281 0.7752662301063538 
vt 0.8620097637176514 0.758427083492279 
vt 0.8799880743026733 0.7375199794769287 
vt 0.8973864316940308 0.7126396298408508 
vt 0.9136248826980591 0.6843535900115967 
vt 0.9278914928436279 0.6537971496582031 
vt 0.939954400062561 0.6220108270645142 
vt 0.9494654536247253 0.5901299118995667 
vt 0.956656813621521 0.558438241481781 
vt 0.9616442918777466 0.527030348777771 
vt 0.9643120765686035 0.49600082635879517 
vt 0.9647760391235352 0.4653497636318207 
vt 0.9628041982650757 0.43432027101516724 
vt 0.958280622959137 0.4023447632789612 
vt 0.9507413506507874 0.36876100301742554 
vt 0.9397224187850952 0.3333798348903656 
vt 0.9253397583961487 0.29790404438972473 
vt 0.90828937292099 0.2646040916442871 
vt 0.8896151185035706 0.2352774441242218 
vt 0.8704769611358643 0.21134310960769653 
vt 0.8519186973571777 0.19251729547977448 
vt 0.834636390209198 0.1782323718070984 
vt 0.8194417953491211 0.16792075335979462 
vt 0.8066830039024353 0.1607309877872467 
vt 0.7961280345916748 0.1556224673986435 
vt 0.7869648933410645 0.1517437845468521 
vt 0.7790776491165161 0.1487165242433548 
vt 0.7720022797584534 0.1461622714996338 
vt 0.7657389044761658 0.14417561888694763 
vt 0.7604033946990967 0.14266198873519897 
vt 0.7554158568382263 0.14152675867080688 
vt 0.750312328338623 0.14076994359493256 
vt 0.7452088594436646 0.14029693603515625 
vt 0.7398733496665955 0.14010773599147797 
vt 0.7344218492507935 0.14010773599147797 
vt 0.7289704084396362 0.14029693603515625 
vt 0.7234029173851013 0.1408645510673523 
vt 0.7180674076080322 0.14190517365932465 
vt 0.7127318978309631 0.14332419633865356 
vt 0.7076284289360046 0.14521624147891998 
vt 0.7018289566040039 0.14767590165138245 
vt 0.6949856281280518 0.15117616951465607 
vt 0.6866344213485718 0.156095489859581 
vt 0.6770073175430298 0.1628122329711914 
vt 0.6661043167114258 0.1713264286518097 
vt 0.6541574597358704 0.18154345452785492 
vt 0.6417466402053833 0.19289569556713104 
vt 0.6289878487586975 0.20538318157196045 
vt 0.6161130666732788 0.21976269781589508 
vt 0.6031222939491272 0.23716948926448822 
vt 0.5901315212249756 0.258644163608551 
vt 0.5776047110557556 0.28456515073776245 
vt 0.5663537979125977 0.3141756057739258 
vt 0.5571906566619873 0.3460564911365509 
vt 0.5502313375473022 0.37897804379463196 
vt 0.5578866004943848 0.3825729191303253 
vt 0.5537109971046448 0.4144538342952728 
vt 0.5515072345733643 0.4459563195705414 
vt 0.5512752532958984 0.4768912196159363 
vt 0.5525510907173157 0.5068800449371338 
vt 0.5554508566856384 0.5359229445457458 
vt 0.5597424507141113 0.5643981695175171 
vt 0.565889835357666 0.5928733944892883 
vt 0.5741250514984131 0.6219162344932556 
vt 0.5849120616912842 0.6516212821006775 
vt 0.5979028344154358 0.6809479594230652 
vt 0.6127493977546692 0.7083825469017029 
vt 0.6288718581199646 0.7327898740768433 
vt 0.6452262997627258 0.7530347108840942 
vt 0.6611168384552002 0.7692117094993591 
vt 0.6758474111557007 0.7816045880317688 
vt 0.6886062026023865 0.7907809615135193 
vt 0.6989292502403259 0.7973085045814514 
vt 0.7072804570198059 0.8017548322677612 
vt 0.7141237854957581 0.8049712777137756 
vt 0.7198072671890259 0.8073363304138184 
vt 0.7247948050498962 0.8093230128288269 
vt 0.729202389717102 0.8110257983207703 
vt 0.733377993106842 0.8124448657035828 
vt 0.7372056245803833 0.8135800957679749 
vt 0.7409172654151917 0.8144314885139465 
vt 0.7445129156112671 0.8149991035461426 
vt 0.7479925751686096 0.815282940864563 
vt 0.7513562440872192 0.8153775334358215 
vt 0.7547199130058289 0.8151882886886597 
vt 0.7580836415290833 0.8147153258323669 
vt 0.7614473104476929 0.8140531182289124 
vt 0.7649269700050354 0.8132016658782959 
vt 0.7685226202011108 0.8119718432426453 
vt 0.772466242313385 0.8106474280357361 
vt 0.7767578363418579 0.808944582939148 
vt 0.7815133929252625 0.8069579601287842 
vt 0.7868489027023315 0.8044982552528381 
vt 0.793344259262085 0.8012818098068237 
vt 0.8016954660415649 0.7966462969779968 
vt 0.8123664855957031 0.7900241613388062 
vt 0.8259372115135193 0.7805639505386353 
vt 0.841711699962616 0.7676980495452881 
vt 0.8587620854377747 0.7512372732162476 
vt 0.876276433467865 0.730897843837738 
vt 0.8932108283042908 0.7065851092338562 
vt 0.9089853167533875 0.6789612770080566 
vt 0.9229040145874023 0.6491616368293762 
vt 0.9346188902854919 0.6182267665863037 
vt 0.9437820315361023 0.5871026515960693 
vt 0.9507413506507874 0.5561677813529968 
vt 0.955380916595459 0.5256112813949585 
vt 0.9578166604042053 0.49552783370018005 
vt 0.9580486416816711 0.4658227562904358 
vt 0.9560768604278564 0.4358339011669159 
vt 0.9516692757606506 0.404899001121521 
vt 0.9442459940910339 0.3723558783531189 
vt 0.9335749745368958 0.3379207253456116 
vt 0.9197722673416138 0.30329635739326477 
vt 0.9029538631439209 0.27046942710876465 
vt 0.8842796683311462 0.24133197963237762 
vt 0.8647934794425964 0.21720844507217407 
vt 0.8456553220748901 0.198098823428154 
vt 0.8276770114898682 0.18371929228305817 
vt 0.8121345043182373 0.17359687387943268 
vt 0.7996076941490173 0.16706933081150055 
vt 0.7896326184272766 0.1630014330148697 
vt 0.7810494303703308 0.15997417271137238 
vt 0.7736261487007141 0.1577037274837494 
vt 0.7670148015022278 0.15581168234348297 
vt 0.761215329170227 0.15429805219173431 
vt 0.7562277913093567 0.15325742959976196 
vt 0.7518202066421509 0.15278440713882446 
vt 0.7474126219749451 0.15268981456756592 
vt 0.7428890466690063 0.1528790146112442 
vt 0.7381334900856018 0.15325742959976196 
vt 0.7332620024681091 0.15373043715953827 
vt 0.7283904552459717 0.15420344471931458 
vt 0.7232869267463684 0.15486565232276917 
vt 0.7181833982467651 0.15590627491474152 
vt 0.7130798697471619 0.15713611245155334 
vt 0.7079764008522034 0.15855513513088226 
vt 0.7025249004364014 0.16035257279872894 
vt 0.6959134936332703 0.16319064795970917 
vt 0.6882582306861877 0.16725853085517883 
vt 0.6794430613517761 0.17302925884723663 
vt 0.6693520545959473 0.18069203197956085 
vt 0.6581010818481445 0.190057635307312 
vt 0.6460382342338562 0.20093688368797302 
vt 0.6336274147033691 0.21304595470428467 
vt 0.6209846138954163 0.22733086347579956 
vt 0.6079938411712646 0.24464304745197296 
vt 0.5952350497245789 0.26583391427993774 
vt 0.5832881927490234 0.2911872863769531 
vt 0.5728492140769958 0.3199463188648224 
vt 0.56426602602005 0.35078659653663635 
vt 0.5712253451347351 0.3553275167942047 
vt 0.5655418634414673 0.3862623870372772 
vt 0.5618302226066589 0.4171026647090912 
vt 0.5598584413528442 0.44746994972229004 
vt 0.5596264600753784 0.47726961970329285 
vt 0.5609022974967957 0.5062178373336792 
vt 0.5634540915489197 0.5341254472732544 
vt 0.5673977136611938 0.5615600943565369 
vt 0.5729652047157288 0.5891839265823364 
vt 0.5806204676628113 0.6174699068069458 
vt 0.5907114744186401 0.6465127468109131 
vt 0.6028903126716614 0.6751772165298462 
vt 0.6170409917831421 0.7021387815475464 
vt 0.63246750831604 0.726073145866394 
vt 0.6481260657310486 0.7460342049598694 
vt 0.6634365916252136 0.7619273066520691 
vt 0.6775872707366943 0.7742255926132202 
vt 0.6898820996284485 0.7833074331283569 
vt 0.6999731063842773 0.7897403240203857 
vt 0.7080923914909363 0.7943758368492126 
vt 0.7148197293281555 0.7976869344711304 
vt 0.7203872203826904 0.8002411723136902 
vt 0.725374698638916 0.8023224472999573 
vt 0.7298982739448547 0.804119884967804 
vt 0.7340738773345947 0.8056334853172302 
vt 0.737901508808136 0.8068633079528809 
vt 0.7414972186088562 0.8078093528747559 
vt 0.7448608875274658 0.8084715604782104 
vt 0.7481085658073425 0.8088499903678894 
vt 0.7512402534484863 0.8090391755104065 
vt 0.7543720006942749 0.8088499903678894 
vt 0.7573876976966858 0.8084715604782104 
vt 0.7606353759765625 0.8077147603034973 
vt 0.7639990448951721 0.8067687153816223 
vt 0.7675946950912476 0.8055388927459717 
vt 0.7715383172035217 0.8039306402206421 
vt 0.7758299112319946 0.8020386099815369 
vt 0.7805854678153992 0.799862802028656 
vt 0.7859209775924683 0.7973085045814514 
vt 0.7923004031181335 0.7939028143882751 
vt 0.8004196286201477 0.7891727089881897 
vt 0.8108586072921753 0.7824559807777405 
vt 0.8239653706550598 0.7730903625488281 
vt 0.8392758965492249 0.7605082988739014 
vt 0.8558623194694519 0.7444259524345398 
vt 0.8727967143058777 0.724559485912323 
vt 0.8892672061920166 0.7008143663406372 
vt 0.9045777320861816 0.673852801322937 
vt 0.9181484580039978 0.6448099613189697 
vt 0.9295153617858887 0.614537239074707 
vt 0.9384465217590332 0.5841699838638306 
vt 0.9450578689575195 0.5540865063667297 
vt 0.9494654536247253 0.5243814587593079 
vt 0.9516692757606506 0.49505481123924255 
vt 0.9517852663993835 0.46620115637779236 
vt 0.9496974349021912 0.437252938747406 
vt 0.9452898502349854 0.4072640538215637 
vt 0.9382145404815674 0.37566694617271423 
vt 0.9278914928436279 0.34227243065834045 
vt 0.9144368171691895 0.3084048628807068 
vt 0.8980823159217834 0.27624014019966125 
vt 0.8797560930252075 0.24738651514053345 
vt 0.8601539134979248 0.22345218062400818 
vt 0.8407837748527527 0.20443715155124664 
vt 0.8225734829902649 0.190057635307312 
vt 0.8071469664573669 0.18040822446346283 
vt 0.7954320907592773 0.1748266965150833 
vt 0.7861529588699341 0.17170482873916626 
vt 0.777917742729187 0.16933977603912354 
vt 0.7704944610595703 0.16744773089885712 
vt 0.7636510729789734 0.16574490070343018 
vt 0.7576196789741516 0.16451507806777954 
vt 0.7528641223907471 0.1639474630355835 
vt 0.7486885190010071 0.1639474630355835 
vt 0.7448608875274658 0.1644204705953598 
vt 0.7409172654151917 0.1650826781988144 
vt 0.7368576526641846 0.16583950817584991 
vt 0.7326820492744446 0.1665017157793045 
vt 0.7283904552459717 0.16706933081150055 
vt 0.723866879940033 0.16782614588737488 
vt 0.7192273139953613 0.16867756843566895 
vt 0.7144717574119568 0.16962358355522156 
vt 0.7096002101898193 0.17047500610351562 
vt 0.7042647004127502 0.17170482873916626 
vt 0.6982333064079285 0.17359687387943268 
vt 0.6910420060157776 0.17690794169902802 
vt 0.6824588179588318 0.1822056621313095 
vt 0.672599732875824 0.18939542770385742 
vt 0.6615808010101318 0.19828802347183228 
vt 0.6497498750686646 0.2086942493915558 
vt 0.6376870274543762 0.2205195128917694 
vt 0.6251602172851562 0.23452062904834747 
vt 0.6125174164772034 0.25154900550842285 
vt 0.6002225875854492 0.2723614573478699 
vt 0.5888556838035583 0.29724180698394775 
vt 0.5791125893592834 0.3253386318683624 
vt 0.5853760242462158 0.33044716715812683 
vt 0.5783006548881531 0.3596791923046112 
vt 0.5730811953544617 0.3896680772304535 
vt 0.5698334574699402 0.4194677174091339 
vt 0.5682096481323242 0.44888898730278015 
vt 0.5680936574935913 0.47755342721939087 
vt 0.5692535042762756 0.5054610371589661 
vt 0.5715733170509338 0.5323280096054077 
vt 0.5751689672470093 0.5589112043380737 
vt 0.5802724957466125 0.5855889916419983 
vt 0.5873478055000305 0.6130236387252808 
vt 0.5966269373893738 0.6413096785545349 
vt 0.6079938411712646 0.6693118810653687 
vt 0.621332585811615 0.6957058906555176 
vt 0.6358312368392944 0.719167172908783 
vt 0.6507937908172607 0.7386552095413208 
vt 0.665524423122406 0.7542645931243896 
vt 0.6790950894355774 0.7663736343383789 
vt 0.6909260153770447 0.7753608226776123 
vt 0.7006690502166748 0.7818883657455444 
vt 0.708672285079956 0.7865238785743713 
vt 0.7151677012443542 0.7899295687675476 
vt 0.7208511233329773 0.792578399181366 
vt 0.7259546518325806 0.7947542667388916 
vt 0.7305942177772522 0.7966462969779968 
vt 0.7348858118057251 0.7982545495033264 
vt 0.7387134432792664 0.7995789647102356 
vt 0.7421931028366089 0.8006196022033691 
vt 0.7453248500823975 0.8013764023780823 
vt 0.7483405470848083 0.8018494248390198 
vt 0.7511242628097534 0.8020386099815369 
vt 0.7539080381393433 0.8019440174102783 
vt 0.7566917538642883 0.8015655875205994 
vt 0.7597074508666992 0.8009033799171448 
vt 0.7629551887512207 0.799862802028656 
vt 0.7665508389472961 0.798538327217102 
vt 0.7706104516983032 0.7967408895492554 
vt 0.775018036365509 0.7947542667388916 
vt 0.7797735929489136 0.7923892140388489 
vt 0.7851090431213379 0.7895511388778687 
vt 0.7913724780082703 0.7860508561134338 
vt 0.7993757128715515 0.7813207507133484 
vt 0.8094667196273804 0.7746040225028992 
vt 0.8222255110740662 0.7654275894165039 
vt 0.8369561433792114 0.7530347108840942 
vt 0.8529626131057739 0.7373307943344116 
vt 0.8694330453872681 0.7179373502731323 
vt 0.8853235244750977 0.6948544383049011 
vt 0.9001701474189758 0.6687442660331726 
vt 0.9132769107818604 0.6403636336326599 
vt 0.9242958426475525 0.6109423637390137 
vt 0.9329950213432312 0.5814265012741089 
vt 0.9392584562301636 0.5520052909851074 
vt 0.9434340596199036 0.5230570435523987 
vt 0.9455218315124512 0.494676411151886 
vt 0.9455218315124512 0.46667417883872986 
vt 0.9434340596199036 0.43848276138305664 
vt 0.9391424655914307 0.4095345139503479 
vt 0.9321830868721008 0.37897804379463196 
vt 0.9223240613937378 0.3465295135974884 
vt 0.9093332886695862 0.3137025833129883 
vt 0.8935588002204895 0.28229469060897827 
vt 0.8756964802742004 0.2541978657245636 
vt 0.8566742539405823 0.2306419461965561 
vt 0.8374201059341431 0.21191072463989258 
vt 0.819557785987854 0.19790960848331451 
vt 0.8044792413711548 0.1886386126279831 
vt 0.793344259262085 0.18371929228305817 
vt 0.7845290899276733 0.1812596470117569 
vt 0.7764098644256592 0.17927299439907074 
vt 0.7686386108398438 0.17747555673122406 
vt 0.76133131980896 0.17577272653579712 
vt 0.7549518942832947 0.17473210394382477 
vt 0.7499644160270691 0.17463749647140503 
vt 0.7460207939147949 0.17520511150360107 
vt 0.7426570653915405 0.1761511266231537 
vt 0.7392933964729309 0.17719174921512604 
vt 0.7359297275543213 0.1780431717634201 
vt 0.7324500679969788 0.17879998683929443 
vt 0.7287384271621704 0.17936760187149048 
vt 0.7249107956886292 0.17993521690368652 
vt 0.7208511233329773 0.18050283193588257 
vt 0.7165595293045044 0.1810704469680786 
vt 0.7120360136032104 0.18135423958301544 
vt 0.7069324851036072 0.18201646208763123 
vt 0.7011330127716064 0.1833408921957016 
vt 0.6941736936569214 0.18617895245552063 
vt 0.6857064962387085 0.1911928653717041 
vt 0.6757314205169678 0.19819341599941254 
vt 0.6647124886512756 0.20670761168003082 
vt 0.653113603591919 0.21664083003997803 
vt 0.6411666870117188 0.2280876785516739 
vt 0.6289878487586975 0.2417103797197342 
vt 0.6168090105056763 0.258360356092453 
vt 0.6049781441688538 0.2786998152732849 
vt 0.5943071246147156 0.30301254987716675 
vt 0.5998746156692505 0.3088778853416443 
vt 0.5916393995285034 0.3354610800743103 
vt 0.5852600336074829 0.3638416826725006 
vt 0.5807364583015442 0.3928845524787903 
vt 0.5778366923332214 0.4217381775379181 
vt 0.5765608549118042 0.4501188099384308 
vt 0.5765608549118042 0.4778372347354889 
vt 0.5776047110557556 0.5047042369842529 
vt 0.579692542552948 0.5307198166847229 
vt 0.5830562114715576 0.5562623739242554 
vt 0.5876957774162292 0.5820887684822083 
vt 0.5940752029418945 0.608577311038971 
vt 0.6026583313941956 0.6358227133750916 
vt 0.6132133603096008 0.6629735231399536 
vt 0.6256241798400879 0.6886107325553894 
vt 0.639194905757904 0.7113152146339417 
vt 0.6532295942306519 0.7302356362342834 
vt 0.667148232460022 0.7454665899276733 
vt 0.6800230145454407 0.757291853427887 
vt 0.6913899183273315 0.7661844491958618 
vt 0.7007850408554077 0.772711992263794 
vt 0.7085562944412231 0.7773475050926208 
vt 0.7150517106056213 0.7807531356811523 
vt 0.7208511233329773 0.7834020256996155 
vt 0.7260706424713135 0.7856724858283997 
vt 0.7309421896934509 0.7876591086387634 
vt 0.7353497743606567 0.789267361164093 
vt 0.7392933964729309 0.7906863689422607 
vt 0.7426570653915405 0.7917270064353943 
vt 0.7456728219985962 0.792578399181366 
vt 0.7483405470848083 0.7930514216423035 
vt 0.7508922815322876 0.7933352589607239 
vt 0.7534440755844116 0.7933352589607239 
vt 0.7559958100318909 0.7930514216423035 
vt 0.7587795257568359 0.7923892140388489 
vt 0.7620272636413574 0.7913485765457153 
vt 0.7656229138374329 0.7899295687675476 
vt 0.7697985172271729 0.7880375385284424 
vt 0.7744380831718445 0.7858616709709167 
vt 0.7793096303939819 0.7833074331283569 
vt 0.7847610712051392 0.7804693579673767 
vt 0.7910245060920715 0.7769690752029419 
vt 0.798679769039154 0.7721443772315979 
vt 0.8085388541221619 0.7655222415924072 
vt 0.820833683013916 0.7564404010772705 
vt 0.8351002931594849 0.7445205450057983 
vt 0.8504108786582947 0.7292895913124084 
vt 0.8660693764686584 0.7105584144592285 
vt 0.8813799023628235 0.6882323026657104 
vt 0.8955305814743042 0.6630681157112122 
vt 0.9081733822822571 0.6356335282325745 
vt 0.9187284111976624 0.6071583032608032 
vt 0.9269636273384094 0.5784938335418701 
vt 0.9331110119819641 0.5500186085700989 
vt 0.9370546340942383 0.521827220916748 
vt 0.9390264749526978 0.4942033886909485 
vt 0.9389104843139648 0.4670525789260864 
vt 0.9368226528167725 0.4398071765899658 
vt 0.9326470494270325 0.4118049740791321 
vt 0.9260357022285461 0.38238370418548584 
vt 0.91664057970047 0.3510704040527344 
vt 0.9043457508087158 0.3194733262062073 
vt 0.8894991874694824 0.2892952561378479 
vt 0.8724488019943237 0.2622390389442444 
vt 0.854122519493103 0.23953454196453094 
vt 0.8357962369918823 0.22156013548374176 
vt 0.8185138702392578 0.2080320417881012 
vt 0.8038992881774902 0.19895023107528687 
vt 0.7926483154296875 0.1939363181591034 
vt 0.7836012244224548 0.19128747284412384 
vt 0.7752500176429749 0.18930082023143768 
vt 0.7671307921409607 0.18759799003601074 
vt 0.7595914602279663 0.18617895245552063 
vt 0.7528641223907471 0.1854221373796463 
vt 0.7476446032524109 0.18580053746700287 
vt 0.7437009811401367 0.1868411749601364 
vt 0.7406852841377258 0.1881655901670456 
vt 0.7380174994468689 0.1895846277475357 
vt 0.7352337837219238 0.19053064286708832 
vt 0.7323340773582458 0.19128747284412384 
vt 0.7294343113899231 0.19176048040390015 
vt 0.7261866331100464 0.19204428791999817 
vt 0.7228229641914368 0.19223348796367645 
vt 0.7191113233566284 0.19204428791999817 
vt 0.7149357199668884 0.1918550729751587 
vt 0.710064172744751 0.1921388804912567 
vt 0.7041487097740173 0.19355791807174683 
vt 0.6970734000205994 0.19658517837524414 
vt 0.6883742213249207 0.20150449872016907 
vt 0.6785151958465576 0.20812663435935974 
vt 0.6676121950149536 0.21616782248020172 
vt 0.6562452912330627 0.22553342580795288 
vt 0.644646406173706 0.2364126741886139 
vt 0.6326994895935059 0.24946776032447815 
vt 0.6209846138954163 0.2655501067638397 
vt 0.6097337007522583 0.28522735834121704 
vt 0.6146052479743958 0.2923225164413452 
vt 0.6251602172851562 0.2735912799835205 
vt 0.6365271210670471 0.258360356092453 
vt 0.6480100750923157 0.24615667760372162 
vt 0.6593769788742065 0.23603425920009613 
vt 0.6703959107398987 0.2274254709482193 
vt 0.680950939655304 0.22014111280441284 
vt 0.690578043460846 0.21399196982383728 
vt 0.6992772221565247 0.20935647189617157 
vt 0.7067005038261414 0.20604538917541504 
vt 0.7007850408554077 0.2253442257642746 
vt 0.6923178434371948 0.22960132360458374 
vt 0.6831547021865845 0.2348044365644455 
vt 0.6731796860694885 0.24123737215995789 
vt 0.6626246571540833 0.2489001452922821 
vt 0.6516057252883911 0.25798195600509644 
vt 0.6404708027839661 0.26905038952827454 
vt 0.6295678019523621 0.2830514907836914 
vt 0.6195927262306213 0.30045828223228455 
vt 0.6054421067237854 0.31502699851989746 
vt 0.5979028344154358 0.3405695855617523 
vt 0.5923353433609009 0.3678149878978729 
vt 0.5883917212486267 0.3959118127822876 
vt 0.5859559178352356 0.42372483015060425 
vt 0.5847960710525513 0.45115944743156433 
vt 0.5849120616912842 0.478026419878006 
vt 0.5860719084739685 0.5040420293807983 
vt 0.5881597399711609 0.5291115641593933 
vt 0.5911754369735718 0.5538973212242126 
vt 0.5954670310020447 0.578683078289032 
vt 0.6013824939727783 0.6040364503860474 
vt 0.6091537475585938 0.6300520300865173 
vt 0.6187808513641357 0.6558783650398254 
vt 0.6300317645072937 0.6801910996437073 
vt 0.6424425840377808 0.7018550038337708 
vt 0.6553173661231995 0.7200186252593994 
vt 0.6681921482086182 0.7346819043159485 
vt 0.6802549958229065 0.7461287975311279 
vt 0.6909260153770447 0.7547375559806824 
vt 0.6999731063842773 0.761170506477356 
vt 0.7076284289360046 0.7657114267349243 
vt 0.7141237854957581 0.7691171169281006 
vt 0.7200392484664917 0.7716713547706604 
vt 0.7256066799163818 0.7739418148994446 
vt 0.7307102084159851 0.7759284377098083 
vt 0.7353497743606567 0.7775366902351379 
vt 0.7394093871116638 0.7789556980133057 
vt 0.7428890466690063 0.7799963355064392 
vt 0.7457888126373291 0.7807531356811523 
vt 0.7482245564460754 0.7813207507133484 
vt 0.7505443096160889 0.7816045880317688 
vt 0.7528641223907471 0.7816991806030273 
vt 0.7551838755607605 0.7814153432846069 
vt 0.7579676508903503 0.7808477282524109 
vt 0.7610993385314941 0.7798071503639221 
vt 0.7649269700050354 0.7782934904098511 
vt 0.7693345546722412 0.7764014601707458 
vt 0.7740901112556458 0.7742255926132202 
vt 0.7793096303939819 0.7716713547706604 
vt 0.7848770618438721 0.7689278721809387 
vt 0.7911404967308044 0.7654275894165039 
vt 0.798795759677887 0.7607921361923218 
vt 0.808306872844696 0.7543591856956482 
vt 0.8200217485427856 0.7455611824989319 
vt 0.8334764838218689 0.7340196967124939 
vt 0.8479750752449036 0.7194510102272034 
vt 0.8627057075500488 0.7015711665153503 
vt 0.8769723176956177 0.6803803443908691 
vt 0.890311062335968 0.6563513875007629 
vt 0.9021419882774353 0.630335807800293 
vt 0.9121170043945312 0.6030904054641724 
vt 0.9200042486190796 0.5755612254142761 
vt 0.9259197115898132 0.5479373931884766 
vt 0.9297473430633545 0.520691990852356 
vt 0.9317191243171692 0.493730366230011 
vt 0.931603193283081 0.4674310088157654 
vt 0.9296313524246216 0.44103699922561646 
vt 0.9256877303123474 0.41407540440559387 
vt 0.919424295425415 0.38588398694992065 
vt 0.9106091856956482 0.3561789393424988 
vt 0.8993582129478455 0.3262846767902374 
vt 0.8855555057525635 0.29771482944488525 
vt 0.8697810173034668 0.2721722722053528 
vt 0.852846622467041 0.2509813904762268 
vt 0.8356802463531494 0.23404762148857117 
vt 0.819557785987854 0.22127632796764374 
vt 0.8052911162376404 0.21238373219966888 
vt 0.7938082218170166 0.2070860117673874 
vt 0.7841811180114746 0.20396414399147034 
vt 0.7754819989204407 0.2017883062362671 
vt 0.7671307921409607 0.20008546113967896 
vt 0.7592434883117676 0.19895023107528687 
vt 0.7522841691970825 0.19847722351551056 
vt 0.7467166781425476 0.19895023107528687 
vt 0.7425410747528076 0.20008546113967896 
vt 0.7395253777503967 0.20150449872016907 
vt 0.7370896339416504 0.2027343213558197 
vt 0.7348858118057251 0.20368033647537231 
vt 0.7326820492744446 0.20424795150756836 
vt 0.7303622364997864 0.20462636649608612 
vt 0.72792649269104 0.2048155665397644 
vt 0.7250267267227173 0.20462636649608612 
vt 0.7217790484428406 0.20424795150756836 
vt 0.7178354263305664 0.20396414399147034 
vt 0.712847888469696 0.2043425589799881 
vt 0.7083243131637573 0.22222235798835754 
vt 0.7013649940490723 0.24464304745197296 
vt 0.693361759185791 0.24814333021640778 
vt 0.6846625804901123 0.25249502062797546 
vt 0.675383448600769 0.25779274106025696 
vt 0.665524423122406 0.26422569155693054 
vt 0.6549693942070007 0.2719830572605133 
vt 0.6441824436187744 0.2816324830055237 
vt 0.633859395980835 0.2937415540218353 
vt 0.6246962547302246 0.3091616928577423 
vt 0.6111255288124084 0.3216491639614105 
vt 0.6043981909751892 0.3458673059940338 
vt 0.5994106531143188 0.37178826332092285 
vt 0.5960469841957092 0.3986552655696869 
vt 0.5940752029418945 0.4254276752471924 
vt 0.5932632684707642 0.452010840177536 
vt 0.59349524974823 0.478026419878006 
vt 0.5947710871696472 0.5033798217773438 
vt 0.5968589186668396 0.5277871489524841 
vt 0.5998746156692505 0.5516268610954285 
vt 0.6039342284202576 0.5753719806671143 
vt 0.6092697381973267 0.5994009375572205 
vt 0.6163450479507446 0.6238082647323608 
vt 0.6248122453689575 0.647837221622467 
vt 0.6347873210906982 0.6703525185585022 
vt 0.6456902623176575 0.6905027627944946 
vt 0.657173216342926 0.7073419094085693 
vt 0.6686561107635498 0.7211538553237915 
vt 0.6796750426292419 0.7320330739021301 
vt 0.6895341277122498 0.7403580546379089 
vt 0.6981173157691956 0.7465071678161621 
vt 0.7055405974388123 0.7509534955024719 
vt 0.7121520042419434 0.7541699409484863 
vt 0.718299388885498 0.7566295862197876 
vt 0.7240988612174988 0.7588054537773132 
vt 0.729550302028656 0.7606028914451599 
vt 0.7345378398895264 0.762116551399231 
vt 0.7388294339179993 0.7633463740348816 
vt 0.7424250841140747 0.7642923593521118 
vt 0.7453248500823975 0.7650492191314697 
vt 0.7477605938911438 0.7654275894165039 
vt 0.750080406665802 0.7657114267349243 
vt 0.7521681785583496 0.7658060193061829 
vt 0.7544879913330078 0.7656168341636658 
vt 0.7572717070579529 0.7650492191314697 
vt 0.7605193853378296 0.7641031742095947 
vt 0.7645789980888367 0.7627787590026855 
vt 0.7692185640335083 0.7609813213348389 
vt 0.7744380831718445 0.7589946389198303 
vt 0.7798895239830017 0.7566295862197876 
vt 0.7856889963150024 0.7539807558059692 
vt 0.7920684218406677 0.7506696581840515 
vt 0.7996076941490173 0.746317982673645 
vt 0.8086548447608948 0.7401688694953918 
vt 0.8196737766265869 0.731843888759613 
vt 0.8322005867958069 0.7209646105766296 
vt 0.8455393314361572 0.7073419094085693 
vt 0.8591100573539734 0.6906919479370117 
vt 0.872100830078125 0.6709201335906982 
vt 0.8841636776924133 0.6484994292259216 
vt 0.8949506282806396 0.6241866946220398 
vt 0.9042297601699829 0.5984548926353455 
vt 0.9117690324783325 0.5722501277923584 
vt 0.9174525141716003 0.5457615256309509 
vt 0.9212801456451416 0.5193675756454468 
vt 0.9231359958648682 0.4933519661426544 
vt 0.9231359958648682 0.4677148163318634 
vt 0.9213961362838745 0.4422668516635895 
vt 0.9176844954490662 0.4164404571056366 
vt 0.9120010137557983 0.38976266980171204 
vt 0.90411376953125 0.3619496524333954 
vt 0.8940227031707764 0.33413663506507874 
vt 0.8816118836402893 0.30783724784851074 
vt 0.8676932454109192 0.2844705283641815 
vt 0.8524986505508423 0.26517170667648315 
vt 0.8371881246566772 0.24994076788425446 
vt 0.822457492351532 0.23830470442771912 
vt 0.8090028166770935 0.2299797236919403 
vt 0.7976358532905579 0.22449280321598053 
vt 0.787544846534729 0.22099252045154572 
vt 0.7783817052841187 0.218627467751503 
vt 0.7696825265884399 0.2170192450284958 
vt 0.7614473104476929 0.2158840149641037 
vt 0.7540240287780762 0.2154110074043274 
vt 0.7478765845298767 0.21560020744800568 
vt 0.7430050373077393 0.21626241505146027 
vt 0.7396413683891296 0.2170192450284958 
vt 0.7373216152191162 0.21758684515953064 
vt 0.7353497743606567 0.21805986762046814 
vt 0.7336099147796631 0.2184382677078247 
vt 0.7318701148033142 0.21872207522392273 
vt 0.7298982739448547 0.21900588274002075 
vt 0.7274625301361084 0.21919508278369904 
vt 0.7242148518562317 0.21919508278369904 
vt 0.7200392484664917 0.21938428282737732 
vt 0.7148197293281555 0.2202357053756714 
vt 0.708788275718689 0.24189959466457367 
vt 0.7010170221328735 0.2666853368282318 
vt 0.693361759185791 0.2694287896156311 
vt 0.6854745149612427 0.27273988723754883 
vt 0.6768913269042969 0.2769969701766968 
vt 0.6676121950149536 0.2821054756641388 
vt 0.65752112865448 0.28844383358955383 
vt 0.6471981406211853 0.2962011992931366 
vt 0.6375710368156433 0.3056614100933075 
vt 0.6294518113136292 0.3178650736808777 
vt 0.617156982421875 0.32836592197418213 
vt 0.6113575100898743 0.3508812189102173 
vt 0.6070659160614014 0.3753831386566162 
vt 0.6041662096977234 0.4010203182697296 
vt 0.6025424003601074 0.4268466830253601 
vt 0.6019624471664429 0.452673077583313 
vt 0.6025424003601074 0.478026419878006 
vt 0.6038182377815247 0.5027175545692444 
vt 0.60602205991745 0.526462733745575 
vt 0.6089217662811279 0.5494509935379028 
vt 0.6127493977546692 0.5722501277923584 
vt 0.6177369356155396 0.5948600172996521 
vt 0.6240003108978271 0.6175644993782043 
vt 0.6313076615333557 0.6397014260292053 
vt 0.6396588683128357 0.6602301001548767 
vt 0.648822009563446 0.6783936619758606 
vt 0.6585650444030762 0.6932461857795715 
vt 0.6685401201248169 0.7053552865982056 
vt 0.6782832145690918 0.7151938676834106 
vt 0.6873303055763245 0.7229512929916382 
vt 0.6954495906829834 0.7287219762802124 
vt 0.7026408910751343 0.7329791188240051 
vt 0.7092522382736206 0.7360063791275024 
vt 0.715515673160553 0.7383714318275452 
vt 0.7215470671653748 0.7403580546379089 
vt 0.7273465394973755 0.7419663071632385 
vt 0.7325660586357117 0.7432907223701477 
vt 0.7370896339416504 0.7443313598632812 
vt 0.7408012747764587 0.7450881600379944 
vt 0.7439329624176025 0.7456557750701904 
vt 0.7468326687812805 0.7460342049598694 
vt 0.7495004534721375 0.7462233901023865 
vt 0.7520521879196167 0.7462233901023865 
vt 0.7547199130058289 0.7459395527839661 
vt 0.7575036883354187 0.7454665899276733 
vt 0.7609833478927612 0.7447097301483154 
vt 0.7652749419212341 0.7435745000839233 
vt 0.7701464891433716 0.7420608997344971 
vt 0.7755979895591736 0.7402634620666504 
vt 0.7813974022865295 0.7381821870803833 
vt 0.7874288558959961 0.7358171343803406 
vt 0.7938082218170166 0.7328844666481018 
vt 0.8012315034866333 0.728816568851471 
vt 0.809930682182312 0.7231404781341553 
vt 0.8201377391815186 0.715477705001831 
vt 0.8316206336021423 0.7057336568832397 
vt 0.8435674905776978 0.693719208240509 
vt 0.855398416519165 0.6789612770080566 
vt 0.8667653203010559 0.6610814929008484 
vt 0.8772042989730835 0.6404582262039185 
vt 0.8868314027786255 0.6178483366966248 
vt 0.8951826095581055 0.5938193798065186 
vt 0.9021419882774353 0.5689390301704407 
vt 0.9075934290885925 0.5436803102493286 
vt 0.9114210605621338 0.5182323455810547 
vt 0.9133929014205933 0.49297356605529785 
vt 0.9136248826980591 0.4681878089904785 
vt 0.9121170043945312 0.4434966742992401 
vt 0.9088693261146545 0.4188055098056793 
vt 0.9037657976150513 0.3936413526535034 
vt 0.8969224691390991 0.3678149878978729 
vt 0.8882232904434204 0.34227243065834045 
vt 0.877784252166748 0.3185272812843323 
vt 0.8658373951911926 0.2978094220161438 
vt 0.8530786037445068 0.28134867548942566 
vt 0.8397398591041565 0.2684827744960785 
vt 0.8267490863800049 0.2585495710372925 
vt 0.8143382668495178 0.25107598304748535 
vt 0.8032033443450928 0.2456836700439453 
vt 0.7929962873458862 0.24199418723583221 
vt 0.7834852337837219 0.23953454196453094 
vt 0.7744380831718445 0.2378316968679428 
vt 0.7658548951148987 0.23669648170471191 
vt 0.7580836415290833 0.2359396517276764 
vt 0.7513562440872192 0.23565584421157837 
vt 0.7460207939147949 0.23556125164031982 
vt 0.7421931028366089 0.23546664416790009 
vt 0.7394093871116638 0.23537205159664154 
vt 0.7372056245803833 0.23537205159664154 
vt 0.7352337837219238 0.23546664416790009 
vt 0.733377993106842 0.23584505915641785 
vt 0.7312901616096497 0.2364126741886139 
vt 0.7288544178009033 0.23707488179206848 
vt 0.7256066799163818 0.2378316968679428 
vt 0.721199095249176 0.23868311941623688 
vt 0.715515673160553 0.24000754952430725 
vt 0.7082083225250244 0.26450949907302856 
vt 0.7000890970230103 0.2910926938056946 
vt 0.6930137872695923 0.2931739389896393 
vt 0.6855905055999756 0.29563358426094055 
vt 0.6775872707366943 0.2987554371356964 
vt 0.6687721014022827 0.3026341497898102 
vt 0.6589130163192749 0.3075534403324127 
vt 0.648938000202179 0.3132295608520508 
vt 0.6396588683128357 0.3194733262062073 
vt 0.6330474615097046 0.32467642426490784 
vt 0.6234204173088074 0.33442044258117676 
vt 0.6188968420028687 0.35494908690452576 
vt 0.6154171228408813 0.3781266212463379 
vt 0.6130973696708679 0.4028177559375763 
vt 0.611705482006073 0.4279819130897522 
vt 0.6114735007286072 0.45305147767066956 
vt 0.6120534539222717 0.47793182730674744 
vt 0.6134453415870667 0.5019607543945312 
vt 0.6156491041183472 0.525138258934021 
vt 0.618432879447937 0.5474643707275391 
vt 0.6221445202827454 0.5692228674888611 
vt 0.6265521049499512 0.5907921195030212 
vt 0.6320036053657532 0.6120775938034058 
vt 0.638034999370575 0.6326062679290771 
vt 0.6445304155349731 0.6513375043869019 
vt 0.6516057252883911 0.6669468283653259 
vt 0.6593769788742065 0.6785829067230225 
vt 0.6678441762924194 0.68794846534729 
vt 0.6763113737106323 0.6961788535118103 
vt 0.6844305992126465 0.7029902338981628 
vt 0.6919698715209961 0.7082879543304443 
vt 0.6990452408790588 0.7121666073799133 
vt 0.7056565880775452 0.7150046825408936 
vt 0.7119200229644775 0.7171805500984192 
vt 0.7180674076080322 0.7188833951950073 
vt 0.7239828705787659 0.7203969955444336 
vt 0.7293183207511902 0.7215322256088257 
vt 0.7339578866958618 0.7223836779594421 
vt 0.737901508808136 0.7230458855628967 
vt 0.7413812279701233 0.7234242558479309 
vt 0.7450928688049316 0.7237080931663513 
vt 0.7489205002784729 0.7238972783088684 
vt 0.7526321411132812 0.7237080931663513 
vt 0.7562277913093567 0.7234242558479309 
vt 0.7594754695892334 0.7229512929916382 
vt 0.7630711197853088 0.7222890257835388 
vt 0.7674787044525146 0.72124844789505 
vt 0.7725822329521179 0.7200186252593994 
vt 0.7781497240066528 0.7185049653053284 
vt 0.7840651273727417 0.7168021202087402 
vt 0.7900965809822083 0.7148154973983765 
vt 0.7965919971466064 0.7121666073799133 
vt 0.8037832975387573 0.7086663246154785 
vt 0.8120185136795044 0.7036524415016174 
vt 0.8215296268463135 0.6969357132911682 
vt 0.8318526148796082 0.6887999176979065 
vt 0.8422916531562805 0.6794342994689941 
vt 0.8521506786346436 0.6678928732872009 
vt 0.8609658479690552 0.6522834897041321 
vt 0.8694330453872681 0.6333630681037903 
vt 0.8776682615280151 0.6122668385505676 
vt 0.8850916028022766 0.5895622968673706 
vt 0.8914709687232971 0.5659117698669434 
vt 0.8966904878616333 0.5416936278343201 
vt 0.9004021286964417 0.5171917080879211 
vt 0.9024899005889893 0.4927843511104584 
vt 0.9029538631439209 0.468660831451416 
vt 0.9017940163612366 0.44472649693489075 
vt 0.8991262316703796 0.42098137736320496 
vt 0.8948346376419067 0.39695242047309875 
vt 0.8890352249145508 0.3728289008140564 
vt 0.8818438649177551 0.3494621813297272 
vt 0.8734926581382751 0.32817670702934265 
vt 0.8643295168876648 0.31067532300949097 
vt 0.8542385101318359 0.2982824444770813 
vt 0.843219518661499 0.28872764110565186 
vt 0.8317366242408752 0.28087565302848816 
vt 0.8204857110977173 0.2745373249053955 
vt 0.8096987009048462 0.2696180045604706 
vt 0.7994917035102844 0.2659285366535187 
vt 0.7898645997047424 0.26327967643737793 
vt 0.7805854678153992 0.2613876163959503 
vt 0.7717702984809875 0.26006320118904114 
vt 0.7638830542564392 0.25921177864074707 
vt 0.7569237351417542 0.2585495710372925 
vt 0.7513562440872192 0.258076548576355 
vt 0.7472966313362122 0.25750893354415894 
vt 0.7439329624176025 0.25703591108322144 
vt 0.7408012747764587 0.25684672594070435 
vt 0.7376695275306702 0.2569413185119629 
vt 0.7345378398895264 0.25750893354415894 
vt 0.7316381335258484 0.258360356092453 
vt 0.7287384271621704 0.2593063712120056 
vt 0.7252587080001831 0.26034700870513916 
vt 0.7206192016601562 0.26148223876953125 
vt 0.7148197293281555 0.26280665397644043 
vt 0.707164466381073 0.289484441280365 
vt 0.7136598229408264 0.2880654036998749 
vt 0.7195752859115601 0.2867409884929657 
vt 0.7243308424949646 0.28570035099983215 
vt 0.728042483329773 0.284659743309021 
vt 0.7316381335258484 0.28361910581588745 
vt 0.7358137369155884 0.2825784981250763 
vt 0.74045330286026 0.28182166814804077 
vt 0.7452088594436646 0.2816324830055237 
vt 0.7496164441108704 0.28182166814804077 
vt 0.7535600662231445 0.2823892831802368 
vt 0.7578516602516174 0.28295689821243286 
vt 0.7634190917015076 0.28361910581588745 
vt 0.7703784704208374 0.284375935792923 
vt 0.7782657146453857 0.28541654348373413 
vt 0.7870808839797974 0.28683558106422424 
vt 0.7964760065078735 0.28891682624816895 
vt 0.8063350319862366 0.2916603088378906 
vt 0.8164260983467102 0.29516056180000305 
vt 0.8267490863800049 0.2994176745414734 
vt 0.8371881246566772 0.3045261800289154 
vt 0.8472791910171509 0.31020230054855347 
vt 0.8565582633018494 0.315783828496933 
vt 0.8631696701049805 0.3202301263809204 
vt 0.8682731986045837 0.3343258500099182 
vt 0.8609658479690552 0.3349880576133728 
vt 0.8520346879959106 0.33233919739723206 
vt 0.8424076437950134 0.32864972949028015 
vt 0.8324325680732727 0.3247710168361664 
vt 0.8223415017127991 0.32127076387405396 
vt 0.8123664855957031 0.3181488811969757 
vt 0.8026233911514282 0.3155946135520935 
vt 0.793228268623352 0.3135133683681488 
vt 0.7845290899276733 0.3120943605899811 
vt 0.776641845703125 0.310959130525589 
vt 0.7696825265884399 0.31020230054855347 
vt 0.7639990448951721 0.3095400929450989 
vt 0.7591274976730347 0.30897247791290283 
vt 0.7544879913330078 0.30859407782554626 
vt 0.7491524815559387 0.30849945545196533 
vt 0.743353009223938 0.30878326296806335 
vt 0.7376695275306702 0.3095400929450989 
vt 0.7325660586357117 0.31058070063591003 
vt 0.7281584739685059 0.31152674555778503 
vt 0.7239828705787659 0.3125673532485962 
vt 0.7188793420791626 0.31360799074172974 
vt 0.712847888469696 0.3147432208061218 
vt 0.7062365412712097 0.31597304344177246 
vt 0.6993932127952576 0.31729745864868164 
vt 0.6925498247146606 0.3188110888004303 
vt 0.6853585243225098 0.3207031488418579 
vt 0.6777032613754272 0.3229735791683197 
vt 0.6690040826797485 0.3258116543292999 
vt 0.6592609882354736 0.32931193709373474 
vt 0.648938000202179 0.3330960273742676 
vt 0.639194905757904 0.33669090270996094 
vt 0.6304957270622253 0.337826132774353 
vt 0.6274800300598145 0.3573141396045685 
vt 0.6249282360076904 0.3797348439693451 
vt 0.6229564547538757 0.40385839343070984 
vt 0.6219125390052795 0.42854952812194824 
vt 0.6217965483665466 0.45324069261550903 
vt 0.6223765015602112 0.4776480197906494 
vt 0.6237683296203613 0.5012039542198181 
vt 0.6257401704788208 0.5237192511558533 
vt 0.6282919049263 0.5453831553459167 
vt 0.6315396428108215 0.566573977470398 
vt 0.6354832649230957 0.587386429309845 
vt 0.6401228308677673 0.6080096960067749 
vt 0.6451103091239929 0.6277815699577332 
vt 0.6498658657073975 0.6457559466362 
vt 0.6534615159034729 0.6586218476295471 
vt 0.658797025680542 0.6629735231399536 
vt 0.6659883260726929 0.6689334511756897 
vt 0.6736436486244202 0.6750826239585876 
vt 0.6811829209327698 0.6807587146759033 
vt 0.6883742213249207 0.6852050423622131 
vt 0.6952176094055176 0.6886107325553894 
vt 0.7018289566040039 0.6911649703979492 
vt 0.7082083225250244 0.693151593208313 
vt 0.7144717574119568 0.6947598457336426 
vt 0.7203872203826904 0.6960842609405518 
vt 0.7258386611938477 0.6971248984336853 
vt 0.7305942177772522 0.6978816986083984 
vt 0.7346538305282593 0.6983547210693359 
vt 0.7387134432792664 0.6987331509590149 
vt 0.7434689998626709 0.6990169286727905 
vt 0.7485725283622742 0.6990169286727905 
vt 0.7536760568618774 0.6988277435302734 
vt 0.7581996321678162 0.6983547210693359 
vt 0.7621432542800903 0.6978816986083984 
vt 0.7659708857536316 0.6972194910049438 
vt 0.7704944610595703 0.6963680982589722 
vt 0.7757139205932617 0.6953274607658386 
vt 0.7813974022865295 0.694097638130188 
vt 0.7873128652572632 0.6926785707473755 
vt 0.7934602499008179 0.6909757852554321 
vt 0.7999556660652161 0.688894510269165 
vt 0.807030975818634 0.6858672499656677 
vt 0.8149182200431824 0.6817993521690369 
vt 0.8239653706550598 0.6763124465942383 
vt 0.8335924744606018 0.6701632738113403 
vt 0.8428716063499451 0.6642033457756042 
vt 0.8498309254646301 0.6597570776939392 
vt 0.8544704914093018 0.646891176700592 
vt 0.6373390555381775 0.3571249544620514 
vt 0.8462352752685547 0.6467965841293335 
vt 0.8369561433792114 0.6498238444328308 
vt 0.8275610208511353 0.6538917422294617 
vt 0.8186298608779907 0.6577703952789307 
vt 0.8107426166534424 0.6608923077583313 
vt 0.8036673069000244 0.6631627678871155 
vt 0.7970559000968933 0.6648655533790588 
vt 0.7909085154533386 0.6662846207618713 
vt 0.7847610712051392 0.667514443397522 
vt 0.7789616584777832 0.6685550808906555 
vt 0.7735101580619812 0.6695010662078857 
vt 0.7687546014785767 0.6702579259872437 
vt 0.7644630074501038 0.6709201335906982 
vt 0.7598234415054321 0.671393096446991 
vt 0.7544879913330078 0.6718661189079285 
vt 0.7484565377235413 0.6721499562263489 
vt 0.7424250841140747 0.6720553636550903 
vt 0.7369736433029175 0.6718661189079285 
vt 0.7324500679969788 0.6714877486228943 
vt 0.728042483329773 0.6710147261619568 
vt 0.7230549454689026 0.6703525185585022 
vt 0.7174874544143677 0.6694064736366272 
vt 0.7114560604095459 0.6681766510009766 
vt 0.7050766348838806 0.6667576432228088 
vt 0.6984652876853943 0.6649602055549622 
vt 0.6917378902435303 0.6627843379974365 
vt 0.6847785711288452 0.6600408554077148 
vt 0.6777032613754272 0.65654057264328 
vt 0.6705119013786316 0.6524726748466492 
vt 0.6632046103477478 0.6484048366546631 
vt 0.6561293005943298 0.6455667614936829 
vt 0.6523016691207886 0.6261733174324036 
vt 0.6482420563697815 0.6057392954826355 
vt 0.6442984342575073 0.5849267840385437 
vt 0.6410506963729858 0.5642089247703552 
vt 0.6382669806480408 0.5434910655021667 
vt 0.6360632181167603 0.5223002433776855 
vt 0.6344393491744995 0.5002579092979431 
vt 0.6333954334259033 0.4771750271320343 
vt 0.6329314708709717 0.4531460702419281 
vt 0.6331634521484375 0.4287387430667877 
vt 0.6340913772583008 0.4042367935180664 
vt 0.6355992555618286 0.3800186514854431 
vt 0.6480100750923157 0.3553275167942047 
vt 0.658797025680542 0.35305705666542053 
vt 0.6468501687049866 0.37926185131073 
vt 0.6456902623176575 0.40385839343070984 
vt 0.6448783278465271 0.42854952812194824 
vt 0.6445304155349731 0.4528622627258301 
vt 0.644646406173706 0.47660741209983826 
vt 0.6452262997627258 0.4993118941783905 
vt 0.6463862061500549 0.520881175994873 
vt 0.6480100750923157 0.5416936278343201 
vt 0.6502138376235962 0.56231689453125 
vt 0.6528816223144531 0.5833185911178589 
vt 0.6561293005943298 0.6049824357032776 
vt 0.6597249507904053 0.6269301176071167 
vt 0.667148232460022 0.6289168000221252 
vt 0.6639005541801453 0.605266273021698 
vt 0.6611168384552002 0.5824671387672424 
vt 0.6590290069580078 0.5609924793243408 
vt 0.6574051976203918 0.5402746200561523 
vt 0.6563612818717957 0.5196513533592224 
vt 0.6556653380393982 0.49846047163009644 
vt 0.6554333567619324 0.4760397970676422 
vt 0.6556653380393982 0.4524838626384735 
vt 0.6561293005943298 0.4281711280345917 
vt 0.6569412350654602 0.40319615602493286 
vt 0.6578691005706787 0.3779374063014984 
vt 0.6686561107635498 0.3506920039653778 
vt 0.6773552894592285 0.34870535135269165 
vt 0.6680761575698853 0.3765183687210083 
vt 0.6672642230987549 0.4023447632789612 
vt 0.6664522886276245 0.42760351300239563 
vt 0.6657564043998718 0.452010840177536 
vt 0.6654084324836731 0.47537755966186523 
vt 0.6652924418449402 0.4977036714553833 
vt 0.665524423122406 0.5187999606132507 
vt 0.6662203073501587 0.5393285751342773 
vt 0.6673802137374878 0.5601410269737244 
vt 0.6691200733184814 0.5822779536247253 
vt 0.6714398264884949 0.6063068509101868 
vt 0.6744555234909058 0.6313764452934265 
vt 0.6816468834877014 0.6337414979934692 
vt 0.6788631081581116 0.6075367331504822 
vt 0.676775336265564 0.5826563835144043 
vt 0.675383448600769 0.5599518418312073 
vt 0.6744555234909058 0.5388555526733398 
vt 0.6739916205406189 0.5182323455810547 
vt 0.673875629901886 0.49713605642318726 
vt 0.6741076111793518 0.4749045670032501 
vt 0.6745715141296387 0.45144325494766235 
vt 0.6752674579620361 0.42694130539894104 
vt 0.6760793924331665 0.4014933407306671 
vt 0.676775336265564 0.3751939535140991 
vt 0.685010552406311 0.34709712862968445 
vt 0.6919698715209961 0.34567809104919434 
vt 0.6844305992126465 0.3739641308784485 
vt 0.683734655380249 0.4005473256111145 
vt 0.6830387115478516 0.4261844754219055 
vt 0.6823428273200989 0.4508756399154663 
vt 0.6818788647651672 0.4744315445423126 
vt 0.6816468834877014 0.4967576563358307 
vt 0.6816468834877014 0.5179485082626343 
vt 0.6821108460426331 0.5387609601020813 
vt 0.6829227209091187 0.5602356791496277 
vt 0.6843146085739136 0.5833185911178589 
vt 0.6861704587936401 0.6088611483573914 
vt 0.6887221932411194 0.635728120803833 
vt 0.6956815123558044 0.6375255584716797 
vt 0.693361759185791 0.6101855635643005 
vt 0.6916218996047974 0.5842645764350891 
vt 0.6903460621833801 0.5607086420059204 
vt 0.6895341277122498 0.5389502048492432 
vt 0.6890701651573181 0.5178539156913757 
vt 0.6889541745185852 0.49647384881973267 
vt 0.6890701651573181 0.4739585518836975 
vt 0.6895341277122498 0.45021340250968933 
vt 0.6901140809059143 0.4255222678184509 
vt 0.6908100247383118 0.39969590306282043 
vt 0.6913899183273315 0.37292349338531494 
vt 0.698813259601593 0.3444482684135437 
vt 0.7056565880775452 0.3433130383491516 
vt 0.6982333064079285 0.3718828856945038 
vt 0.697537362575531 0.39884448051452637 
vt 0.6969574093818665 0.4247654378414154 
vt 0.6964934468269348 0.4496457874774933 
vt 0.6961454749107361 0.47348552942276 
vt 0.6961454749107361 0.4962846338748932 
vt 0.696261465549469 0.5179485082626343 
vt 0.6967254281044006 0.5392339825630188 
vt 0.697537362575531 0.5612762570381165 
vt 0.698813259601593 0.5851160287857056 
vt 0.7003210783004761 0.6114153861999512 
vt 0.7024089097976685 0.6390392184257507 
vt 0.7090202569961548 0.6403636336326599 
vt 0.707164466381073 0.6124560236930847 
vt 0.7056565880775452 0.5859674215316772 
vt 0.704612672328949 0.5618438720703125 
vt 0.7038007974624634 0.5395178198814392 
vt 0.7034528255462646 0.5179485082626343 
vt 0.7032208442687988 0.4960954189300537 
vt 0.7032208442687988 0.47310712933540344 
vt 0.7034528255462646 0.44907820224761963 
vt 0.7039167284965515 0.4241032302379608 
vt 0.7043806910514832 0.3979930579662323 
vt 0.7050766348838806 0.3709368407726288 
vt 0.7122679948806763 0.34227243065834045 
vt 0.718415379524231 0.3412317931652069 
vt 0.7116880416870117 0.36999082565307617 
vt 0.7112240791320801 0.39714163541793823 
vt 0.7107601165771484 0.4233464300632477 
vt 0.7104121446609497 0.44860517978668213 
vt 0.7102961540222168 0.4728233218193054 
vt 0.7101801633834839 0.4959062337875366 
vt 0.7102961540222168 0.5179485082626343 
vt 0.7106441259384155 0.5398015975952148 
vt 0.7112240791320801 0.5624114871025085 
vt 0.7121520042419434 0.5867242217063904 
vt 0.7135438323020935 0.6134020090103149 
vt 0.7152836918830872 0.6414042711257935 
vt 0.7209671139717102 0.6422556638717651 
vt 0.7193433046340942 0.6141588687896729 
vt 0.7181833982467651 0.5872918367385864 
vt 0.7174874544143677 0.562884509563446 
vt 0.717139482498169 0.5400854349136353 
vt 0.717023491859436 0.5180431008338928 
vt 0.717023491859436 0.4958116114139557 
vt 0.717023491859436 0.4725395143032074 
vt 0.717139482498169 0.44813215732574463 
vt 0.7173714637756348 0.42277881503105164 
vt 0.7177194356918335 0.3963848054409027 
vt 0.7180674076080322 0.36904481053352356 
vt 0.7239828705787659 0.3402857780456543 
vt 0.7288544178009033 0.3393397629261017 
vt 0.7239828705787659 0.3681933879852295 
vt 0.723866879940033 0.3957225978374481 
vt 0.723866879940033 0.42230579257011414 
vt 0.7237508893013 0.44775375723838806 
vt 0.7236348986625671 0.4723502993583679 
vt 0.7236348986625671 0.4958116114139557 
vt 0.7234029173851013 0.5182323455810547 
vt 0.7234029173851013 0.5404638051986694 
vt 0.7235189080238342 0.5633575320243835 
vt 0.7239828705787659 0.587954044342041 
vt 0.7249107956886292 0.6148210763931274 
vt 0.7261866331100464 0.6429178714752197 
vt 0.7309421896934509 0.6434854865074158 
vt 0.7301302552223206 0.6152940988540649 
vt 0.729550302028656 0.5884270668029785 
vt 0.7294343113899231 0.5637359619140625 
vt 0.7296662926673889 0.5407476425170898 
vt 0.7298982739448547 0.5184215307235718 
vt 0.7302462458610535 0.4959062337875366 
vt 0.7303622364997864 0.4722557067871094 
vt 0.7303622364997864 0.4475645422935486 
vt 0.7302462458610535 0.42192739248275757 
vt 0.7298982739448547 0.3951549828052521 
vt 0.7294343113899231 0.36743658781051636 
vt 0.7338418960571289 0.3384883403778076 
vt 0.7397573590278625 0.33763691782951355 
vt 0.7352337837219238 0.3667743504047394 
vt 0.73627769947052 0.39468199014663696 
vt 0.7369736433029175 0.42164358496665955 
vt 0.7373216152191162 0.44746994972229004 
vt 0.7373216152191162 0.4723502993583679 
vt 0.7372056245803833 0.49600082635879517 
vt 0.7367416620254517 0.5187053084373474 
vt 0.73627769947052 0.5410314202308655 
vt 0.7358137369155884 0.5641143321990967 
vt 0.7355817556381226 0.5888054966926575 
vt 0.7355817556381226 0.6156724691390991 
vt 0.7360457181930542 0.6438639163970947 
vt 0.742077112197876 0.6440531015396118 
vt 0.7419611215591431 0.6159563064575195 
vt 0.7423090934753418 0.5889946818351746 
vt 0.7427730560302734 0.5643035173416138 
vt 0.7434689998626709 0.5412206053733826 
vt 0.7440489530563354 0.5188945531845093 
vt 0.7445129156112671 0.49619004130363464 
vt 0.7447448968887329 0.4723502993583679 
vt 0.7447448968887329 0.44746994972229004 
vt 0.7441649436950684 0.42145437002182007 
vt 0.7432370185852051 0.394303560256958 
vt 0.741729199886322 0.3661121428012848 
vt 0.7461367249488831 0.33697471022605896 
vt 0.7526321411132812 0.33659628033638 
vt 0.7486885190010071 0.36554452776908875 
vt 0.7505443096160889 0.39392516016960144 
vt 0.7518202066421509 0.42117056250572205 
vt 0.7524001598358154 0.4473753571510315 
vt 0.7525161504745483 0.4723502993583679 
vt 0.7522841691970825 0.49619004130363464 
vt 0.7518202066421509 0.5189891457557678 
vt 0.7511242628097534 0.5414098501205444 
vt 0.750312328338623 0.5644927620887756 
vt 0.7495004534721375 0.5890892744064331 
vt 0.7489205002784729 0.6159563064575195 
vt 0.7485725283622742 0.6440531015396118 
vt 0.7551838755607605 0.6438639163970947 
vt 0.7559958100318909 0.615861713886261 
vt 0.7569237351417542 0.5890892744064331 
vt 0.7579676508903503 0.5644927620887756 
vt 0.7588955163955688 0.541504442691803 
vt 0.7595914602279663 0.5189891457557678 
vt 0.7601714134216309 0.49619004130363464 
vt 0.7604033946990967 0.4722557067871094 
vt 0.7602874040603638 0.447186142206192 
vt 0.7594754695892334 0.420886754989624 
vt 0.7579676508903503 0.3935467600822449 
vt 0.7556478381156921 0.3651661276817322 
vt 0.7587795257568359 0.33650168776512146 
vt 0.764115035533905 0.3367854952812195 
vt 0.7622592449188232 0.3649769127368927 
vt 0.7650429606437683 0.39326295256614685 
vt 0.7668988108634949 0.420602947473526 
vt 0.7678266763687134 0.446902334690094 
vt 0.7680586576461792 0.47216111421585083 
vt 0.7678266763687134 0.4960954189300537 
vt 0.7672467231750488 0.5189891457557678 
vt 0.7664348483085632 0.5414098501205444 
vt 0.7652749419212341 0.5643981695175171 
vt 0.7639990448951721 0.588900089263916 
vt 0.762607216835022 0.6155778765678406 
vt 0.761215329170227 0.6434854865074158 
vt 0.7664348483085632 0.643012523651123 
vt 0.7684066295623779 0.6151048541069031 
vt 0.7703784704208374 0.5884270668029785 
vt 0.7720022797584534 0.5640197396278381 
vt 0.7732781767845154 0.541126012802124 
vt 0.7743220925331116 0.5187999606132507 
vt 0.775018036365509 0.49600082635879517 
vt 0.7752500176429749 0.47197189927101135 
vt 0.7749020457267761 0.4467131495475769 
vt 0.773742139339447 0.4204137623310089 
vt 0.7716543078422546 0.3930737376213074 
vt 0.768290638923645 0.3649769127368927 
vt 0.7693345546722412 0.33716389536857605 
vt 0.7753660082817078 0.3377315104007721 
vt 0.7740901112556458 0.3652607202529907 
vt 0.777917742729187 0.3931683599948883 
vt 0.7803534865379333 0.420319139957428 
vt 0.7816293835639954 0.4465239346027374 
vt 0.7819773554801941 0.4717826843261719 
vt 0.7816293835639954 0.49571701884269714 
vt 0.7809334397315979 0.5184215307235718 
vt 0.7797735929489136 0.5407476425170898 
vt 0.7782657146453857 0.5635467171669006 
vt 0.7762938737869263 0.5878594517707825 
vt 0.7738581299781799 0.6144426465034485 
vt 0.7713063955307007 0.6423502564430237 
vt 0.7765258550643921 0.6415934562683105 
vt 0.7794256210327148 0.6136858463287354 
vt 0.782093346118927 0.5871972441673279 
vt 0.7842971086502075 0.5629791021347046 
vt 0.7860369682312012 0.5402746200561523 
vt 0.7871968746185303 0.5180431008338928 
vt 0.7881247997283936 0.4954332113265991 
vt 0.7884727120399475 0.4715934991836548 
vt 0.7881247997283936 0.4465239346027374 
vt 0.7867329120635986 0.4204137623310089 
vt 0.7842971086502075 0.3933575451374054 
vt 0.7803534865379333 0.3656391501426697 
vt 0.7823253273963928 0.3384883403778076 
vt 0.7900965809822083 0.33943435549736023 
vt 0.7871968746185303 0.36620673537254333 
vt 0.7910245060920715 0.3938305675983429 
vt 0.7934602499008179 0.420602947473526 
vt 0.794620156288147 0.4465239346027374 
vt 0.7948521375656128 0.47149887681007385 
vt 0.7943881750106812 0.4951494038105011 
vt 0.7935762405395508 0.5176647305488586 
vt 0.7921844124794006 0.5397070050239563 
vt 0.790444552898407 0.56231689453125 
vt 0.7881247997283936 0.5864404439926147 
vt 0.7853410243988037 0.6129290461540222 
vt 0.7822093367576599 0.6406474709510803 
vt 0.7881247997283936 0.6397014260292053 
vt 0.7914884686470032 0.6119830012321472 
vt 0.7943881750106812 0.5856836438179016 
vt 0.7967079877853394 0.5616546869277954 
vt 0.7985637784004211 0.5392339825630188 
vt 0.7999556660652161 0.5172863006591797 
vt 0.8009995222091675 0.494960218667984 
vt 0.801579475402832 0.4714042842388153 
vt 0.801579475402832 0.4467131495475769 
vt 0.8005356192588806 0.42098137736320496 
vt 0.7983317971229553 0.39439818263053894 
vt 0.7948521375656128 0.3670581579208374 
vt 0.798679769039154 0.34085339307785034 
vt 0.8078429102897644 0.342650830745697 
vt 0.8030873537063599 0.3681933879852295 
vt 0.8063350319862366 0.395249605178833 
vt 0.8081908822059631 0.42164358496665955 
vt 0.8087708353996277 0.44709154963493347 
vt 0.8085388541221619 0.47149887681007385 
vt 0.8077269196510315 0.4948655962944031 
vt 0.8064510226249695 0.517002522945404 
vt 0.8049432039260864 0.5386663675308228 
vt 0.8030873537063599 0.5609924793243408 
vt 0.8006516098976135 0.5849267840385437 
vt 0.7977518439292908 0.6111316084861755 
vt 0.7943881750106812 0.6386607885360718 
vt 0.8007676005363464 0.6375255584716797 
vt 0.804131269454956 0.6101855635643005 
vt 0.8071469664573669 0.5841699838638306 
vt 0.8095827102661133 0.5603302717208862 
vt 0.8115545511245728 0.5381933450698853 
vt 0.8131784200668335 0.5166240930557251 
vt 0.8145702481269836 0.49477100372314453 
vt 0.8157301545143127 0.47168809175491333 
vt 0.8164260983467102 0.4475645422935486 
vt 0.8163101077079773 0.4224950075149536 
vt 0.8149182200431824 0.39647942781448364 
vt 0.8120185136795044 0.3698016405105591 
vt 0.8174700140953064 0.3449212908744812 
vt 0.8273290395736694 0.34757012128829956 
vt 0.8214136362075806 0.37159907817840576 
vt 0.8239653706550598 0.39789846539497375 
vt 0.8248932957649231 0.4233464300632477 
vt 0.8246613144874573 0.44813215732574463 
vt 0.8235014081001282 0.4718773066997528 
vt 0.8219935894012451 0.494676411151886 
vt 0.8203697204589844 0.516434907913208 
vt 0.8185138702392578 0.5378149747848511 
vt 0.8165420889854431 0.5598572492599487 
vt 0.8139902949333191 0.5834131836891174 
vt 0.8109745979309082 0.6092395186424255 
vt 0.8073789477348328 0.6362011432647705 
vt 0.8145702481269836 0.6345928907394409 
vt 0.818281888961792 0.6081989407539368 
vt 0.8215296268463135 0.5828455686569214 
vt 0.8241973519325256 0.5594788193702698 
vt 0.8264011144638062 0.5375311374664307 
vt 0.8284889459609985 0.5162456631660461 
vt 0.8303447961807251 0.49458178877830505 
vt 0.8322005867958069 0.47197189927101135 
vt 0.8335924744606018 0.4485105872154236 
vt 0.8340564370155334 0.4242924451828003 
vt 0.833360493183136 0.39922288060188293 
vt 0.8310406804084778 0.37358570098876953 
vt 0.8373041152954102 0.3502189815044403 
vt 0.847163200378418 0.352962464094162 
vt 0.8410157561302185 0.3755723536014557 
vt 0.843219518661499 0.40045270323753357 
vt 0.8440314531326294 0.42486006021499634 
vt 0.8434514999389648 0.4486997723579407 
vt 0.8420596718788147 0.4718773066997528 
vt 0.8400878310203552 0.49439260363578796 
vt 0.8380000591278076 0.516056478023529 
vt 0.8357962369918823 0.5375311374664307 
vt 0.8332445025444031 0.5593842267990112 
vt 0.8302288055419922 0.5824671387672424 
vt 0.826633095741272 0.6071583032608032 
vt 0.8226894736289978 0.6326062679290771 
vt 0.8317366242408752 0.6302412152290344 
vt 0.836144208908081 0.6061176657676697 
vt 0.8402038216590881 0.5823725461959839 
vt 0.8437994718551636 0.5596680641174316 
vt 0.8468152284622192 0.5377203822135925 
vt 0.8493669629096985 0.5159618854522705 
vt 0.851570725440979 0.494014173746109 
vt 0.8534265756607056 0.47149887681007385 
vt 0.8545864820480347 0.44841596484184265 
vt 0.8547024726867676 0.4250492453575134 
vt 0.8535425662994385 0.40130412578582764 
vt 0.8509908318519592 0.3771806061267853 
vt 0.8569062352180481 0.3550437092781067 
vt 0.8660693764686584 0.35589513182640076 
vt 0.8610818386077881 0.37822121381759644 
vt 0.8642135262489319 0.4014933407306671 
vt 0.8659533858299255 0.4247654378414154 
vt 0.8664173483848572 0.4478483498096466 
vt 0.8658373951911926 0.47083666920661926 
vt 0.8643295168876648 0.4935411810874939 
vt 0.8620097637176514 0.5159618854522705 
vt 0.8591100573539734 0.5380987524986267 
vt 0.855514407157898 0.5603302717208862 
vt 0.851222813129425 0.5828455686569214 
vt 0.8464672565460205 0.6055500507354736 
vt 0.8414797186851501 0.6281599402427673 
vt 0.851338803768158 0.6272139549255371 
vt 0.8571382164955139 0.6060230731964111 
vt 0.8627057075500488 0.5839807987213135 
vt 0.8678092360496521 0.5615600943565369 
vt 0.8719848394393921 0.5389502048492432 
vt 0.8752325177192688 0.516056478023529 
vt 0.8775522708892822 0.4930681586265564 
vt 0.8787121772766113 0.4699852466583252 
vt 0.8787121772766113 0.4469969570636749 
vt 0.8774362802505493 0.42400863766670227 
vt 0.8748845458030701 0.4010203182697296 
vt 0.8709409236907959 0.3781266212463379 
vt 0.8745365738868713 0.35428687930107117 
vt 0.8803360462188721 0.3765183687210083 
vt 0.8850916028022766 0.3996012806892395 
vt 0.8885712623596191 0.4226841926574707 
vt 0.8906590342521667 0.44586172699928284 
vt 0.8912389874458313 0.46922844648361206 
vt 0.8905430436134338 0.4927843511104584 
vt 0.8882232904434204 0.516434907913208 
vt 0.8847436308860779 0.5400854349136353 
vt 0.8799880743026733 0.5633575320243835 
vt 0.8741886019706726 0.5861566066741943 
vt 0.8676932454109192 0.6081043481826782 
vt 0.8608498573303223 0.6286329627037048 
s on 
f 1/1/1 2/2/2 3/3/3 
f 2/2/2 4/4/4 3/3/3 
f 3/3/3 4/4/4 3/3/3 
f 4/4/4 5/5/5 3/3/3 
f 3/3/3 5/5/5 3/3/3 
f 5/5/5 6/6/6 3/3/3 
f 3/3/3 6/6/6 7/7/7 
f 6/6/6 8/8/8 7/7/7 
f 7/7/7 8/8/8 7/7/7 
f 8/8/8 9/9/9 7/7/7 
f 7/7/7 9/9/9 7/7/7 
f 9/9/9 10/10/10 7/7/7 
f 7/7/7 10/10/10 1/1/1 
f 10/10/10 2/2/2 1/1/1 
f 1/1/1 2/2/2 2/2/2 
f 2/2/2 1/1/1 2/2/2 
f 2/2/2 1/1/1 1/1/1 
f 1/1/1 3/3/3 1/1/1 
f 1/1/1 3/3/3 7/7/7 
f 3/3/3 7/7/7 7/7/7 
f 7/7/7 7/7/7 8/8/8 
f 7/7/7 8/8/8 8/8/8 
f 8/8/8 8/8/8 11/11/11 
f 8/8/8 6/6/6 11/11/11 
f 11/11/11 6/6/6 12/12/12 
f 6/6/6 5/5/5 12/12/12 
f 12/12/12 5/5/5 13/13/13 
f 5/5/5 5/5/5 13/13/13 
f 13/13/13 5/5/5 14/14/14 
f 5/5/5 4/4/4 14/14/14 
f 14/14/14 4/4/4 15/15/15 
f 4/4/4 4/4/4 15/15/15 
f 15/15/15 4/4/4 16/16/16 
f 4/4/4 2/2/2 16/16/16 
f 16/16/16 2/2/2 17/17/17 
f 2/2/2 10/10/10 17/17/17 
f 17/17/17 10/10/10 18/18/18 
f 10/10/10 9/9/9 18/18/18 
f 18/18/18 9/9/9 9/9/9 
f 9/9/9 18/18/18 9/9/9 
f 9/9/9 18/18/18 18/18/18 
f 18/18/18 19/19/19 18/18/18 
f 18/18/18 19/19/19 17/17/17 
f 19/19/19 20/20/20 17/17/17 
f 17/17/17 20/20/20 16/16/16 
f 20/20/20 21/21/21 16/16/16 
f 16/16/16 21/21/21 15/15/15 
f 21/21/21 15/15/15 15/15/15 
f 15/15/15 15/15/15 21/21/21 
f 15/15/15 21/21/21 21/21/21 
f 21/21/21 21/21/21 22/22/22 
f 21/21/21 20/20/20 22/22/22 
f 22/22/22 20/20/20 23/23/23 
f 20/20/20 19/19/19 23/23/23 
f 23/23/23 19/19/19 24/24/24 
f 19/19/19 19/19/19 24/24/24 
f 24/24/24 19/19/19 25/25/25 
f 19/19/19 18/18/18 25/25/25 
f 25/25/25 18/18/18 26/26/26 
f 18/18/18 9/9/9 26/26/26 
f 26/26/26 9/9/9 27/27/27 
f 9/9/9 8/8/8 27/27/27 
f 27/27/27 8/8/8 28/28/28 
f 8/8/8 11/11/11 28/28/28 
f 28/28/28 11/11/11 29/29/29 
f 11/11/11 11/11/11 29/29/29 
f 29/29/29 11/11/11 30/30/30 
f 11/11/11 12/12/12 30/30/30 
f 30/30/30 12/12/12 31/31/31 
f 12/12/12 13/13/13 31/31/31 
f 31/31/31 13/13/13 32/32/32 
f 13/13/13 13/13/13 32/32/32 
f 32/32/32 13/13/13 33/33/33 
f 13/13/13 14/14/14 33/33/33 
f 33/33/33 14/14/14 34/34/34 
f 14/14/14 15/15/15 34/34/34 
f 34/34/34 15/15/15 35/35/35 
f 15/15/15 21/21/21 35/35/35 
f 35/35/35 21/21/21 36/36/36 
f 21/21/21 22/22/22 36/36/36 
f 36/36/36 22/22/22 37/37/37 
f 22/22/22 22/22/22 37/37/37 
f 37/37/37 22/22/22 38/38/38 
f 22/22/22 23/23/23 38/38/38 
f 38/38/38 23/23/23 39/39/39 
f 23/23/23 24/24/24 39/39/39 
f 39/39/39 24/24/24 40/40/40 
f 24/24/24 24/24/24 40/40/40 
f 40/40/40 24/24/24 41/41/41 
f 24/24/24 25/25/25 41/41/41 
f 41/41/41 25/25/25 42/42/42 
f 25/25/25 26/26/26 42/42/42 
f 42/42/42 26/26/26 43/43/43 
f 26/26/26 27/27/27 43/43/43 
f 43/43/43 27/27/27 44/44/44 
f 27/27/27 28/28/28 44/44/44 
f 44/44/44 28/28/28 45/45/45 
f 28/28/28 29/29/29 45/45/45 
f 45/45/45 29/29/29 46/46/46 
f 29/29/29 29/29/29 46/46/46 
f 46/46/46 29/29/29 47/47/47 
f 29/29/29 30/30/30 47/47/47 
f 47/47/47 30/30/30 48/48/48 
f 30/30/30 31/31/31 48/48/48 
f 48/48/48 31/31/31 49/49/49 
f 31/31/31 32/32/32 49/49/49 
f 49/49/49 32/32/32 50/50/50 
f 32/32/32 32/32/32 50/50/50 
f 50/50/50 32/32/32 51/51/51 
f 32/32/32 33/33/33 51/51/51 
f 51/51/51 33/33/33 52/52/52 
f 33/33/33 34/34/34 52/52/52 
f 52/52/52 34/34/34 53/53/53 
f 34/34/34 35/35/35 53/53/53 
f 53/53/53 35/35/35 54/54/54 
f 35/35/35 36/36/36 54/54/54 
f 54/54/54 36/36/36 55/55/55 
f 36/36/36 37/37/37 55/55/55 
f 55/55/55 37/37/37 56/56/56 
f 37/37/37 37/37/37 56/56/56 
f 56/56/56 37/37/37 57/57/57 
f 37/37/37 38/38/38 57/57/57 
f 57/57/57 38/38/38 58/58/58 
f 38/38/38 39/39/39 58/58/58 
f 58/58/58 39/39/39 59/59/59 
f 39/39/39 40/40/40 59/59/59 
f 59/59/59 40/40/40 60/60/60 
f 40/40/40 40/40/40 60/60/60 
f 60/60/60 40/40/40 61/61/61 
f 40/40/40 41/41/41 61/61/61 
f 61/61/61 41/41/41 62/62/62 
f 41/41/41 41/41/41 62/62/62 
f 62/62/62 41/41/41 63/63/63 
f 41/41/41 42/42/42 63/63/63 
f 63/63/63 42/42/42 64/64/64 
f 42/42/42 43/43/43 64/64/64 
f 64/64/64 43/43/43 65/65/65 
f 43/43/43 44/44/44 65/65/65 
f 65/65/65 44/44/44 66/66/66 
f 44/44/44 45/45/45 66/66/66 
f 66/66/66 45/45/45 67/67/67 
f 45/45/45 46/46/46 67/67/67 
f 67/67/67 46/46/46 68/68/68 
f 46/46/46 46/46/46 68/68/68 
f 68/68/68 46/46/46 69/69/69 
f 46/46/46 47/47/47 69/69/69 
f 69/69/69 47/47/47 70/70/70 
f 47/47/47 48/48/48 70/70/70 
f 70/70/70 48/48/48 71/71/71 
f 48/48/48 49/49/49 71/71/71 
f 71/71/71 49/49/49 72/72/72 
f 49/49/49 50/50/50 72/72/72 
f 72/72/72 50/50/50 73/73/73 
f 50/50/50 50/50/50 73/73/73 
f 73/73/73 50/50/50 74/74/74 
f 50/50/50 51/51/51 74/74/74 
f 74/74/74 51/51/51 75/75/75 
f 51/51/51 52/52/52 75/75/75 
f 75/75/75 52/52/52 76/76/76 
f 52/52/52 53/53/53 76/76/76 
f 76/76/76 53/53/53 77/77/77 
f 53/53/53 54/54/54 77/77/77 
f 77/77/77 54/54/54 78/78/78 
f 54/54/54 55/55/55 78/78/78 
f 78/78/78 55/55/55 79/79/79 
f 55/55/55 56/56/56 79/79/79 
f 79/79/79 56/56/56 80/80/80 
f 56/56/56 56/56/56 80/80/80 
f 80/80/80 56/56/56 81/81/81 
f 56/56/56 57/57/57 81/81/81 
f 81/81/81 57/57/57 82/82/82 
f 57/57/57 58/58/58 82/82/82 
f 82/82/82 58/58/58 83/83/83 
f 58/58/58 59/59/59 83/83/83 
f 83/83/83 59/59/59 84/84/84 
f 59/59/59 60/60/60 84/84/84 
f 84/84/84 60/60/60 85/85/85 
f 60/60/60 60/60/60 85/85/85 
f 85/85/85 60/60/60 86/86/86 
f 60/60/60 61/61/61 86/86/86 
f 86/86/86 61/61/61 87/87/87 
f 61/61/61 62/62/62 87/87/87 
f 87/87/87 62/62/62 88/88/88 
f 62/62/62 62/62/62 88/88/88 
f 88/88/88 62/62/62 89/89/89 
f 62/62/62 63/63/63 89/89/89 
f 89/89/89 63/63/63 90/90/90 
f 63/63/63 64/64/64 90/90/90 
f 90/90/90 64/64/64 91/91/91 
f 64/64/64 65/65/65 91/91/91 
f 91/91/91 65/65/65 92/92/92 
f 65/65/65 66/66/66 92/92/92 
f 92/92/92 66/66/66 93/93/93 
f 66/66/66 67/67/67 93/93/93 
f 93/93/93 67/67/67 94/94/94 
f 67/67/67 68/68/68 94/94/94 
f 94/94/94 68/68/68 95/95/95 
f 68/68/68 68/68/68 95/95/95 
f 95/95/95 68/68/68 96/96/96 
f 68/68/68 69/69/69 96/96/96 
f 96/96/96 69/69/69 97/97/97 
f 69/69/69 70/70/70 97/97/97 
f 97/97/97 70/70/70 98/98/98 
f 70/70/70 71/71/71 98/98/98 
f 98/98/98 71/71/71 99/99/99 
f 71/71/71 72/72/72 99/99/99 
f 99/99/99 72/72/72 100/100/100 
f 72/72/72 73/73/73 100/100/100 
f 100/100/100 73/73/73 101/101/101 
f 73/73/73 73/73/73 101/101/101 
f 101/101/101 73/73/73 102/102/102 
f 73/73/73 74/74/74 102/102/102 
f 102/102/102 74/74/74 103/103/103 
f 74/74/74 75/75/75 103/103/103 
f 103/103/103 75/75/75 104/104/104 
f 75/75/75 76/76/76 104/104/104 
f 104/104/104 76/76/76 105/105/105 
f 76/76/76 77/77/77 105/105/105 
f 105/105/105 77/77/77 106/106/106 
f 77/77/77 78/78/78 106/106/106 
f 106/106/106 78/78/78 107/107/107 
f 78/78/78 79/79/79 107/107/107 
f 107/107/107 79/79/79 108/108/108 
f 79/79/79 80/80/80 108/108/108 
f 108/108/108 80/80/80 109/109/109 
f 80/80/80 80/80/80 109/109/109 
f 109/109/109 80/80/80 110/110/110 
f 80/80/80 81/81/81 110/110/110 
f 110/110/110 81/81/81 111/111/111 
f 81/81/81 82/82/82 111/111/111 
f 111/111/111 82/82/82 112/112/112 
f 82/82/82 83/83/83 112/112/112 
f 112/112/112 83/83/83 113/113/113 
f 83/83/83 84/84/84 113/113/113 
f 113/113/113 84/84/84 114/114/114 
f 84/84/84 85/85/85 114/114/114 
f 114/114/114 85/85/85 115/115/115 
f 85/85/85 85/85/85 115/115/115 
f 115/115/115 85/85/85 116/116/116 
f 85/85/85 86/86/86 116/116/116 
f 116/116/116 86/86/86 117/117/117 
f 86/86/86 87/87/87 117/117/117 
f 117/117/117 87/87/87 118/118/118 
f 87/87/87 88/88/88 118/118/118 
f 118/118/118 88/88/88 119/119/119 
f 88/88/88 88/88/88 119/119/119 
f 119/119/119 88/88/88 120/120/120 
f 88/88/88 89/89/89 120/120/120 
f 120/120/120 89/89/89 121/121/121 
f 89/89/89 90/90/90 121/121/121 
f 121/121/121 90/90/90 122/122/122 
f 90/90/90 91/91/91 122/122/122 
f 122/122/122 91/91/91 123/123/123 
f 91/91/91 92/92/92 123/123/123 
f 123/123/123 92/92/92 124/124/124 
f 92/92/92 93/93/93 124/124/124 
f 124/124/124 93/93/93 125/125/125 
f 93/93/93 94/94/94 125/125/125 
f 125/125/125 94/94/94 126/126/126 
f 94/94/94 95/95/95 126/126/126 
f 126/126/126 95/95/95 127/127/127 
f 95/95/95 95/95/95 127/127/127 
f 127/127/127 95/95/95 128/128/128 
f 95/95/95 96/96/96 128/128/128 
f 128/128/128 96/96/96 129/129/129 
f 96/96/96 97/97/97 129/129/129 
f 129/129/129 97/97/97 130/130/130 
f 97/97/97 98/98/98 130/130/130 
f 130/130/130 98/98/98 131/131/131 
f 98/98/98 99/99/99 131/131/131 
f 131/131/131 99/99/99 132/132/132 
f 99/99/99 100/100/100 132/132/132 
f 132/132/132 100/100/100 133/133/133 
f 100/100/100 101/101/101 133/133/133 
f 133/133/133 101/101/101 134/134/134 
f 101/101/101 101/101/101 134/134/134 
f 134/134/134 101/101/101 135/135/135 
f 101/101/101 102/102/102 135/135/135 
f 135/135/135 102/102/102 136/136/136 
f 102/102/102 103/103/103 136/136/136 
f 136/136/136 103/103/103 137/137/137 
f 103/103/103 104/104/104 137/137/137 
f 137/137/137 104/104/104 138/138/138 
f 104/104/104 105/105/105 138/138/138 
f 138/138/138 105/105/105 139/139/139 
f 105/105/105 106/106/106 139/139/139 
f 139/139/139 106/106/106 140/140/140 
f 106/106/106 107/107/107 140/140/140 
f 140/140/140 107/107/107 141/141/141 
f 107/107/107 108/108/108 141/141/141 
f 141/141/141 108/108/108 142/142/142 
f 108/108/108 109/109/109 142/142/142 
f 142/142/142 109/109/109 143/143/143 
f 109/109/109 109/109/109 143/143/143 
f 143/143/143 109/109/109 144/144/144 
f 109/109/109 110/110/110 144/144/144 
f 144/144/144 110/110/110 145/145/145 
f 110/110/110 111/111/111 145/145/145 
f 145/145/145 111/111/111 146/146/146 
f 111/111/111 112/112/112 146/146/146 
f 146/146/146 112/112/112 147/147/147 
f 112/112/112 113/113/113 147/147/147 
f 147/147/147 113/113/113 148/148/148 
f 113/113/113 114/114/114 148/148/148 
f 148/148/148 114/114/114 149/149/149 
f 114/114/114 115/115/115 149/149/149 
f 149/149/149 115/115/115 150/150/150 
f 115/115/115 115/115/115 150/150/150 
f 150/150/150 115/115/115 151/151/151 
f 115/115/115 116/116/116 151/151/151 
f 151/151/151 116/116/116 152/152/152 
f 116/116/116 117/117/117 152/152/152 
f 152/152/152 117/117/117 153/153/153 
f 117/117/117 118/118/118 153/153/153 
f 153/153/153 118/118/118 154/154/154 
f 118/118/118 119/119/119 154/154/154 
f 154/154/154 119/119/119 155/155/155 
f 119/119/119 119/119/119 155/155/155 
f 155/155/155 119/119/119 156/156/156 
f 119/119/119 120/120/120 156/156/156 
f 156/156/156 120/120/120 157/157/157 
f 120/120/120 121/121/121 157/157/157 
f 157/157/157 121/121/121 158/158/158 
f 121/121/121 122/122/122 158/158/158 
f 158/158/158 122/122/122 159/159/159 
f 122/122/122 123/123/123 159/159/159 
f 159/159/159 123/123/123 160/160/160 
f 123/123/123 124/124/124 160/160/160 
f 160/160/160 124/124/124 161/161/161 
f 124/124/124 125/125/125 161/161/161 
f 161/161/161 125/125/125 162/162/162 
f 125/125/125 126/126/126 162/162/162 
f 162/162/162 126/126/126 163/163/163 
f 126/126/126 127/127/127 163/163/163 
f 163/163/163 127/127/127 164/164/164 
f 127/127/127 127/127/127 164/164/164 
f 164/164/164 127/127/127 165/165/165 
f 127/127/127 128/128/128 165/165/165 
f 165/165/165 128/128/128 166/166/166 
f 128/128/128 129/129/129 166/166/166 
f 166/166/166 129/129/129 167/167/167 
f 129/129/129 130/130/130 167/167/167 
f 167/167/167 130/130/130 168/168/168 
f 130/130/130 131/131/131 168/168/168 
f 168/168/168 131/131/131 169/169/169 
f 131/131/131 132/132/132 169/169/169 
f 169/169/169 132/132/132 170/170/170 
f 132/132/132 133/133/133 170/170/170 
f 170/170/170 133/133/133 171/171/171 
f 133/133/133 134/134/134 171/171/171 
f 171/171/171 134/134/134 172/172/172 
f 134/134/134 134/134/134 172/172/172 
f 172/172/172 134/134/134 173/173/173 
f 134/134/134 135/135/135 173/173/173 
f 173/173/173 135/135/135 174/174/174 
f 135/135/135 136/136/136 174/174/174 
f 174/174/174 136/136/136 175/175/175 
f 136/136/136 137/137/137 175/175/175 
f 175/175/175 137/137/137 176/176/176 
f 137/137/137 138/138/138 176/176/176 
f 176/176/176 138/138/138 177/177/177 
f 138/138/138 139/139/139 177/177/177 
f 177/177/177 139/139/139 178/178/178 
f 139/139/139 140/140/140 178/178/178 
f 178/178/178 140/140/140 179/179/179 
f 140/140/140 141/141/141 179/179/179 
f 179/179/179 141/141/141 180/180/180 
f 141/141/141 142/142/142 180/180/180 
f 180/180/180 142/142/142 181/181/181 
f 142/142/142 143/143/143 181/181/181 
f 181/181/181 143/143/143 182/182/182 
f 143/143/143 143/143/143 182/182/182 
f 182/182/182 143/143/143 183/183/183 
f 143/143/143 144/144/144 183/183/183 
f 183/183/183 144/144/144 184/184/184 
f 144/144/144 145/145/145 184/184/184 
f 184/184/184 145/145/145 185/185/185 
f 145/145/145 146/146/146 185/185/185 
f 185/185/185 146/146/146 186/186/186 
f 146/146/146 147/147/147 186/186/186 
f 186/186/186 147/147/147 187/187/187 
f 147/147/147 148/148/148 187/187/187 
f 187/187/187 148/148/148 188/188/188 
f 148/148/148 149/149/149 188/188/188 
f 188/188/188 149/149/149 189/189/189 
f 149/149/149 150/150/150 189/189/189 
f 189/189/189 150/150/150 190/190/190 
f 150/150/150 150/150/150 190/190/190 
f 190/190/190 150/150/150 191/191/191 
f 150/150/150 151/151/151 191/191/191 
f 191/191/191 151/151/151 192/192/192 
f 151/151/151 152/152/152 192/192/192 
f 192/192/192 152/152/152 193/193/193 
f 152/152/152 153/153/153 193/193/193 
f 193/193/193 153/153/153 194/194/194 
f 153/153/153 154/154/154 194/194/194 
f 194/194/194 154/154/154 195/195/195 
f 154/154/154 155/155/155 195/195/195 
f 195/195/195 155/155/155 196/196/196 
f 155/155/155 155/155/155 196/196/196 
f 196/196/196 155/155/155 197/197/197 
f 155/155/155 156/156/156 197/197/197 
f 197/197/197 156/156/156 198/198/198 
f 156/156/156 157/157/157 198/198/198 
f 198/198/198 157/157/157 199/199/199 
f 157/157/157 158/158/158 199/199/199 
f 199/199/199 158/158/158 200/200/200 
f 158/158/158 159/159/159 200/200/200 
f 200/200/200 159/159/159 201/201/201 
f 159/159/159 160/160/160 201/201/201 
f 201/201/201 160/160/160 202/202/202 
f 160/160/160 161/161/161 202/202/202 
f 202/202/202 161/161/161 203/203/203 
f 161/161/161 162/162/162 203/203/203 
f 203/203/203 162/162/162 204/204/204 
f 162/162/162 163/163/163 204/204/204 
f 204/204/204 163/163/163 205/205/205 
f 163/163/163 164/164/164 205/205/205 
f 205/205/205 164/164/164 206/206/206 
f 164/164/164 164/164/164 206/206/206 
f 206/206/206 164/164/164 207/207/207 
f 164/164/164 165/165/165 207/207/207 
f 207/207/207 165/165/165 208/208/208 
f 165/165/165 166/166/166 208/208/208 
f 208/208/208 166/166/166 209/209/209 
f 166/166/166 167/167/167 209/209/209 
f 209/209/209 167/167/167 210/210/210 
f 167/167/167 168/168/168 210/210/210 
f 210/210/210 168/168/168 211/211/211 
f 168/168/168 169/169/169 211/211/211 
f 211/211/211 169/169/169 212/212/212 
f 169/169/169 170/170/170 212/212/212 
f 212/212/212 170/170/170 213/213/213 
f 170/170/170 171/171/171 213/213/213 
f 213/213/213 171/171/171 214/214/214 
f 171/171/171 172/172/172 214/214/214 
f 214/214/214 172/172/172 215/215/215 
f 172/172/172 172/172/172 215/215/215 
f 215/215/215 172/172/172 216/216/216 
f 172/172/172 173/173/173 216/216/216 
f 216/216/216 173/173/173 217/217/217 
f 173/173/173 174/174/174 217/217/217 
f 217/217/217 174/174/174 218/218/218 
f 174/174/174 175/175/175 218/218/218 
f 218/218/218 175/175/175 219/219/219 
f 175/175/175 176/176/176 219/219/219 
f 219/219/219 176/176/176 220/220/220 
f 176/176/176 177/177/177 220/220/220 
f 220/220/220 177/177/177 221/221/221 
f 177/177/177 178/178/178 221/221/221 
f 221/221/221 178/178/178 222/222/222 
f 178/178/178 179/179/179 222/222/222 
f 222/222/222 179/179/179 223/223/223 
f 179/179/179 180/180/180 223/223/223 
f 223/223/223 180/180/180 224/224/224 
f 180/180/180 181/181/181 224/224/224 
f 224/224/224 181/181/181 225/225/225 
f 181/181/181 182/182/182 225/225/225 
f 225/225/225 182/182/182 226/226/226 
f 182/182/182 182/182/182 226/226/226 
f 226/226/226 182/182/182 227/227/227 
f 182/182/182 183/183/183 227/227/227 
f 227/227/227 183/183/183 228/228/228 
f 183/183/183 184/184/184 228/228/228 
f 228/228/228 184/184/184 229/229/229 
f 184/184/184 185/185/185 229/229/229 
f 229/229/229 185/185/185 230/230/230 
f 185/185/185 186/186/186 230/230/230 
f 230/230/230 186/186/186 231/231/231 
f 186/186/186 187/187/187 231/231/231 
f 231/231/231 187/187/187 232/232/232 
f 187/187/187 188/188/188 232/232/232 
f 232/232/232 188/188/188 233/233/233 
f 188/188/188 189/189/189 233/233/233 
f 233/233/233 189/189/189 234/234/234 
f 189/189/189 190/190/190 234/234/234 
f 234/234/234 190/190/190 235/235/235 
f 190/190/190 190/190/190 235/235/235 
f 235/235/235 190/190/190 236/236/236 
f 190/190/190 191/191/191 236/236/236 
f 236/236/236 191/191/191 237/237/237 
f 191/191/191 192/192/192 237/237/237 
f 237/237/237 192/192/192 238/238/238 
f 192/192/192 193/193/193 238/238/238 
f 238/238/238 193/193/193 239/239/239 
f 193/193/193 194/194/194 239/239/239 
f 239/239/239 194/194/194 240/240/240 
f 194/194/194 195/195/195 240/240/240 
f 240/240/240 195/195/195 241/241/241 
f 195/195/195 196/196/196 241/241/241 
f 241/241/241 196/196/196 242/242/242 
f 196/196/196 196/196/196 242/242/242 
f 242/242/242 196/196/196 243/243/243 
f 196/196/196 197/197/197 243/243/243 
f 243/243/243 197/197/197 244/244/244 
f 197/197/197 198/198/198 244/244/244 
f 244/244/244 198/198/198 245/245/245 
f 198/198/198 199/199/199 245/245/245 
f 245/245/245 199/199/199 246/246/246 
f 199/199/199 200/200/200 246/246/246 
f 246/246/246 200/200/200 247/247/247 
f 200/200/200 201/201/201 247/247/247 
f 247/247/247 201/201/201 248/248/248 
f 201/201/201 202/202/202 248/248/248 
f 248/248/248 202/202/202 249/249/249 
f 202/202/202 203/203/203 249/249/249 
f 249/249/249 203/203/203 250/250/250 
f 203/203/203 204/204/204 250/250/250 
f 250/250/250 204/204/204 251/251/251 
f 204/204/204 205/205/205 251/251/251 
f 251/251/251 205/205/205 252/252/252 
f 205/205/205 206/206/206 252/252/252 
f 252/252/252 206/206/206 253/253/253 
f 206/206/206 206/206/206 253/253/253 
f 253/253/253 206/206/206 254/254/254 
f 206/206/206 207/207/207 254/254/254 
f 254/254/254 207/207/207 255/255/255 
f 207/207/207 208/208/208 255/255/255 
f 255/255/255 208/208/208 256/256/256 
f 208/208/208 209/209/209 256/256/256 
f 256/256/256 209/209/209 257/257/257 
f 209/209/209 210/210/210 257/257/257 
f 257/257/257 210/210/210 258/258/258 
f 210/210/210 211/211/211 258/258/258 
f 258/258/258 211/211/211 259/259/259 
f 211/211/211 212/212/212 259/259/259 
f 259/259/259 212/212/212 260/260/260 
f 212/212/212 213/213/213 260/260/260 
f 260/260/260 213/213/213 261/261/261 
f 213/213/213 214/214/214 261/261/261 
f 261/261/261 214/214/214 262/262/262 
f 214/214/214 215/215/215 262/262/262 
f 262/262/262 215/215/215 263/263/263 
f 215/215/215 215/215/215 263/263/263 
f 263/263/263 215/215/215 264/264/264 
f 215/215/215 216/216/216 264/264/264 
f 264/264/264 216/216/216 265/265/265 
f 216/216/216 217/217/217 265/265/265 
f 265/265/265 217/217/217 266/266/266 
f 217/217/217 218/218/218 266/266/266 
f 266/266/266 218/218/218 267/267/267 
f 218/218/218 219/219/219 267/267/267 
f 267/267/267 219/219/219 268/268/268 
f 219/219/219 220/220/220 268/268/268 
f 268/268/268 220/220/220 269/269/269 
f 220/220/220 221/221/221 269/269/269 
f 269/269/269 221/221/221 270/270/270 
f 221/221/221 222/222/222 270/270/270 
f 270/270/270 222/222/222 271/271/271 
f 222/222/222 223/223/223 271/271/271 
f 271/271/271 223/223/223 272/272/272 
f 223/223/223 224/224/224 272/272/272 
f 272/272/272 224/224/224 273/273/273 
f 224/224/224 225/225/225 273/273/273 
f 273/273/273 225/225/225 274/274/274 
f 225/225/225 226/226/226 274/274/274 
f 274/274/274 226/226/226 275/275/275 
f 226/226/226 226/226/226 275/275/275 
f 275/275/275 226/226/226 276/276/276 
f 226/226/226 227/227/227 276/276/276 
f 276/276/276 227/227/227 277/277/277 
f 227/227/227 228/228/228 277/277/277 
f 277/277/277 228/228/228 278/278/278 
f 228/228/228 229/229/229 278/278/278 
f 278/278/278 229/229/229 279/279/279 
f 229/229/229 230/230/230 279/279/279 
f 279/279/279 230/230/230 280/280/280 
f 230/230/230 231/231/231 280/280/280 
f 280/280/280 231/231/231 281/281/281 
f 231/231/231 232/232/232 281/281/281 
f 281/281/281 232/232/232 282/282/282 
f 232/232/232 233/233/233 282/282/282 
f 282/282/282 233/233/233 283/283/283 
f 233/233/233 234/234/234 283/283/283 
f 283/283/283 234/234/234 284/284/284 
f 234/234/234 235/235/235 284/284/284 
f 284/284/284 235/235/235 285/285/285 
f 235/235/235 235/235/235 285/285/285 
f 285/285/285 235/235/235 286/286/286 
f 235/235/235 236/236/236 286/286/286 
f 286/286/286 236/236/236 287/287/287 
f 236/236/236 237/237/237 287/287/287 
f 287/287/287 237/237/237 288/288/288 
f 237/237/237 238/238/238 288/288/288 
f 288/288/288 238/238/238 289/289/289 
f 238/238/238 239/239/239 289/289/289 
f 289/289/289 239/239/239 290/290/290 
f 239/239/239 240/240/240 290/290/290 
f 290/290/290 240/240/240 291/291/291 
f 240/240/240 241/241/241 291/291/291 
f 291/291/291 241/241/241 292/292/292 
f 241/241/241 242/242/242 292/292/292 
f 292/292/292 242/242/242 293/293/293 
f 242/242/242 242/242/242 293/293/293 
f 293/293/293 242/242/242 294/294/294 
f 242/242/242 243/243/243 294/294/294 
f 294/294/294 243/243/243 295/295/295 
f 243/243/243 244/244/244 295/295/295 
f 295/295/295 244/244/244 296/296/296 
f 244/244/244 245/245/245 296/296/296 
f 296/296/296 245/245/245 297/297/297 
f 245/245/245 246/246/246 297/297/297 
f 297/297/297 246/246/246 298/298/298 
f 246/246/246 247/247/247 298/298/298 
f 298/298/298 247/247/247 299/299/299 
f 247/247/247 248/248/248 299/299/299 
f 299/299/299 248/248/248 299/299/299 
f 248/248/248 249/249/249 299/299/299 
f 299/299/299 249/249/249 300/300/300 
f 249/249/249 250/250/250 300/300/300 
f 300/300/300 250/250/250 301/301/301 
f 250/250/250 251/251/251 301/301/301 
f 301/301/301 251/251/251 302/302/302 
f 251/251/251 252/252/252 302/302/302 
f 302/302/302 252/252/252 303/303/303 
f 252/252/252 253/253/253 303/303/303 
f 303/303/303 253/253/253 304/304/304 
f 253/253/253 253/253/253 304/304/304 
f 304/304/304 253/253/253 305/305/305 
f 253/253/253 254/254/254 305/305/305 
f 305/305/305 254/254/254 306/306/306 
f 254/254/254 255/255/255 306/306/306 
f 306/306/306 255/255/255 307/307/307 
f 255/255/255 256/256/256 307/307/307 
f 307/307/307 256/256/256 308/308/308 
f 256/256/256 257/257/257 308/308/308 
f 308/308/308 257/257/257 309/309/309 
f 257/257/257 258/258/258 309/309/309 
f 309/309/309 258/258/258 310/310/310 
f 258/258/258 259/259/259 310/310/310 
f 310/310/310 259/259/259 311/311/311 
f 259/259/259 260/260/260 311/311/311 
f 311/311/311 260/260/260 312/312/312 
f 260/260/260 261/261/261 312/312/312 
f 312/312/312 261/261/261 313/313/313 
f 261/261/261 262/262/262 313/313/313 
f 313/313/313 262/262/262 314/314/314 
f 262/262/262 263/263/263 314/314/314 
f 314/314/314 263/263/263 315/315/315 
f 263/263/263 263/263/263 315/315/315 
f 315/315/315 263/263/263 316/316/316 
f 263/263/263 264/264/264 316/316/316 
f 316/316/316 264/264/264 317/317/317 
f 264/264/264 265/265/265 317/317/317 
f 317/317/317 265/265/265 318/318/318 
f 265/265/265 266/266/266 318/318/318 
f 318/318/318 266/266/266 319/319/319 
f 266/266/266 267/267/267 319/319/319 
f 319/319/319 267/267/267 320/320/320 
f 267/267/267 268/268/268 320/320/320 
f 320/320/320 268/268/268 321/321/321 
f 268/268/268 269/269/269 321/321/321 
f 321/321/321 269/269/269 322/322/322 
f 269/269/269 270/270/270 322/322/322 
f 322/322/322 270/270/270 323/323/323 
f 270/270/270 271/271/271 323/323/323 
f 323/323/323 271/271/271 324/324/324 
f 271/271/271 272/272/272 324/324/324 
f 324/324/324 272/272/272 325/325/325 
f 272/272/272 273/273/273 325/325/325 
f 325/325/325 273/273/273 326/326/326 
f 273/273/273 274/274/274 326/326/326 
f 326/326/326 274/274/274 327/327/327 
f 274/274/274 275/275/275 327/327/327 
f 327/327/327 275/275/275 328/328/328 
f 275/275/275 275/275/275 328/328/328 
f 328/328/328 275/275/275 329/329/329 
f 275/275/275 276/276/276 329/329/329 
f 329/329/329 276/276/276 330/330/330 
f 276/276/276 277/277/277 330/330/330 
f 330/330/330 277/277/277 331/331/331 
f 277/277/277 278/278/278 331/331/331 
f 331/331/331 278/278/278 332/332/332 
f 278/278/278 279/279/279 332/332/332 
f 332/332/332 279/279/279 333/333/333 
f 279/279/279 280/280/280 333/333/333 
f 333/333/333 280/280/280 334/334/334 
f 280/280/280 281/281/281 334/334/334 
f 334/334/334 281/281/281 335/335/335 
f 281/281/281 282/282/282 335/335/335 
f 335/335/335 282/282/282 336/336/336 
f 282/282/282 283/283/283 336/336/336 
f 336/336/336 283/283/283 337/337/337 
f 283/283/283 284/284/284 337/337/337 
f 337/337/337 284/284/284 338/338/338 
f 284/284/284 285/285/285 338/338/338 
f 338/338/338 285/285/285 339/339/339 
f 285/285/285 340/340/340 339/339/339 
f 339/339/339 340/340/340 341/341/341 
f 340/340/340 342/342/342 341/341/341 
f 341/341/341 342/342/342 343/343/343 
f 342/342/342 342/342/342 343/343/343 
f 343/343/343 342/342/342 344/344/344 
f 342/342/342 287/287/287 344/344/344 
f 344/344/344 287/287/287 344/344/344 
f 287/287/287 288/288/288 344/344/344 
f 344/344/344 288/288/288 345/345/345 
f 288/288/288 289/289/289 345/345/345 
f 345/345/345 289/289/289 289/289/289 
f 289/289/289 285/285/285 289/289/289 
f 289/289/289 285/285/285 285/285/285 
f 285/285/285 286/286/286 285/285/285 
f 285/285/285 286/286/286 340/340/340 
f 286/286/286 286/286/286 340/340/340 
f 340/340/340 286/286/286 342/342/342 
f 286/286/286 287/287/287 342/342/342 
f 342/342/342 287/287/287 287/287/287 
f 287/287/287 345/345/345 287/287/287 
f 287/287/287 345/345/345 345/345/345 
f 345/345/345 346/346/346 345/345/345 
f 345/345/345 346/346/346 344/344/344 
f 346/346/346 346/346/346 344/344/344 
f 344/344/344 346/346/346 343/343/343 
f 346/346/346 347/347/347 343/343/343 
f 343/343/343 347/347/347 343/343/343 
f 347/347/347 348/348/348 343/343/343 
f 343/343/343 348/348/348 341/341/341 
f 348/348/348 349/349/349 341/341/341 
f 341/341/341 349/349/349 339/339/339 
f 349/349/349 350/350/350 339/339/339 
f 339/339/339 350/350/350 338/338/338 
f 350/350/350 351/351/351 338/338/338 
f 338/338/338 351/351/351 337/337/337 
f 351/351/351 352/352/352 337/337/337 
f 337/337/337 352/352/352 336/336/336 
f 352/352/352 353/353/353 336/336/336 
f 336/336/336 353/353/353 335/335/335 
f 353/353/353 354/354/354 335/335/335 
f 335/335/335 354/354/354 334/334/334 
f 354/354/354 355/355/355 334/334/334 
f 334/334/334 355/355/355 333/333/333 
f 355/355/355 356/356/356 333/333/333 
f 333/333/333 356/356/356 332/332/332 
f 356/356/356 357/357/357 332/332/332 
f 332/332/332 357/357/357 331/331/331 
f 357/357/357 358/358/358 331/331/331 
f 331/331/331 358/358/358 330/330/330 
f 358/358/358 359/359/359 330/330/330 
f 330/330/330 359/359/359 329/329/329 
f 359/359/359 360/360/360 329/329/329 
f 329/329/329 360/360/360 328/328/328 
f 360/360/360 328/328/328 328/328/328 
f 328/328/328 328/328/328 360/360/360 
f 328/328/328 360/360/360 360/360/360 
f 360/360/360 360/360/360 361/361/361 
f 360/360/360 359/359/359 361/361/361 
f 361/361/361 359/359/359 362/362/362 
f 359/359/359 358/358/358 362/362/362 
f 362/362/362 358/358/358 363/363/363 
f 358/358/358 357/357/357 363/363/363 
f 363/363/363 357/357/357 364/364/364 
f 357/357/357 356/356/356 364/364/364 
f 364/364/364 356/356/356 365/365/365 
f 356/356/356 355/355/355 365/365/365 
f 365/365/365 355/355/355 366/366/366 
f 355/355/355 354/354/354 366/366/366 
f 366/366/366 354/354/354 367/367/367 
f 354/354/354 353/353/353 367/367/367 
f 367/367/367 353/353/353 368/368/368 
f 353/353/353 352/352/352 368/368/368 
f 368/368/368 352/352/352 369/369/369 
f 352/352/352 351/351/351 369/369/369 
f 369/369/369 351/351/351 370/370/370 
f 351/351/351 350/350/350 370/370/370 
f 370/370/370 350/350/350 371/371/371 
f 350/350/350 349/349/349 371/371/371 
f 371/371/371 349/349/349 372/372/372 
f 349/349/349 348/348/348 372/372/372 
f 372/372/372 348/348/348 373/373/373 
f 348/348/348 347/347/347 373/373/373 
f 373/373/373 347/347/347 374/374/374 
f 347/347/347 347/347/347 374/374/374 
f 374/374/374 347/347/347 375/375/375 
f 347/347/347 346/346/346 375/375/375 
f 375/375/375 346/346/346 376/376/376 
f 346/346/346 345/345/345 376/376/376 
f 376/376/376 345/345/345 377/377/377 
f 345/345/345 289/289/289 377/377/377 
f 377/377/377 289/289/289 377/377/377 
f 289/289/289 290/290/290 377/377/377 
f 377/377/377 290/290/290 378/378/378 
f 290/290/290 291/291/291 378/378/378 
f 378/378/378 291/291/291 291/291/291 
f 291/291/291 378/378/378 291/291/291 
f 291/291/291 378/378/378 378/378/378 
f 378/378/378 379/379/379 378/378/378 
f 378/378/378 379/379/379 377/377/377 
f 379/379/379 379/379/379 377/377/377 
f 377/377/377 379/379/379 376/376/376 
f 379/379/379 380/380/380 376/376/376 
f 376/376/376 380/380/380 375/375/375 
f 380/380/380 381/381/381 375/375/375 
f 375/375/375 381/381/381 374/374/374 
f 381/381/381 382/382/382 374/374/374 
f 374/374/374 382/382/382 374/374/374 
f 382/382/382 383/383/383 374/374/374 
f 374/374/374 383/383/383 373/373/373 
f 383/383/383 384/384/384 373/373/373 
f 373/373/373 384/384/384 372/372/372 
f 384/384/384 385/385/385 372/372/372 
f 372/372/372 385/385/385 371/371/371 
f 385/385/385 386/386/386 371/371/371 
f 371/371/371 386/386/386 370/370/370 
f 386/386/386 387/387/387 370/370/370 
f 370/370/370 387/387/387 369/369/369 
f 387/387/387 388/388/388 369/369/369 
f 369/369/369 388/388/388 368/368/368 
f 388/388/388 389/389/389 368/368/368 
f 368/368/368 389/389/389 367/367/367 
f 389/389/389 390/390/390 367/367/367 
f 367/367/367 390/390/390 366/366/366 
f 390/390/390 391/391/391 366/366/366 
f 366/366/366 391/391/391 365/365/365 
f 391/391/391 392/392/392 365/365/365 
f 365/365/365 392/392/392 364/364/364 
f 392/392/392 393/393/393 364/364/364 
f 364/364/364 393/393/393 363/363/363 
f 393/393/393 394/394/394 363/363/363 
f 363/363/363 394/394/394 362/362/362 
f 394/394/394 395/395/395 362/362/362 
f 362/362/362 395/395/395 361/361/361 
f 395/395/395 361/361/361 361/361/361 
f 361/361/361 361/361/361 395/395/395 
f 361/361/361 395/395/395 395/395/395 
f 395/395/395 395/395/395 396/396/396 
f 395/395/395 394/394/394 396/396/396 
f 396/396/396 394/394/394 397/397/397 
f 394/394/394 393/393/393 397/397/397 
f 397/397/397 393/393/393 398/398/398 
f 393/393/393 392/392/392 398/398/398 
f 398/398/398 392/392/392 399/399/399 
f 392/392/392 391/391/391 399/399/399 
f 399/399/399 391/391/391 400/400/400 
f 391/391/391 390/390/390 400/400/400 
f 400/400/400 390/390/390 401/401/401 
f 390/390/390 389/389/389 401/401/401 
f 401/401/401 389/389/389 402/402/402 
f 389/389/389 388/388/388 402/402/402 
f 402/402/402 388/388/388 403/403/403 
f 388/388/388 387/387/387 403/403/403 
f 403/403/403 387/387/387 404/404/404 
f 387/387/387 386/386/386 404/404/404 
f 404/404/404 386/386/386 405/405/405 
f 386/386/386 385/385/385 405/405/405 
f 405/405/405 385/385/385 406/406/406 
f 385/385/385 384/384/384 406/406/406 
f 406/406/406 384/384/384 407/407/407 
f 384/384/384 383/383/383 407/407/407 
f 407/407/407 383/383/383 408/408/408 
f 383/383/383 382/382/382 408/408/408 
f 408/408/408 382/382/382 409/409/409 
f 382/382/382 382/382/382 409/409/409 
f 409/409/409 382/382/382 410/410/410 
f 382/382/382 381/381/381 410/410/410 
f 410/410/410 381/381/381 411/411/411 
f 381/381/381 380/380/380 411/411/411 
f 411/411/411 380/380/380 412/412/412 
f 380/380/380 379/379/379 412/412/412 
f 412/412/412 379/379/379 413/413/413 
f 379/379/379 378/378/378 413/413/413 
f 413/413/413 378/378/378 414/414/414 
f 378/378/378 291/291/291 414/414/414 
f 414/414/414 291/291/291 414/414/414 
f 291/291/291 292/292/292 414/414/414 
f 414/414/414 292/292/292 415/415/415 
f 292/292/292 293/293/293 415/415/415 
f 415/415/415 293/293/293 416/416/416 
f 293/293/293 293/293/293 416/416/416 
f 416/416/416 293/293/293 417/417/417 
f 293/293/293 294/294/294 417/417/417 
f 417/417/417 294/294/294 418/418/418 
f 294/294/294 295/295/295 418/418/418 
f 418/418/418 295/295/295 419/419/419 
f 295/295/295 296/296/296 419/419/419 
f 419/419/419 296/296/296 420/420/420 
f 296/296/296 297/297/297 420/420/420 
f 420/420/420 297/297/297 421/421/421 
f 297/297/297 298/298/298 421/421/421 
f 421/421/421 298/298/298 422/422/422 
f 298/298/298 299/299/299 422/422/422 
f 422/422/422 299/299/299 422/422/422 
f 299/299/299 300/300/300 422/422/422 
f 422/422/422 300/300/300 423/423/423 
f 300/300/300 301/301/301 423/423/423 
f 423/423/423 301/301/301 424/424/424 
f 301/301/301 302/302/302 424/424/424 
f 424/424/424 302/302/302 425/425/425 
f 302/302/302 303/303/303 425/425/425 
f 425/425/425 303/303/303 426/426/426 
f 303/303/303 304/304/304 426/426/426 
f 426/426/426 304/304/304 427/427/427 
f 304/304/304 304/304/304 427/427/427 
f 427/427/427 304/304/304 428/428/428 
f 304/304/304 305/305/305 428/428/428 
f 428/428/428 305/305/305 429/429/429 
f 305/305/305 306/306/306 429/429/429 
f 429/429/429 306/306/306 430/430/430 
f 306/306/306 307/307/307 430/430/430 
f 430/430/430 307/307/307 431/431/431 
f 307/307/307 308/308/308 431/431/431 
f 431/431/431 308/308/308 432/432/432 
f 308/308/308 309/309/309 432/432/432 
f 432/432/432 309/309/309 433/433/433 
f 309/309/309 310/310/310 433/433/433 
f 433/433/433 310/310/310 434/434/434 
f 310/310/310 311/311/311 434/434/434 
f 434/434/434 311/311/311 435/435/435 
f 311/311/311 312/312/312 435/435/435 
f 435/435/435 312/312/312 436/436/436 
f 312/312/312 313/313/313 436/436/436 
f 436/436/436 313/313/313 437/437/437 
f 313/313/313 314/314/314 437/437/437 
f 437/437/437 314/314/314 438/438/438 
f 314/314/314 315/315/315 438/438/438 
f 438/438/438 315/315/315 439/439/439 
f 315/315/315 315/315/315 439/439/439 
f 439/439/439 315/315/315 440/440/440 
f 315/315/315 316/316/316 440/440/440 
f 440/440/440 316/316/316 441/441/441 
f 316/316/316 317/317/317 441/441/441 
f 441/441/441 317/317/317 442/442/442 
f 317/317/317 318/318/318 442/442/442 
f 442/442/442 318/318/318 443/443/443 
f 318/318/318 319/319/319 443/443/443 
f 443/443/443 319/319/319 444/444/444 
f 319/319/319 320/320/320 444/444/444 
f 444/444/444 320/320/320 445/445/445 
f 320/320/320 321/321/321 445/445/445 
f 445/445/445 321/321/321 446/446/446 
f 321/321/321 322/322/322 446/446/446 
f 446/446/446 322/322/322 447/447/447 
f 322/322/322 323/323/323 447/447/447 
f 447/447/447 323/323/323 448/448/448 
f 323/323/323 324/324/324 448/448/448 
f 448/448/448 324/324/324 449/449/449 
f 324/324/324 325/325/325 449/449/449 
f 449/449/449 325/325/325 450/450/450 
f 325/325/325 326/326/326 450/450/450 
f 450/450/450 326/326/326 451/451/451 
f 326/326/326 327/327/327 451/451/451 
f 451/451/451 327/327/327 452/452/452 
f 327/327/327 328/328/328 452/452/452 
f 452/452/452 328/328/328 453/453/453 
f 328/328/328 360/360/360 453/453/453 
f 453/453/453 360/360/360 454/454/454 
f 360/360/360 361/361/361 454/454/454 
f 454/454/454 361/361/361 455/455/455 
f 361/361/361 395/395/395 455/455/455 
f 455/455/455 395/395/395 456/456/456 
f 395/395/395 396/396/396 456/456/456 
f 456/456/456 396/396/396 457/457/457 
f 396/396/396 396/396/396 457/457/457 
f 457/457/457 396/396/396 458/458/458 
f 396/396/396 397/397/397 458/458/458 
f 458/458/458 397/397/397 459/459/459 
f 397/397/397 398/398/398 459/459/459 
f 459/459/459 398/398/398 460/460/460 
f 398/398/398 399/399/399 460/460/460 
f 460/460/460 399/399/399 461/461/461 
f 399/399/399 400/400/400 461/461/461 
f 461/461/461 400/400/400 462/462/462 
f 400/400/400 401/401/401 462/462/462 
f 462/462/462 401/401/401 463/463/463 
f 401/401/401 402/402/402 463/463/463 
f 463/463/463 402/402/402 464/464/464 
f 402/402/402 403/403/403 464/464/464 
f 464/464/464 403/403/403 465/465/465 
f 403/403/403 404/404/404 465/465/465 
f 465/465/465 404/404/404 466/466/466 
f 404/404/404 405/405/405 466/466/466 
f 466/466/466 405/405/405 467/467/467 
f 405/405/405 406/406/406 467/467/467 
f 467/467/467 406/406/406 468/468/468 
f 406/406/406 407/407/407 468/468/468 
f 468/468/468 407/407/407 469/469/469 
f 407/407/407 408/408/408 469/469/469 
f 469/469/469 408/408/408 470/470/470 
f 408/408/408 409/409/409 470/470/470 
f 470/470/470 409/409/409 471/471/471 
f 409/409/409 409/409/409 471/471/471 
f 471/471/471 409/409/409 472/472/472 
f 409/409/409 410/410/410 472/472/472 
f 472/472/472 410/410/410 473/473/473 
f 410/410/410 411/411/411 473/473/473 
f 473/473/473 411/411/411 474/474/474 
f 411/411/411 412/412/412 474/474/474 
f 474/474/474 412/412/412 475/475/475 
f 412/412/412 413/413/413 475/475/475 
f 475/475/475 413/413/413 476/476/476 
f 413/413/413 414/414/414 476/476/476 
f 476/476/476 414/414/414 477/477/477 
f 414/414/414 415/415/415 477/477/477 
f 477/477/477 415/415/415 478/478/478 
f 415/415/415 416/416/416 478/478/478 
f 478/478/478 416/416/416 416/416/416 
f 416/416/416 478/478/478 416/416/416 
f 416/416/416 478/478/478 478/478/478 
f 478/478/478 479/479/479 478/478/478 
f 478/478/478 479/479/479 477/477/477 
f 479/479/479 480/480/480 477/477/477 
f 477/477/477 480/480/480 476/476/476 
f 480/480/480 481/481/481 476/476/476 
f 476/476/476 481/481/481 475/475/475 
f 481/481/481 482/482/482 475/475/475 
f 475/475/475 482/482/482 474/474/474 
f 482/482/482 483/483/483 474/474/474 
f 474/474/474 483/483/483 473/473/473 
f 483/483/483 484/484/484 473/473/473 
f 473/473/473 484/484/484 472/472/472 
f 484/484/484 485/485/485 472/472/472 
f 472/472/472 485/485/485 471/471/471 
f 485/485/485 486/486/486 471/471/471 
f 471/471/471 486/486/486 471/471/471 
f 486/486/486 487/487/487 471/471/471 
f 471/471/471 487/487/487 470/470/470 
f 487/487/487 488/488/488 470/470/470 
f 470/470/470 488/488/488 469/469/469 
f 488/488/488 489/489/489 469/469/469 
f 469/469/469 489/489/489 468/468/468 
f 489/489/489 490/490/490 468/468/468 
f 468/468/468 490/490/490 467/467/467 
f 490/490/490 491/491/491 467/467/467 
f 467/467/467 491/491/491 466/466/466 
f 491/491/491 492/492/492 466/466/466 
f 466/466/466 492/492/492 465/465/465 
f 492/492/492 493/493/493 465/465/465 
f 465/465/465 493/493/493 464/464/464 
f 493/493/493 494/494/494 464/464/464 
f 464/464/464 494/494/494 463/463/463 
f 494/494/494 495/495/495 463/463/463 
f 463/463/463 495/495/495 462/462/462 
f 495/495/495 496/496/496 462/462/462 
f 462/462/462 496/496/496 461/461/461 
f 496/496/496 497/497/497 461/461/461 
f 461/461/461 497/497/497 460/460/460 
f 497/497/497 498/498/498 460/460/460 
f 460/460/460 498/498/498 459/459/459 
f 498/498/498 499/499/499 459/459/459 
f 459/459/459 499/499/499 458/458/458 
f 499/499/499 500/500/500 458/458/458 
f 458/458/458 500/500/500 457/457/457 
f 500/500/500 457/457/457 457/457/457 
f 457/457/457 457/457/457 500/500/500 
f 457/457/457 500/500/500 500/500/500 
f 500/500/500 500/500/500 501/501/501 
f 500/500/500 499/499/499 501/501/501 
f 501/501/501 499/499/499 502/502/502 
f 499/499/499 498/498/498 502/502/502 
f 502/502/502 498/498/498 503/503/503 
f 498/498/498 497/497/497 503/503/503 
f 503/503/503 497/497/497 504/504/504 
f 497/497/497 496/496/496 504/504/504 
f 504/504/504 496/496/496 505/505/505 
f 496/496/496 495/495/495 505/505/505 
f 505/505/505 495/495/495 506/506/506 
f 495/495/495 494/494/494 506/506/506 
f 506/506/506 494/494/494 507/507/507 
f 494/494/494 493/493/493 507/507/507 
f 507/507/507 493/493/493 508/508/508 
f 493/493/493 492/492/492 508/508/508 
f 508/508/508 492/492/492 509/509/509 
f 492/492/492 491/491/491 509/509/509 
f 509/509/509 491/491/491 510/510/510 
f 491/491/491 490/490/490 510/510/510 
f 510/510/510 490/490/490 511/511/511 
f 490/490/490 489/489/489 511/511/511 
f 511/511/511 489/489/489 512/512/512 
f 489/489/489 488/488/488 512/512/512 
f 512/512/512 488/488/488 513/513/513 
f 488/488/488 487/487/487 513/513/513 
f 513/513/513 487/487/487 514/514/514 
f 487/487/487 486/486/486 514/514/514 
f 514/514/514 486/486/486 515/515/515 
f 486/486/486 486/486/486 515/515/515 
f 515/515/515 486/486/486 516/516/516 
f 486/486/486 485/485/485 516/516/516 
f 516/516/516 485/485/485 517/517/517 
f 485/485/485 484/484/484 517/517/517 
f 517/517/517 484/484/484 518/518/518 
f 484/484/484 483/483/483 518/518/518 
f 518/518/518 483/483/483 519/519/519 
f 483/483/483 482/482/482 519/519/519 
f 519/519/519 482/482/482 520/520/520 
f 482/482/482 481/481/481 520/520/520 
f 520/520/520 481/481/481 521/521/521 
f 481/481/481 480/480/480 521/521/521 
f 521/521/521 480/480/480 522/522/522 
f 480/480/480 479/479/479 522/522/522 
f 522/522/522 479/479/479 523/523/523 
f 479/479/479 478/478/478 523/523/523 
f 523/523/523 478/478/478 524/524/524 
f 478/478/478 416/416/416 524/524/524 
f 524/524/524 416/416/416 525/525/525 
f 416/416/416 417/417/417 525/525/525 
f 525/525/525 417/417/417 526/526/526 
f 417/417/417 418/418/418 526/526/526 
f 526/526/526 418/418/418 527/527/527 
f 418/418/418 419/419/419 527/527/527 
f 527/527/527 419/419/419 528/528/528 
f 419/419/419 420/420/420 528/528/528 
f 528/528/528 420/420/420 529/529/529 
f 420/420/420 421/421/421 529/529/529 
f 529/529/529 421/421/421 530/530/530 
f 421/421/421 422/422/422 530/530/530 
f 530/530/530 422/422/422 531/531/531 
f 422/422/422 423/423/423 531/531/531 
f 531/531/531 423/423/423 532/532/532 
f 423/423/423 424/424/424 532/532/532 
f 532/532/532 424/424/424 533/533/533 
f 424/424/424 425/425/425 533/533/533 
f 533/533/533 425/425/425 534/534/534 
f 425/425/425 426/426/426 534/534/534 
f 534/534/534 426/426/426 535/535/535 
f 426/426/426 427/427/427 535/535/535 
f 535/535/535 427/427/427 536/536/536 
f 427/427/427 427/427/427 536/536/536 
f 536/536/536 427/427/427 537/537/537 
f 427/427/427 428/428/428 537/537/537 
f 537/537/537 428/428/428 538/538/538 
f 428/428/428 429/429/429 538/538/538 
f 538/538/538 429/429/429 539/539/539 
f 429/429/429 430/430/430 539/539/539 
f 539/539/539 430/430/430 540/540/540 
f 430/430/430 431/431/431 540/540/540 
f 540/540/540 431/431/431 541/541/541 
f 431/431/431 432/432/432 541/541/541 
f 541/541/541 432/432/432 542/542/542 
f 432/432/432 433/433/433 542/542/542 
f 542/542/542 433/433/433 543/543/543 
f 433/433/433 434/434/434 543/543/543 
f 543/543/543 434/434/434 544/544/544 
f 434/434/434 435/435/435 544/544/544 
f 544/544/544 435/435/435 545/545/545 
f 435/435/435 436/436/436 545/545/545 
f 545/545/545 436/436/436 546/546/546 
f 436/436/436 437/437/437 546/546/546 
f 546/546/546 437/437/437 547/547/547 
f 437/437/437 438/438/438 547/547/547 
f 547/547/547 438/438/438 548/548/548 
f 438/438/438 439/439/439 548/548/548 
f 548/548/548 439/439/439 549/549/549 
f 439/439/439 550/550/550 549/549/549 
f 549/549/549 550/550/550 551/551/551 
f 550/550/550 551/551/551 551/551/551 
f 551/551/551 551/551/551 439/439/439 
f 551/551/551 439/439/439 439/439/439 
f 439/439/439 439/439/439 550/550/550 
f 439/439/439 440/440/440 550/550/550 
f 550/550/550 440/440/440 552/552/552 
f 440/440/440 441/441/441 552/552/552 
f 552/552/552 441/441/441 553/553/553 
f 441/441/441 442/442/442 553/553/553 
f 553/553/553 442/442/442 554/554/554 
f 442/442/442 443/443/443 554/554/554 
f 554/554/554 443/443/443 555/555/555 
f 443/443/443 444/444/444 555/555/555 
f 555/555/555 444/444/444 556/556/556 
f 444/444/444 445/445/445 556/556/556 
f 556/556/556 445/445/445 557/557/557 
f 445/445/445 446/446/446 557/557/557 
f 557/557/557 446/446/446 558/558/558 
f 446/446/446 447/447/447 558/558/558 
f 558/558/558 447/447/447 559/559/559 
f 447/447/447 448/448/448 559/559/559 
f 559/559/559 448/448/448 560/560/560 
f 448/448/448 449/449/449 560/560/560 
f 560/560/560 449/449/449 561/561/561 
f 449/449/449 450/450/450 561/561/561 
f 561/561/561 450/450/450 562/562/562 
f 450/450/450 451/451/451 562/562/562 
f 562/562/562 451/451/451 563/563/563 
f 451/451/451 452/452/452 563/563/563 
f 563/563/563 452/452/452 564/564/564 
f 452/452/452 453/453/453 564/564/564 
f 564/564/564 453/453/453 565/565/565 
f 453/453/453 454/454/454 565/565/565 
f 565/565/565 454/454/454 566/566/566 
f 454/454/454 455/455/455 566/566/566 
f 566/566/566 455/455/455 567/567/567 
f 455/455/455 456/456/456 567/567/567 
f 567/567/567 456/456/456 568/568/568 
f 456/456/456 457/457/457 568/568/568 
f 568/568/568 457/457/457 569/569/569 
f 457/457/457 500/500/500 569/569/569 
f 569/569/569 500/500/500 570/570/570 
f 500/500/500 501/501/501 570/570/570 
f 570/570/570 501/501/501 571/571/571 
f 501/501/501 501/501/501 571/571/571 
f 571/571/571 501/501/501 572/572/572 
f 501/501/501 502/502/502 572/572/572 
f 572/572/572 502/502/502 573/573/573 
f 502/502/502 503/503/503 573/573/573 
f 573/573/573 503/503/503 574/574/574 
f 503/503/503 504/504/504 574/574/574 
f 574/574/574 504/504/504 575/575/575 
f 504/504/504 505/505/505 575/575/575 
f 575/575/575 505/505/505 576/576/576 
f 505/505/505 506/506/506 576/576/576 
f 576/576/576 506/506/506 577/577/577 
f 506/506/506 507/507/507 577/577/577 
f 577/577/577 507/507/507 578/578/578 
f 507/507/507 508/508/508 578/578/578 
f 578/578/578 508/508/508 579/579/579 
f 508/508/508 509/509/509 579/579/579 
f 579/579/579 509/509/509 580/580/580 
f 509/509/509 510/510/510 580/580/580 
f 580/580/580 510/510/510 581/581/581 
f 510/510/510 511/511/511 581/581/581 
f 581/581/581 511/511/511 582/582/582 
f 511/511/511 512/512/512 582/582/582 
f 582/582/582 512/512/512 583/583/583 
f 512/512/512 513/513/513 583/583/583 
f 583/583/583 513/513/513 584/584/584 
f 513/513/513 514/514/514 584/584/584 
f 584/584/584 514/514/514 585/585/585 
f 514/514/514 515/515/515 585/585/585 
f 585/585/585 515/515/515 586/586/586 
f 515/515/515 515/515/515 586/586/586 
f 586/586/586 515/515/515 587/587/587 
f 515/515/515 516/516/516 587/587/587 
f 587/587/587 516/516/516 588/588/588 
f 516/516/516 517/517/517 588/588/588 
f 588/588/588 517/517/517 589/589/589 
f 517/517/517 518/518/518 589/589/589 
f 589/589/589 518/518/518 590/590/590 
f 518/518/518 519/519/519 590/590/590 
f 590/590/590 519/519/519 591/591/591 
f 519/519/519 520/520/520 591/591/591 
f 591/591/591 520/520/520 592/592/592 
f 520/520/520 521/521/521 592/592/592 
f 592/592/592 521/521/521 593/593/593 
f 521/521/521 522/522/522 593/593/593 
f 593/593/593 522/522/522 594/594/594 
f 522/522/522 523/523/523 594/594/594 
f 594/594/594 523/523/523 595/595/595 
f 523/523/523 524/524/524 595/595/595 
f 595/595/595 524/524/524 596/596/596 
f 524/524/524 525/525/525 596/596/596 
f 596/596/596 525/525/525 597/597/597 
f 525/525/525 526/526/526 597/597/597 
f 597/597/597 526/526/526 598/598/598 
f 526/526/526 527/527/527 598/598/598 
f 598/598/598 527/527/527 599/599/599 
f 527/527/527 528/528/528 599/599/599 
f 599/599/599 528/528/528 600/600/600 
f 528/528/528 529/529/529 600/600/600 
f 600/600/600 529/529/529 601/601/601 
f 529/529/529 530/530/530 601/601/601 
f 601/601/601 530/530/530 602/602/602 
f 530/530/530 531/531/531 602/602/602 
f 602/602/602 531/531/531 603/603/603 
f 531/531/531 532/532/532 603/603/603 
f 603/603/603 532/532/532 604/604/604 
f 532/532/532 533/533/533 604/604/604 
f 604/604/604 533/533/533 605/605/605 
f 533/533/533 534/534/534 605/605/605 
f 605/605/605 534/534/534 606/606/606 
f 534/534/534 535/535/535 606/606/606 
f 606/606/606 535/535/535 607/607/607 
f 535/535/535 536/536/536 607/607/607 
f 607/607/607 536/536/536 536/536/536 
f 536/536/536 607/607/607 536/536/536 
f 536/536/536 607/607/607 607/607/607 
f 607/607/607 608/608/608 607/607/607 
f 607/607/607 608/608/608 606/606/606 
f 608/608/608 609/609/609 606/606/606 
f 606/606/606 609/609/609 605/605/605 
f 609/609/609 610/610/610 605/605/605 
f 605/605/605 610/610/610 604/604/604 
f 610/610/610 611/611/611 604/604/604 
f 604/604/604 611/611/611 603/603/603 
f 611/611/611 612/612/612 603/603/603 
f 603/603/603 612/612/612 602/602/602 
f 612/612/612 613/613/613 602/602/602 
f 602/602/602 613/613/613 601/601/601 
f 613/613/613 614/614/614 601/601/601 
f 601/601/601 614/614/614 600/600/600 
f 614/614/614 615/615/615 600/600/600 
f 600/600/600 615/615/615 599/599/599 
f 615/615/615 616/616/616 599/599/599 
f 599/599/599 616/616/616 598/598/598 
f 616/616/616 617/617/617 598/598/598 
f 598/598/598 617/617/617 597/597/597 
f 617/617/617 618/618/618 597/597/597 
f 597/597/597 618/618/618 596/596/596 
f 618/618/618 619/619/619 596/596/596 
f 596/596/596 619/619/619 595/595/595 
f 619/619/619 620/620/620 595/595/595 
f 595/595/595 620/620/620 594/594/594 
f 620/620/620 621/621/621 594/594/594 
f 594/594/594 621/621/621 593/593/593 
f 621/621/621 622/622/622 593/593/593 
f 593/593/593 622/622/622 592/592/592 
f 622/622/622 623/623/623 592/592/592 
f 592/592/592 623/623/623 591/591/591 
f 623/623/623 624/624/624 591/591/591 
f 591/591/591 624/624/624 590/590/590 
f 624/624/624 625/625/625 590/590/590 
f 590/590/590 625/625/625 589/589/589 
f 625/625/625 626/626/626 589/589/589 
f 589/589/589 626/626/626 588/588/588 
f 626/626/626 627/627/627 588/588/588 
f 588/588/588 627/627/627 587/587/587 
f 627/627/627 628/628/628 587/587/587 
f 587/587/587 628/628/628 586/586/586 
f 628/628/628 629/629/629 586/586/586 
f 586/586/586 629/629/629 586/586/586 
f 629/629/629 630/630/630 586/586/586 
f 586/586/586 630/630/630 585/585/585 
f 630/630/630 631/631/631 585/585/585 
f 585/585/585 631/631/631 584/584/584 
f 631/631/631 632/632/632 584/584/584 
f 584/584/584 632/632/632 583/583/583 
f 632/632/632 633/633/633 583/583/583 
f 583/583/583 633/633/633 582/582/582 
f 633/633/633 634/634/634 582/582/582 
f 582/582/582 634/634/634 581/581/581 
f 634/634/634 635/635/635 581/581/581 
f 581/581/581 635/635/635 580/580/580 
f 635/635/635 636/636/636 580/580/580 
f 580/580/580 636/636/636 579/579/579 
f 636/636/636 637/637/637 579/579/579 
f 579/579/579 637/637/637 578/578/578 
f 637/637/637 638/638/638 578/578/578 
f 578/578/578 638/638/638 577/577/577 
f 638/638/638 639/639/639 577/577/577 
f 577/577/577 639/639/639 576/576/576 
f 639/639/639 640/640/640 576/576/576 
f 576/576/576 640/640/640 575/575/575 
f 640/640/640 641/641/641 575/575/575 
f 575/575/575 641/641/641 574/574/574 
f 641/641/641 642/642/642 574/574/574 
f 574/574/574 642/642/642 573/573/573 
f 642/642/642 643/643/643 573/573/573 
f 573/573/573 643/643/643 572/572/572 
f 643/643/643 644/644/644 572/572/572 
f 572/572/572 644/644/644 571/571/571 
f 644/644/644 571/571/571 571/571/571 
f 571/571/571 571/571/571 609/609/609 
f 571/571/571 609/609/609 609/609/609 
f 609/609/609 609/609/609 645/645/645 
f 609/609/609 608/608/608 645/645/645 
f 645/645/645 608/608/608 608/608/608 
f 608/608/608 644/644/644 608/608/608 
f 608/608/608 644/644/644 644/644/644 
f 644/644/644 643/643/643 644/644/644 
f 644/644/644 643/643/643 646/646/646 
f 643/643/643 643/643/643 646/646/646 
f 646/646/646 643/643/643 647/647/647 
f 643/643/643 642/642/642 647/647/647 
f 647/647/647 642/642/642 648/648/648 
f 642/642/642 641/641/641 648/648/648 
f 648/648/648 641/641/641 649/649/649 
f 641/641/641 640/640/640 649/649/649 
f 649/649/649 640/640/640 650/650/650 
f 640/640/640 639/639/639 650/650/650 
f 650/650/650 639/639/639 651/651/651 
f 639/639/639 638/638/638 651/651/651 
f 651/651/651 638/638/638 652/652/652 
f 638/638/638 637/637/637 652/652/652 
f 652/652/652 637/637/637 653/653/653 
f 637/637/637 636/636/636 653/653/653 
f 653/653/653 636/636/636 654/654/654 
f 636/636/636 635/635/635 654/654/654 
f 654/654/654 635/635/635 655/655/655 
f 635/635/635 634/634/634 655/655/655 
f 655/655/655 634/634/634 656/656/656 
f 634/634/634 633/633/633 656/656/656 
f 656/656/656 633/633/633 657/657/657 
f 633/633/633 632/632/632 657/657/657 
f 657/657/657 632/632/632 658/658/658 
f 632/632/632 631/631/631 658/658/658 
f 658/658/658 631/631/631 659/659/659 
f 631/631/631 630/630/630 659/659/659 
f 659/659/659 630/630/630 660/660/660 
f 630/630/630 629/629/629 660/660/660 
f 660/660/660 629/629/629 661/661/661 
f 629/629/629 629/629/629 661/661/661 
f 661/661/661 629/629/629 662/662/662 
f 629/629/629 628/628/628 662/662/662 
f 662/662/662 628/628/628 663/663/663 
f 628/628/628 627/627/627 663/663/663 
f 663/663/663 627/627/627 664/664/664 
f 627/627/627 626/626/626 664/664/664 
f 664/664/664 626/626/626 665/665/665 
f 626/626/626 625/625/625 665/665/665 
f 665/665/665 625/625/625 666/666/666 
f 625/625/625 624/624/624 666/666/666 
f 666/666/666 624/624/624 667/667/667 
f 624/624/624 623/623/623 667/667/667 
f 667/667/667 623/623/623 668/668/668 
f 623/623/623 622/622/622 668/668/668 
f 668/668/668 622/622/622 669/669/669 
f 622/622/622 621/621/621 669/669/669 
f 669/669/669 621/621/621 670/670/670 
f 621/621/621 620/620/620 670/670/670 
f 670/670/670 620/620/620 671/671/671 
f 620/620/620 619/619/619 671/671/671 
f 671/671/671 619/619/619 672/672/672 
f 619/619/619 618/618/618 672/672/672 
f 672/672/672 618/618/618 673/673/673 
f 618/618/618 617/617/617 673/673/673 
f 673/673/673 617/617/617 674/674/674 
f 617/617/617 616/616/616 674/674/674 
f 674/674/674 616/616/616 675/675/675 
f 616/616/616 615/615/615 675/675/675 
f 675/675/675 615/615/615 676/676/676 
f 615/615/615 614/614/614 676/676/676 
f 676/676/676 614/614/614 677/677/677 
f 614/614/614 613/613/613 677/677/677 
f 677/677/677 613/613/613 678/678/678 
f 613/613/613 612/612/612 678/678/678 
f 678/678/678 612/612/612 679/679/679 
f 612/612/612 611/611/611 679/679/679 
f 679/679/679 611/611/611 680/680/680 
f 611/611/611 610/610/610 680/680/680 
f 680/680/680 610/610/610 681/681/681 
f 610/610/610 609/609/609 681/681/681 
f 681/681/681 609/609/609 681/681/681 
f 609/609/609 645/645/645 681/681/681 
f 681/681/681 645/645/645 681/681/681 
f 645/645/645 682/682/682 681/681/681 
f 681/681/681 682/682/682 683/683/683 
f 682/682/682 684/684/684 683/683/683 
f 683/683/683 684/684/684 683/683/683 
f 684/684/684 685/685/685 683/683/683 
f 683/683/683 685/685/685 686/686/686 
f 685/685/685 687/687/687 686/686/686 
f 686/686/686 687/687/687 688/688/688 
f 687/687/687 689/689/689 688/688/688 
f 688/688/688 689/689/689 690/690/690 
f 689/689/689 691/691/691 690/690/690 
f 690/690/690 691/691/691 691/691/691 
f 691/691/691 681/681/681 691/691/691 
f 691/691/691 681/681/681 681/681/681 
f 681/681/681 683/683/683 681/681/681 
f 681/681/681 683/683/683 680/680/680 
f 683/683/683 686/686/686 680/680/680 
f 680/680/680 686/686/686 679/679/679 
f 686/686/686 688/688/688 679/679/679 
f 679/679/679 688/688/688 678/678/678 
f 688/688/688 690/690/690 678/678/678 
f 678/678/678 690/690/690 677/677/677 
f 690/690/690 692/692/692 677/677/677 
f 677/677/677 692/692/692 676/676/676 
f 692/692/692 693/693/693 676/676/676 
f 676/676/676 693/693/693 675/675/675 
f 693/693/693 694/694/694 675/675/675 
f 675/675/675 694/694/694 674/674/674 
f 694/694/694 674/674/674 674/674/674 
f 674/674/674 674/674/674 690/690/690 
f 674/674/674 690/690/690 690/690/690 
f 690/690/690 690/690/690 692/692/692 
f 690/690/690 691/691/691 692/692/692 
f 692/692/692 691/691/691 692/692/692 
f 691/691/691 695/695/695 692/692/692 
f 692/692/692 695/695/695 693/693/693 
f 695/695/695 696/696/696 693/693/693 
f 693/693/693 696/696/696 694/694/694 
f 696/696/696 697/697/697 694/694/694 
f 694/694/694 697/697/697 698/698/698 
f 697/697/697 699/699/699 698/698/698 
f 698/698/698 699/699/699 700/700/700 
f 699/699/699 701/701/701 700/700/700 
f 700/700/700 701/701/701 700/700/700 
f 701/701/701 702/702/702 700/700/700 
f 700/700/700 702/702/702 672/672/672 
f 702/702/702 702/702/702 672/672/672 
f 672/672/672 702/702/702 671/671/671 
f 702/702/702 703/703/703 671/671/671 
f 671/671/671 703/703/703 670/670/670 
f 703/703/703 704/704/704 670/670/670 
f 670/670/670 704/704/704 669/669/669 
f 704/704/704 705/705/705 669/669/669 
f 669/669/669 705/705/705 668/668/668 
f 705/705/705 706/706/706 668/668/668 
f 668/668/668 706/706/706 667/667/667 
f 706/706/706 707/707/707 667/667/667 
f 667/667/667 707/707/707 666/666/666 
f 707/707/707 708/708/708 666/666/666 
f 666/666/666 708/708/708 665/665/665 
f 708/708/708 709/709/709 665/665/665 
f 665/665/665 709/709/709 664/664/664 
f 709/709/709 710/710/710 664/664/664 
f 664/664/664 710/710/710 663/663/663 
f 710/710/710 711/711/711 663/663/663 
f 663/663/663 711/711/711 662/662/662 
f 711/711/711 712/712/712 662/662/662 
f 662/662/662 712/712/712 661/661/661 
f 712/712/712 713/713/713 661/661/661 
f 661/661/661 713/713/713 661/661/661 
f 713/713/713 714/714/714 661/661/661 
f 661/661/661 714/714/714 660/660/660 
f 714/714/714 715/715/715 660/660/660 
f 660/660/660 715/715/715 659/659/659 
f 715/715/715 716/716/716 659/659/659 
f 659/659/659 716/716/716 658/658/658 
f 716/716/716 717/717/717 658/658/658 
f 658/658/658 717/717/717 657/657/657 
f 717/717/717 718/718/718 657/657/657 
f 657/657/657 718/718/718 656/656/656 
f 718/718/718 719/719/719 656/656/656 
f 656/656/656 719/719/719 655/655/655 
f 719/719/719 720/720/720 655/655/655 
f 655/655/655 720/720/720 654/654/654 
f 720/720/720 721/721/721 654/654/654 
f 654/654/654 721/721/721 653/653/653 
f 721/721/721 722/722/722 653/653/653 
f 653/653/653 722/722/722 652/652/652 
f 722/722/722 723/723/723 652/652/652 
f 652/652/652 723/723/723 651/651/651 
f 723/723/723 724/724/724 651/651/651 
f 651/651/651 724/724/724 650/650/650 
f 724/724/724 725/725/725 650/650/650 
f 650/650/650 725/725/725 649/649/649 
f 725/725/725 726/726/726 649/649/649 
f 649/649/649 726/726/726 648/648/648 
f 726/726/726 727/727/727 648/648/648 
f 648/648/648 727/727/727 647/647/647 
f 727/727/727 728/728/728 647/647/647 
f 647/647/647 728/728/728 646/646/646 
f 728/728/728 646/646/646 646/646/646 
f 646/646/646 646/646/646 694/694/694 
f 646/646/646 694/694/694 694/694/694 
f 694/694/694 694/694/694 674/674/674 
f 694/694/694 698/698/698 674/674/674 
f 674/674/674 698/698/698 673/673/673 
f 698/698/698 700/700/700 673/673/673 
f 673/673/673 700/700/700 672/672/672 
f 700/700/700 672/672/672 672/672/672 
f 672/672/672 672/672/672 701/701/701 
f 672/672/672 701/701/701 701/701/701 
f 701/701/701 701/701/701 729/729/729 
f 701/701/701 699/699/699 729/729/729 
f 729/729/729 699/699/699 699/699/699 
f 699/699/699 728/728/728 699/699/699 
f 699/699/699 728/728/728 728/728/728 
f 728/728/728 727/727/727 728/728/728 
f 728/728/728 727/727/727 730/730/730 
f 727/727/727 727/727/727 730/730/730 
f 730/730/730 727/727/727 731/731/731 
f 727/727/727 726/726/726 731/731/731 
f 731/731/731 726/726/726 732/732/732 
f 726/726/726 725/725/725 732/732/732 
f 732/732/732 725/725/725 733/733/733 
f 725/725/725 724/724/724 733/733/733 
f 733/733/733 724/724/724 734/734/734 
f 724/724/724 723/723/723 734/734/734 
f 734/734/734 723/723/723 735/735/735 
f 723/723/723 722/722/722 735/735/735 
f 735/735/735 722/722/722 736/736/736 
f 722/722/722 721/721/721 736/736/736 
f 736/736/736 721/721/721 737/737/737 
f 721/721/721 720/720/720 737/737/737 
f 737/737/737 720/720/720 738/738/738 
f 720/720/720 719/719/719 738/738/738 
f 738/738/738 719/719/719 739/739/739 
f 719/719/719 718/718/718 739/739/739 
f 739/739/739 718/718/718 740/740/740 
f 718/718/718 717/717/717 740/740/740 
f 740/740/740 717/717/717 741/741/741 
f 717/717/717 716/716/716 741/741/741 
f 741/741/741 716/716/716 742/742/742 
f 716/716/716 715/715/715 742/742/742 
f 742/742/742 715/715/715 743/743/743 
f 715/715/715 714/714/714 743/743/743 
f 743/743/743 714/714/714 744/744/744 
f 714/714/714 713/713/713 744/744/744 
f 744/744/744 713/713/713 745/745/745 
f 713/713/713 713/713/713 745/745/745 
f 745/745/745 713/713/713 746/746/746 
f 713/713/713 712/712/712 746/746/746 
f 746/746/746 712/712/712 747/747/747 
f 712/712/712 711/711/711 747/747/747 
f 747/747/747 711/711/711 748/748/748 
f 711/711/711 710/710/710 748/748/748 
f 748/748/748 710/710/710 749/749/749 
f 710/710/710 709/709/709 749/749/749 
f 749/749/749 709/709/709 750/750/750 
f 709/709/709 708/708/708 750/750/750 
f 750/750/750 708/708/708 751/751/751 
f 708/708/708 707/707/707 751/751/751 
f 751/751/751 707/707/707 752/752/752 
f 707/707/707 706/706/706 752/752/752 
f 752/752/752 706/706/706 753/753/753 
f 706/706/706 705/705/705 753/753/753 
f 753/753/753 705/705/705 754/754/754 
f 705/705/705 704/704/704 754/754/754 
f 754/754/754 704/704/704 755/755/755 
f 704/704/704 703/703/703 755/755/755 
f 755/755/755 703/703/703 756/756/756 
f 703/703/703 702/702/702 756/756/756 
f 756/756/756 702/702/702 756/756/756 
f 702/702/702 701/701/701 756/756/756 
f 756/756/756 701/701/701 757/757/757 
f 701/701/701 729/729/729 757/757/757 
f 757/757/757 729/729/729 757/757/757 
f 729/729/729 758/758/758 757/757/757 
f 757/757/757 758/758/758 759/759/759 
f 758/758/758 760/760/760 759/759/759 
f 759/759/759 760/760/760 760/760/760 
f 760/760/760 759/759/759 760/760/760 
f 760/760/760 759/759/759 759/759/759 
f 759/759/759 761/761/761 759/759/759 
f 759/759/759 761/761/761 757/757/757 
f 761/761/761 761/761/761 757/757/757 
f 757/757/757 761/761/761 756/756/756 
f 761/761/761 761/761/761 756/756/756 
f 756/756/756 761/761/761 755/755/755 
f 761/761/761 762/762/762 755/755/755 
f 755/755/755 762/762/762 754/754/754 
f 762/762/762 763/763/763 754/754/754 
f 754/754/754 763/763/763 753/753/753 
f 763/763/763 764/764/764 753/753/753 
f 753/753/753 764/764/764 752/752/752 
f 764/764/764 765/765/765 752/752/752 
f 752/752/752 765/765/765 751/751/751 
f 765/765/765 766/766/766 751/751/751 
f 751/751/751 766/766/766 750/750/750 
f 766/766/766 767/767/767 750/750/750 
f 750/750/750 767/767/767 749/749/749 
f 767/767/767 768/768/768 749/749/749 
f 749/749/749 768/768/768 748/748/748 
f 768/768/768 769/769/769 748/748/748 
f 748/748/748 769/769/769 747/747/747 
f 769/769/769 770/770/770 747/747/747 
f 747/747/747 770/770/770 746/746/746 
f 770/770/770 771/771/771 746/746/746 
f 746/746/746 771/771/771 745/745/745 
f 771/771/771 772/772/772 745/745/745 
f 745/745/745 772/772/772 745/745/745 
f 772/772/772 773/773/773 745/745/745 
f 745/745/745 773/773/773 744/744/744 
f 773/773/773 774/774/774 744/744/744 
f 744/744/744 774/774/774 743/743/743 
f 774/774/774 775/775/775 743/743/743 
f 743/743/743 775/775/775 742/742/742 
f 775/775/775 776/776/776 742/742/742 
f 742/742/742 776/776/776 741/741/741 
f 776/776/776 777/777/777 741/741/741 
f 741/741/741 777/777/777 740/740/740 
f 777/777/777 778/778/778 740/740/740 
f 740/740/740 778/778/778 739/739/739 
f 778/778/778 779/779/779 739/739/739 
f 739/739/739 779/779/779 738/738/738 
f 779/779/779 780/780/780 738/738/738 
f 738/738/738 780/780/780 737/737/737 
f 780/780/780 781/781/781 737/737/737 
f 737/737/737 781/781/781 736/736/736 
f 781/781/781 782/782/782 736/736/736 
f 736/736/736 782/782/782 735/735/735 
f 782/782/782 783/783/783 735/735/735 
f 735/735/735 783/783/783 734/734/734 
f 783/783/783 784/784/784 734/734/734 
f 734/734/734 784/784/784 733/733/733 
f 784/784/784 785/785/785 733/733/733 
f 733/733/733 785/785/785 732/732/732 
f 785/785/785 786/786/786 732/732/732 
f 732/732/732 786/786/786 731/731/731 
f 786/786/786 787/787/787 731/731/731 
f 731/731/731 787/787/787 730/730/730 
f 787/787/787 730/730/730 730/730/730 
f 730/730/730 730/730/730 787/787/787 
f 730/730/730 787/787/787 787/787/787 
f 787/787/787 787/787/787 788/788/788 
f 787/787/787 786/786/786 788/788/788 
f 788/788/788 786/786/786 789/789/789 
f 786/786/786 785/785/785 789/789/789 
f 789/789/789 785/785/785 790/790/790 
f 785/785/785 784/784/784 790/790/790 
f 790/790/790 784/784/784 791/791/791 
f 784/784/784 783/783/783 791/791/791 
f 791/791/791 783/783/783 792/792/792 
f 783/783/783 782/782/782 792/792/792 
f 792/792/792 782/782/782 793/793/793 
f 782/782/782 781/781/781 793/793/793 
f 793/793/793 781/781/781 794/794/794 
f 781/781/781 780/780/780 794/794/794 
f 794/794/794 780/780/780 795/795/795 
f 780/780/780 779/779/779 795/795/795 
f 795/795/795 779/779/779 796/796/796 
f 779/779/779 778/778/778 796/796/796 
f 796/796/796 778/778/778 797/797/797 
f 778/778/778 777/777/777 797/797/797 
f 797/797/797 777/777/777 798/798/798 
f 777/777/777 776/776/776 798/798/798 
f 798/798/798 776/776/776 799/799/799 
f 776/776/776 775/775/775 799/799/799 
f 799/799/799 775/775/775 800/800/800 
f 775/775/775 774/774/774 800/800/800 
f 800/800/800 774/774/774 801/801/801 
f 774/774/774 773/773/773 801/801/801 
f 801/801/801 773/773/773 802/802/802 
f 773/773/773 772/772/772 802/802/802 
f 802/802/802 772/772/772 803/803/803 
f 772/772/772 772/772/772 803/803/803 
f 803/803/803 772/772/772 804/804/804 
f 772/772/772 771/771/771 804/804/804 
f 804/804/804 771/771/771 805/805/805 
f 771/771/771 770/770/770 805/805/805 
f 805/805/805 770/770/770 806/806/806 
f 770/770/770 769/769/769 806/806/806 
f 806/806/806 769/769/769 807/807/807 
f 769/769/769 768/768/768 807/807/807 
f 807/807/807 768/768/768 808/808/808 
f 768/768/768 767/767/767 808/808/808 
f 808/808/808 767/767/767 809/809/809 
f 767/767/767 766/766/766 809/809/809 
f 809/809/809 766/766/766 810/810/810 
f 766/766/766 765/765/765 810/810/810 
f 810/810/810 765/765/765 811/811/811 
f 765/765/765 764/764/764 811/811/811 
f 811/811/811 764/764/764 812/812/812 
f 764/764/764 763/763/763 812/812/812 
f 812/812/812 763/763/763 813/813/813 
f 763/763/763 762/762/762 813/813/813 
f 813/813/813 762/762/762 814/814/814 
f 762/762/762 761/761/761 814/814/814 
f 814/814/814 761/761/761 814/814/814 
f 761/761/761 759/759/759 814/814/814 
f 814/814/814 759/759/759 815/815/815 
f 759/759/759 760/760/760 815/815/815 
f 815/815/815 760/760/760 815/815/815 
f 760/760/760 816/816/816 815/815/815 
f 815/815/815 816/816/816 817/817/817 
f 816/816/816 818/818/818 817/817/817 
f 817/817/817 818/818/818 818/818/818 
f 818/818/818 817/817/817 818/818/818 
f 818/818/818 817/817/817 817/817/817 
f 817/817/817 819/819/819 817/817/817 
f 817/817/817 819/819/819 815/815/815 
f 819/819/819 819/819/819 815/815/815 
f 815/815/815 819/819/819 814/814/814 
f 819/819/819 819/819/819 814/814/814 
f 814/814/814 819/819/819 813/813/813 
f 819/819/819 820/820/820 813/813/813 
f 813/813/813 820/820/820 812/812/812 
f 820/820/820 821/821/821 812/812/812 
f 812/812/812 821/821/821 811/811/811 
f 821/821/821 822/822/822 811/811/811 
f 811/811/811 822/822/822 810/810/810 
f 822/822/822 823/823/823 810/810/810 
f 810/810/810 823/823/823 809/809/809 
f 823/823/823 824/824/824 809/809/809 
f 809/809/809 824/824/824 808/808/808 
f 824/824/824 825/825/825 808/808/808 
f 808/808/808 825/825/825 807/807/807 
f 825/825/825 826/826/826 807/807/807 
f 807/807/807 826/826/826 806/806/806 
f 826/826/826 827/827/827 806/806/806 
f 806/806/806 827/827/827 805/805/805 
f 827/827/827 828/828/828 805/805/805 
f 805/805/805 828/828/828 804/804/804 
f 828/828/828 829/829/829 804/804/804 
f 804/804/804 829/829/829 803/803/803 
f 829/829/829 830/830/830 803/803/803 
f 803/803/803 830/830/830 803/803/803 
f 830/830/830 831/831/831 803/803/803 
f 803/803/803 831/831/831 802/802/802 
f 831/831/831 832/832/832 802/802/802 
f 802/802/802 832/832/832 801/801/801 
f 832/832/832 833/833/833 801/801/801 
f 801/801/801 833/833/833 800/800/800 
f 833/833/833 834/834/834 800/800/800 
f 800/800/800 834/834/834 799/799/799 
f 834/834/834 835/835/835 799/799/799 
f 799/799/799 835/835/835 798/798/798 
f 835/835/835 836/836/836 798/798/798 
f 798/798/798 836/836/836 797/797/797 
f 836/836/836 837/837/837 797/797/797 
f 797/797/797 837/837/837 796/796/796 
f 837/837/837 838/838/838 796/796/796 
f 796/796/796 838/838/838 795/795/795 
f 838/838/838 839/839/839 795/795/795 
f 795/795/795 839/839/839 794/794/794 
f 839/839/839 840/840/840 794/794/794 
f 794/794/794 840/840/840 793/793/793 
f 840/840/840 841/841/841 793/793/793 
f 793/793/793 841/841/841 792/792/792 
f 841/841/841 842/842/842 792/792/792 
f 792/792/792 842/842/842 791/791/791 
f 842/842/842 843/843/843 791/791/791 
f 791/791/791 843/843/843 790/790/790 
f 843/843/843 844/844/844 790/790/790 
f 790/790/790 844/844/844 789/789/789 
f 844/844/844 845/845/845 789/789/789 
f 789/789/789 845/845/845 788/788/788 
f 845/845/845 788/788/788 788/788/788 
f 788/788/788 788/788/788 845/845/845 
f 788/788/788 845/845/845 845/845/845 
f 845/845/845 845/845/845 846/846/846 
f 845/845/845 844/844/844 846/846/846 
f 846/846/846 844/844/844 847/847/847 
f 844/844/844 843/843/843 847/847/847 
f 847/847/847 843/843/843 848/848/848 
f 843/843/843 842/842/842 848/848/848 
f 848/848/848 842/842/842 849/849/849 
f 842/842/842 841/841/841 849/849/849 
f 849/849/849 841/841/841 850/850/850 
f 841/841/841 840/840/840 850/850/850 
f 850/850/850 840/840/840 851/851/851 
f 840/840/840 839/839/839 851/851/851 
f 851/851/851 839/839/839 852/852/852 
f 839/839/839 838/838/838 852/852/852 
f 852/852/852 838/838/838 853/853/853 
f 838/838/838 837/837/837 853/853/853 
f 853/853/853 837/837/837 854/854/854 
f 837/837/837 836/836/836 854/854/854 
f 854/854/854 836/836/836 855/855/855 
f 836/836/836 835/835/835 855/855/855 
f 855/855/855 835/835/835 856/856/856 
f 835/835/835 834/834/834 856/856/856 
f 856/856/856 834/834/834 857/857/857 
f 834/834/834 833/833/833 857/857/857 
f 857/857/857 833/833/833 858/858/858 
f 833/833/833 832/832/832 858/858/858 
f 858/858/858 832/832/832 859/859/859 
f 832/832/832 831/831/831 859/859/859 
f 859/859/859 831/831/831 860/860/860 
f 831/831/831 830/830/830 860/860/860 
f 860/860/860 830/830/830 861/861/861 
f 830/830/830 830/830/830 861/861/861 
f 861/861/861 830/830/830 862/862/862 
f 830/830/830 829/829/829 862/862/862 
f 862/862/862 829/829/829 863/863/863 
f 829/829/829 828/828/828 863/863/863 
f 863/863/863 828/828/828 864/864/864 
f 828/828/828 827/827/827 864/864/864 
f 864/864/864 827/827/827 865/865/865 
f 827/827/827 826/826/826 865/865/865 
f 865/865/865 826/826/826 866/866/866 
f 826/826/826 825/825/825 866/866/866 
f 866/866/866 825/825/825 867/867/867 
f 825/825/825 824/824/824 867/867/867 
f 867/867/867 824/824/824 868/868/868 
f 824/824/824 823/823/823 868/868/868 
f 868/868/868 823/823/823 869/869/869 
f 823/823/823 822/822/822 869/869/869 
f 869/869/869 822/822/822 870/870/870 
f 822/822/822 821/821/821 870/870/870 
f 870/870/870 821/821/821 871/871/871 
f 821/821/821 820/820/820 871/871/871 
f 871/871/871 820/820/820 872/872/872 
f 820/820/820 819/819/819 872/872/872 
f 872/872/872 819/819/819 872/872/872 
f 819/819/819 817/817/817 872/872/872 
f 872/872/872 817/817/817 873/873/873 
f 817/817/817 818/818/818 873/873/873 
f 873/873/873 818/818/818 873/873/873 
f 818/818/818 874/874/874 873/873/873 
f 873/873/873 874/874/874 875/875/875 
f 874/874/874 876/876/876 875/875/875 
f 875/875/875 876/876/876 876/876/876 
f 876/876/876 875/875/875 876/876/876 
f 876/876/876 875/875/875 875/875/875 
f 875/875/875 877/877/877 875/875/875 
f 875/875/875 877/877/877 873/873/873 
f 877/877/877 877/877/877 873/873/873 
f 873/873/873 877/877/877 872/872/872 
f 877/877/877 877/877/877 872/872/872 
f 872/872/872 877/877/877 871/871/871 
f 877/877/877 878/878/878 871/871/871 
f 871/871/871 878/878/878 870/870/870 
f 878/878/878 879/879/879 870/870/870 
f 870/870/870 879/879/879 869/869/869 
f 879/879/879 880/880/880 869/869/869 
f 869/869/869 880/880/880 868/868/868 
f 880/880/880 881/881/881 868/868/868 
f 868/868/868 881/881/881 867/867/867 
f 881/881/881 882/882/882 867/867/867 
f 867/867/867 882/882/882 866/866/866 
f 882/882/882 883/883/883 866/866/866 
f 866/866/866 883/883/883 865/865/865 
f 883/883/883 884/884/884 865/865/865 
f 865/865/865 884/884/884 864/864/864 
f 884/884/884 885/885/885 864/864/864 
f 864/864/864 885/885/885 863/863/863 
f 885/885/885 886/886/886 863/863/863 
f 863/863/863 886/886/886 862/862/862 
f 886/886/886 887/887/887 862/862/862 
f 862/862/862 887/887/887 861/861/861 
f 887/887/887 888/888/888 861/861/861 
f 861/861/861 888/888/888 861/861/861 
f 888/888/888 889/889/889 861/861/861 
f 861/861/861 889/889/889 860/860/860 
f 889/889/889 890/890/890 860/860/860 
f 860/860/860 890/890/890 859/859/859 
f 890/890/890 891/891/891 859/859/859 
f 859/859/859 891/891/891 858/858/858 
f 891/891/891 892/892/892 858/858/858 
f 858/858/858 892/892/892 857/857/857 
f 892/892/892 893/893/893 857/857/857 
f 857/857/857 893/893/893 856/856/856 
f 893/893/893 894/894/894 856/856/856 
f 856/856/856 894/894/894 855/855/855 
f 894/894/894 895/895/895 855/855/855 
f 855/855/855 895/895/895 854/854/854 
f 895/895/895 896/896/896 854/854/854 
f 854/854/854 896/896/896 853/853/853 
f 896/896/896 897/897/897 853/853/853 
f 853/853/853 897/897/897 852/852/852 
f 897/897/897 898/898/898 852/852/852 
f 852/852/852 898/898/898 851/851/851 
f 898/898/898 899/899/899 851/851/851 
f 851/851/851 899/899/899 850/850/850 
f 899/899/899 900/900/900 850/850/850 
f 850/850/850 900/900/900 849/849/849 
f 900/900/900 901/901/901 849/849/849 
f 849/849/849 901/901/901 848/848/848 
f 901/901/901 902/902/902 848/848/848 
f 848/848/848 902/902/902 847/847/847 
f 902/902/902 903/903/903 847/847/847 
f 847/847/847 903/903/903 846/846/846 
f 903/903/903 846/846/846 846/846/846 
f 846/846/846 846/846/846 903/903/903 
f 846/846/846 903/903/903 903/903/903 
f 903/903/903 903/903/903 904/904/904 
f 903/903/903 902/902/902 904/904/904 
f 904/904/904 902/902/902 905/905/905 
f 902/902/902 901/901/901 905/905/905 
f 905/905/905 901/901/901 906/906/906 
f 901/901/901 900/900/900 906/906/906 
f 906/906/906 900/900/900 907/907/907 
f 900/900/900 899/899/899 907/907/907 
f 907/907/907 899/899/899 908/908/908 
f 899/899/899 898/898/898 908/908/908 
f 908/908/908 898/898/898 909/909/909 
f 898/898/898 897/897/897 909/909/909 
f 909/909/909 897/897/897 910/910/910 
f 897/897/897 896/896/896 910/910/910 
f 910/910/910 896/896/896 911/911/911 
f 896/896/896 895/895/895 911/911/911 
f 911/911/911 895/895/895 912/912/912 
f 895/895/895 894/894/894 912/912/912 
f 912/912/912 894/894/894 913/913/913 
f 894/894/894 893/893/893 913/913/913 
f 913/913/913 893/893/893 914/914/914 
f 893/893/893 892/892/892 914/914/914 
f 914/914/914 892/892/892 915/915/915 
f 892/892/892 891/891/891 915/915/915 
f 915/915/915 891/891/891 916/916/916 
f 891/891/891 890/890/890 916/916/916 
f 916/916/916 890/890/890 917/917/917 
f 890/890/890 889/889/889 917/917/917 
f 917/917/917 889/889/889 918/918/918 
f 889/889/889 888/888/888 918/918/918 
f 918/918/918 888/888/888 919/919/919 
f 888/888/888 888/888/888 919/919/919 
f 919/919/919 888/888/888 920/920/920 
f 888/888/888 887/887/887 920/920/920 
f 920/920/920 887/887/887 921/921/921 
f 887/887/887 886/886/886 921/921/921 
f 921/921/921 886/886/886 922/922/922 
f 886/886/886 885/885/885 922/922/922 
f 922/922/922 885/885/885 923/923/923 
f 885/885/885 884/884/884 923/923/923 
f 923/923/923 884/884/884 924/924/924 
f 884/884/884 883/883/883 924/924/924 
f 924/924/924 883/883/883 925/925/925 
f 883/883/883 882/882/882 925/925/925 
f 925/925/925 882/882/882 926/926/926 
f 882/882/882 881/881/881 926/926/926 
f 926/926/926 881/881/881 927/927/927 
f 881/881/881 880/880/880 927/927/927 
f 927/927/927 880/880/880 928/928/928 
f 880/880/880 879/879/879 928/928/928 
f 928/928/928 879/879/879 929/929/929 
f 879/879/879 878/878/878 929/929/929 
f 929/929/929 878/878/878 930/930/930 
f 878/878/878 877/877/877 930/930/930 
f 930/930/930 877/877/877 930/930/930 
f 877/877/877 875/875/875 930/930/930 
f 930/930/930 875/875/875 931/931/931 
f 875/875/875 876/876/876 931/931/931 
f 931/931/931 876/876/876 931/931/931 
f 876/876/876 932/932/932 931/931/931 
f 931/931/931 932/932/932 933/933/933 
f 932/932/932 934/934/934 933/933/933 
f 933/933/933 934/934/934 934/934/934 
f 934/934/934 933/933/933 934/934/934 
f 934/934/934 933/933/933 933/933/933 
f 933/933/933 935/935/935 933/933/933 
f 933/933/933 935/935/935 931/931/931 
f 935/935/935 935/935/935 931/931/931 
f 931/931/931 935/935/935 930/930/930 
f 935/935/935 935/935/935 930/930/930 
f 930/930/930 935/935/935 929/929/929 
f 935/935/935 936/936/936 929/929/929 
f 929/929/929 936/936/936 928/928/928 
f 936/936/936 937/937/937 928/928/928 
f 928/928/928 937/937/937 927/927/927 
f 937/937/937 938/938/938 927/927/927 
f 927/927/927 938/938/938 926/926/926 
f 938/938/938 939/939/939 926/926/926 
f 926/926/926 939/939/939 925/925/925 
f 939/939/939 940/940/940 925/925/925 
f 925/925/925 940/940/940 924/924/924 
f 940/940/940 941/941/941 924/924/924 
f 924/924/924 941/941/941 923/923/923 
f 941/941/941 942/942/942 923/923/923 
f 923/923/923 942/942/942 922/922/922 
f 942/942/942 943/943/943 922/922/922 
f 922/922/922 943/943/943 921/921/921 
f 943/943/943 944/944/944 921/921/921 
f 921/921/921 944/944/944 920/920/920 
f 944/944/944 945/945/945 920/920/920 
f 920/920/920 945/945/945 919/919/919 
f 945/945/945 946/946/946 919/919/919 
f 919/919/919 946/946/946 947/947/947 
f 946/946/946 948/948/948 947/947/947 
f 947/947/947 948/948/948 947/947/947 
f 948/948/948 949/949/949 947/947/947 
f 947/947/947 949/949/949 918/918/918 
f 949/949/949 917/917/917 918/918/918 
f 918/918/918 917/917/917 917/917/917 
f 917/917/917 947/947/947 917/917/917 
f 917/917/917 947/947/947 947/947/947 
f 947/947/947 918/918/918 947/947/947 
f 947/947/947 918/918/918 919/919/919 
f 918/918/918 919/919/919 919/919/919 
f 919/919/919 919/919/919 948/948/948 
f 919/919/919 948/948/948 948/948/948 
f 948/948/948 948/948/948 950/950/950 
f 948/948/948 946/946/946 950/950/950 
f 950/950/950 946/946/946 951/951/951 
f 946/946/946 945/945/945 951/951/951 
f 951/951/951 945/945/945 952/952/952 
f 945/945/945 944/944/944 952/952/952 
f 952/952/952 944/944/944 953/953/953 
f 944/944/944 943/943/943 953/953/953 
f 953/953/953 943/943/943 954/954/954 
f 943/943/943 942/942/942 954/954/954 
f 954/954/954 942/942/942 955/955/955 
f 942/942/942 941/941/941 955/955/955 
f 955/955/955 941/941/941 956/956/956 
f 941/941/941 940/940/940 956/956/956 
f 956/956/956 940/940/940 957/957/957 
f 940/940/940 939/939/939 957/957/957 
f 957/957/957 939/939/939 958/958/958 
f 939/939/939 938/938/938 958/958/958 
f 958/958/958 938/938/938 959/959/959 
f 938/938/938 937/937/937 959/959/959 
f 959/959/959 937/937/937 960/960/960 
f 937/937/937 936/936/936 960/960/960 
f 960/960/960 936/936/936 961/961/961 
f 936/936/936 935/935/935 961/961/961 
f 961/961/961 935/935/935 961/961/961 
f 935/935/935 933/933/933 961/961/961 
f 961/961/961 933/933/933 962/962/962 
f 933/933/933 934/934/934 962/962/962 
f 962/962/962 934/934/934 962/962/962 
f 934/934/934 963/963/963 962/962/962 
f 962/962/962 963/963/963 964/964/964 
f 963/963/963 965/965/965 964/964/964 
f 964/964/964 965/965/965 965/965/965 
f 965/965/965 964/964/964 965/965/965 
f 965/965/965 964/964/964 964/964/964 
f 964/964/964 966/966/966 964/964/964 
f 964/964/964 966/966/966 962/962/962 
f 966/966/966 966/966/966 962/962/962 
f 962/962/962 966/966/966 961/961/961 
f 966/966/966 966/966/966 961/961/961 
f 961/961/961 966/966/966 960/960/960 
f 966/966/966 967/967/967 960/960/960 
f 960/960/960 967/967/967 959/959/959 
f 967/967/967 968/968/968 959/959/959 
f 959/959/959 968/968/968 958/958/958 
f 968/968/968 969/969/969 958/958/958 
f 958/958/958 969/969/969 957/957/957 
f 969/969/969 970/970/970 957/957/957 
f 957/957/957 970/970/970 956/956/956 
f 970/970/970 971/971/971 956/956/956 
f 956/956/956 971/971/971 955/955/955 
f 971/971/971 972/972/972 955/955/955 
f 955/955/955 972/972/972 954/954/954 
f 972/972/972 973/973/973 954/954/954 
f 954/954/954 973/973/973 953/953/953 
f 973/973/973 974/974/974 953/953/953 
f 953/953/953 974/974/974 952/952/952 
f 974/974/974 975/975/975 952/952/952 
f 952/952/952 975/975/975 951/951/951 
f 975/975/975 976/976/976 951/951/951 
f 951/951/951 976/976/976 950/950/950 
f 976/976/976 950/950/950 950/950/950 
f 950/950/950 950/950/950 976/976/976 
f 950/950/950 976/976/976 976/976/976 
f 976/976/976 976/976/976 977/977/977 
f 976/976/976 975/975/975 977/977/977 
f 977/977/977 975/975/975 978/978/978 
f 975/975/975 974/974/974 978/978/978 
f 978/978/978 974/974/974 979/979/979 
f 974/974/974 973/973/973 979/979/979 
f 979/979/979 973/973/973 980/980/980 
f 973/973/973 972/972/972 980/980/980 
f 980/980/980 972/972/972 981/981/981 
f 972/972/972 971/971/971 981/981/981 
f 981/981/981 971/971/971 982/982/982 
f 971/971/971 970/970/970 982/982/982 
f 982/982/982 970/970/970 983/983/983 
f 970/970/970 969/969/969 983/983/983 
f 983/983/983 969/969/969 984/984/984 
f 969/969/969 968/968/968 984/984/984 
f 984/984/984 968/968/968 985/985/985 
f 968/968/968 967/967/967 985/985/985 
f 985/985/985 967/967/967 986/986/986 
f 967/967/967 966/966/966 986/986/986 
f 986/986/986 966/966/966 986/986/986 
f 966/966/966 964/964/964 986/986/986 
f 986/986/986 964/964/964 987/987/987 
f 964/964/964 965/965/965 987/987/987 
f 987/987/987 965/965/965 987/987/987 
f 965/965/965 988/988/988 987/987/987 
f 987/987/987 988/988/988 989/989/989 
f 988/988/988 990/990/990 989/989/989 
f 989/989/989 990/990/990 990/990/990 
f 990/990/990 989/989/989 990/990/990 
f 990/990/990 989/989/989 989/989/989 
f 989/989/989 991/991/991 989/989/989 
f 989/989/989 991/991/991 987/987/987 
f 991/991/991 991/991/991 987/987/987 
f 987/987/987 991/991/991 986/986/986 
f 991/991/991 991/991/991 986/986/986 
f 986/986/986 991/991/991 985/985/985 
f 991/991/991 992/992/992 985/985/985 
f 985/985/985 992/992/992 984/984/984 
f 992/992/992 993/993/993 984/984/984 
f 984/984/984 993/993/993 983/983/983 
f 993/993/993 994/994/994 983/983/983 
f 983/983/983 994/994/994 982/982/982 
f 994/994/994 995/995/995 982/982/982 
f 982/982/982 995/995/995 981/981/981 
f 995/995/995 996/996/996 981/981/981 
f 981/981/981 996/996/996 980/980/980 
f 996/996/996 997/997/997 980/980/980 
f 980/980/980 997/997/997 979/979/979 
f 997/997/997 998/998/998 979/979/979 
f 979/979/979 998/998/998 978/978/978 
f 998/998/998 999/999/999 978/978/978 
f 978/978/978 999/999/999 977/977/977 
f 999/999/999 977/977/977 977/977/977 
f 977/977/977 977/977/977 999/999/999 
f 977/977/977 999/999/999 999/999/999 
f 999/999/999 999/999/999 1000/1000/1000 
f 999/999/999 998/998/998 1000/1000/1000 
f 1000/1000/1000 998/998/998 1001/1001/1001 
f 998/998/998 997/997/997 1001/1001/1001 
f 1001/1001/1001 997/997/997 1002/1002/1002 
f 997/997/997 996/996/996 1002/1002/1002 
f 1002/1002/1002 996/996/996 1003/1003/1003 
f 996/996/996 995/995/995 1003/1003/1003 
f 1003/1003/1003 995/995/995 1004/1004/1004 
f 995/995/995 994/994/994 1004/1004/1004 
f 1004/1004/1004 994/994/994 1005/1005/1005 
f 994/994/994 993/993/993 1005/1005/1005 
f 1005/1005/1005 993/993/993 1006/1006/1006 
f 993/993/993 992/992/992 1006/1006/1006 
f 1006/1006/1006 992/992/992 1007/1007/1007 
f 992/992/992 991/991/991 1007/1007/1007 
f 1007/1007/1007 991/991/991 1007/1007/1007 
f 991/991/991 989/989/989 1007/1007/1007 
f 1007/1007/1007 989/989/989 1008/1008/1008 
f 989/989/989 990/990/990 1008/1008/1008 
f 1008/1008/1008 990/990/990 1008/1008/1008 
f 990/990/990 1009/1009/1009 1008/1008/1008 
f 1008/1008/1008 1009/1009/1009 1010/1010/1010 
f 1009/1009/1009 1011/1011/1011 1010/1010/1010 
f 1010/1010/1010 1011/1011/1011 1011/1011/1011 
f 1011/1011/1011 1010/1010/1010 1011/1011/1011 
f 1011/1011/1011 1010/1010/1010 1010/1010/1010 
f 1010/1010/1010 1012/1012/1012 1010/1010/1010 
f 1010/1010/1010 1012/1012/1012 1008/1008/1008 
f 1012/1012/1012 1012/1012/1012 1008/1008/1008 
f 1008/1008/1008 1012/1012/1012 1007/1007/1007 
f 1012/1012/1012 1012/1012/1012 1007/1007/1007 
f 1007/1007/1007 1012/1012/1012 1006/1006/1006 
f 1012/1012/1012 1013/1013/1013 1006/1006/1006 
f 1006/1006/1006 1013/1013/1013 1005/1005/1005 
f 1013/1013/1013 1014/1014/1014 1005/1005/1005 
f 1005/1005/1005 1014/1014/1014 1004/1004/1004 
f 1014/1014/1014 1015/1015/1015 1004/1004/1004 
f 1004/1004/1004 1015/1015/1015 1003/1003/1003 
f 1015/1015/1015 1016/1016/1016 1003/1003/1003 
f 1003/1003/1003 1016/1016/1016 1002/1002/1002 
f 1016/1016/1016 1017/1017/1017 1002/1002/1002 
f 1002/1002/1002 1017/1017/1017 1001/1001/1001 
f 1017/1017/1017 1018/1018/1018 1001/1001/1001 
f 1001/1001/1001 1018/1018/1018 1000/1000/1000 
f 1018/1018/1018 1019/1019/1019 1000/1000/1000 
f 1000/1000/1000 1019/1019/1019 1000/1000/1000 
f 1019/1019/1019 1020/1020/1020 1000/1000/1000 
f 1000/1000/1000 1020/1020/1020 999/999/999 
f 1020/1020/1020 1021/1021/1021 999/999/999 
f 999/999/999 1021/1021/1021 977/977/977 
f 1021/1021/1021 1022/1022/1022 977/977/977 
f 977/977/977 1022/1022/1022 976/976/976 
f 1022/1022/1022 1023/1023/1023 976/976/976 
f 976/976/976 1023/1023/1023 950/950/950 
f 1023/1023/1023 1024/1024/1024 950/950/950 
f 950/950/950 1024/1024/1024 948/948/948 
f 1024/1024/1024 1025/1025/1025 948/948/948 
f 948/948/948 1025/1025/1025 949/949/949 
f 1025/1025/1025 1026/1026/1026 949/949/949 
f 949/949/949 1026/1026/1026 917/917/917 
f 1026/1026/1026 1026/1026/1026 917/917/917 
f 917/917/917 1026/1026/1026 916/916/916 
f 1026/1026/1026 1027/1027/1027 916/916/916 
f 916/916/916 1027/1027/1027 915/915/915 
f 1027/1027/1027 915/915/915 915/915/915 
f 915/915/915 915/915/915 1027/1027/1027 
f 915/915/915 1027/1027/1027 1027/1027/1027 
f 1027/1027/1027 1027/1027/1027 1028/1028/1028 
f 1027/1027/1027 1026/1026/1026 1028/1028/1028 
f 1028/1028/1028 1026/1026/1026 1028/1028/1028 
f 1026/1026/1026 1025/1025/1025 1028/1028/1028 
f 1028/1028/1028 1025/1025/1025 1029/1029/1029 
f 1025/1025/1025 1024/1024/1024 1029/1029/1029 
f 1029/1029/1029 1024/1024/1024 1030/1030/1030 
f 1024/1024/1024 1023/1023/1023 1030/1030/1030 
f 1030/1030/1030 1023/1023/1023 1031/1031/1031 
f 1023/1023/1023 1022/1022/1022 1031/1031/1031 
f 1031/1031/1031 1022/1022/1022 1032/1032/1032 
f 1022/1022/1022 1021/1021/1021 1032/1032/1032 
f 1032/1032/1032 1021/1021/1021 1033/1033/1033 
f 1021/1021/1021 1020/1020/1020 1033/1033/1033 
f 1033/1033/1033 1020/1020/1020 1034/1034/1034 
f 1020/1020/1020 1019/1019/1019 1034/1034/1034 
f 1034/1034/1034 1019/1019/1019 1035/1035/1035 
f 1019/1019/1019 1019/1019/1019 1035/1035/1035 
f 1035/1035/1035 1019/1019/1019 1036/1036/1036 
f 1019/1019/1019 1018/1018/1018 1036/1036/1036 
f 1036/1036/1036 1018/1018/1018 1037/1037/1037 
f 1018/1018/1018 1017/1017/1017 1037/1037/1037 
f 1037/1037/1037 1017/1017/1017 1038/1038/1038 
f 1017/1017/1017 1016/1016/1016 1038/1038/1038 
f 1038/1038/1038 1016/1016/1016 1039/1039/1039 
f 1016/1016/1016 1015/1015/1015 1039/1039/1039 
f 1039/1039/1039 1015/1015/1015 1040/1040/1040 
f 1015/1015/1015 1014/1014/1014 1040/1040/1040 
f 1040/1040/1040 1014/1014/1014 1041/1041/1041 
f 1014/1014/1014 1013/1013/1013 1041/1041/1041 
f 1041/1041/1041 1013/1013/1013 1042/1042/1042 
f 1013/1013/1013 1012/1012/1012 1042/1042/1042 
f 1042/1042/1042 1012/1012/1012 1042/1042/1042 
f 1012/1012/1012 1010/1010/1010 1042/1042/1042 
f 1042/1042/1042 1010/1010/1010 1043/1043/1043 
f 1010/1010/1010 1011/1011/1011 1043/1043/1043 
f 1043/1043/1043 1011/1011/1011 1043/1043/1043 
f 1011/1011/1011 1044/1044/1044 1043/1043/1043 
f 1043/1043/1043 1044/1044/1044 1045/1045/1045 
f 1044/1044/1044 1046/1046/1046 1045/1045/1045 
f 1045/1045/1045 1046/1046/1046 1046/1046/1046 
f 1046/1046/1046 1045/1045/1045 1046/1046/1046 
f 1046/1046/1046 1045/1045/1045 1045/1045/1045 
f 1045/1045/1045 1047/1047/1047 1045/1045/1045 
f 1045/1045/1045 1047/1047/1047 1043/1043/1043 
f 1047/1047/1047 1047/1047/1047 1043/1043/1043 
f 1043/1043/1043 1047/1047/1047 1042/1042/1042 
f 1047/1047/1047 1047/1047/1047 1042/1042/1042 
f 1042/1042/1042 1047/1047/1047 1041/1041/1041 
f 1047/1047/1047 1048/1048/1048 1041/1041/1041 
f 1041/1041/1041 1048/1048/1048 1040/1040/1040 
f 1048/1048/1048 1049/1049/1049 1040/1040/1040 
f 1040/1040/1040 1049/1049/1049 1039/1039/1039 
f 1049/1049/1049 1050/1050/1050 1039/1039/1039 
f 1039/1039/1039 1050/1050/1050 1038/1038/1038 
f 1050/1050/1050 1051/1051/1051 1038/1038/1038 
f 1038/1038/1038 1051/1051/1051 1037/1037/1037 
f 1051/1051/1051 1052/1052/1052 1037/1037/1037 
f 1037/1037/1037 1052/1052/1052 1036/1036/1036 
f 1052/1052/1052 1053/1053/1053 1036/1036/1036 
f 1036/1036/1036 1053/1053/1053 1035/1035/1035 
f 1053/1053/1053 1054/1054/1054 1035/1035/1035 
f 1035/1035/1035 1054/1054/1054 1035/1035/1035 
f 1054/1054/1054 1055/1055/1055 1035/1035/1035 
f 1035/1035/1035 1055/1055/1055 1034/1034/1034 
f 1055/1055/1055 1056/1056/1056 1034/1034/1034 
f 1034/1034/1034 1056/1056/1056 1033/1033/1033 
f 1056/1056/1056 1057/1057/1057 1033/1033/1033 
f 1033/1033/1033 1057/1057/1057 1032/1032/1032 
f 1057/1057/1057 1058/1058/1058 1032/1032/1032 
f 1032/1032/1032 1058/1058/1058 1031/1031/1031 
f 1058/1058/1058 1059/1059/1059 1031/1031/1031 
f 1031/1031/1031 1059/1059/1059 1030/1030/1030 
f 1059/1059/1059 1060/1060/1060 1030/1030/1030 
f 1030/1030/1030 1060/1060/1060 1029/1029/1029 
f 1060/1060/1060 1061/1061/1061 1029/1029/1029 
f 1029/1029/1029 1061/1061/1061 1028/1028/1028 
f 1061/1061/1061 1062/1062/1062 1028/1028/1028 
f 1028/1028/1028 1062/1062/1062 1027/1027/1027 
f 1062/1062/1062 1063/1063/1063 1027/1027/1027 
f 1027/1027/1027 1063/1063/1063 915/915/915 
f 1063/1063/1063 1063/1063/1063 915/915/915 
f 915/915/915 1063/1063/1063 914/914/914 
f 1063/1063/1063 1064/1064/1064 914/914/914 
f 914/914/914 1064/1064/1064 913/913/913 
f 1064/1064/1064 913/913/913 913/913/913 
f 913/913/913 913/913/913 1064/1064/1064 
f 913/913/913 1064/1064/1064 1064/1064/1064 
f 1064/1064/1064 1064/1064/1064 1065/1065/1065 
f 1064/1064/1064 1063/1063/1063 1065/1065/1065 
f 1065/1065/1065 1063/1063/1063 1065/1065/1065 
f 1063/1063/1063 1062/1062/1062 1065/1065/1065 
f 1065/1065/1065 1062/1062/1062 1066/1066/1066 
f 1062/1062/1062 1061/1061/1061 1066/1066/1066 
f 1066/1066/1066 1061/1061/1061 1067/1067/1067 
f 1061/1061/1061 1060/1060/1060 1067/1067/1067 
f 1067/1067/1067 1060/1060/1060 1068/1068/1068 
f 1060/1060/1060 1059/1059/1059 1068/1068/1068 
f 1068/1068/1068 1059/1059/1059 1069/1069/1069 
f 1059/1059/1059 1058/1058/1058 1069/1069/1069 
f 1069/1069/1069 1058/1058/1058 1070/1070/1070 
f 1058/1058/1058 1057/1057/1057 1070/1070/1070 
f 1070/1070/1070 1057/1057/1057 1071/1071/1071 
f 1057/1057/1057 1056/1056/1056 1071/1071/1071 
f 1071/1071/1071 1056/1056/1056 1072/1072/1072 
f 1056/1056/1056 1055/1055/1055 1072/1072/1072 
f 1072/1072/1072 1055/1055/1055 1073/1073/1073 
f 1055/1055/1055 1054/1054/1054 1073/1073/1073 
f 1073/1073/1073 1054/1054/1054 1074/1074/1074 
f 1054/1054/1054 1054/1054/1054 1074/1074/1074 
f 1074/1074/1074 1054/1054/1054 1075/1075/1075 
f 1054/1054/1054 1053/1053/1053 1075/1075/1075 
f 1075/1075/1075 1053/1053/1053 1076/1076/1076 
f 1053/1053/1053 1052/1052/1052 1076/1076/1076 
f 1076/1076/1076 1052/1052/1052 1077/1077/1077 
f 1052/1052/1052 1051/1051/1051 1077/1077/1077 
f 1077/1077/1077 1051/1051/1051 1078/1078/1078 
f 1051/1051/1051 1050/1050/1050 1078/1078/1078 
f 1078/1078/1078 1050/1050/1050 1079/1079/1079 
f 1050/1050/1050 1049/1049/1049 1079/1079/1079 
f 1079/1079/1079 1049/1049/1049 1080/1080/1080 
f 1049/1049/1049 1048/1048/1048 1080/1080/1080 
f 1080/1080/1080 1048/1048/1048 1081/1081/1081 
f 1048/1048/1048 1047/1047/1047 1081/1081/1081 
f 1081/1081/1081 1047/1047/1047 1081/1081/1081 
f 1047/1047/1047 1045/1045/1045 1081/1081/1081 
f 1081/1081/1081 1045/1045/1045 1082/1082/1082 
f 1045/1045/1045 1046/1046/1046 1082/1082/1082 
f 1082/1082/1082 1046/1046/1046 1082/1082/1082 
f 1046/1046/1046 1083/1083/1083 1082/1082/1082 
f 1082/1082/1082 1083/1083/1083 1084/1084/1084 
f 1083/1083/1083 1085/1085/1085 1084/1084/1084 
f 1084/1084/1084 1085/1085/1085 1085/1085/1085 
f 1085/1085/1085 1084/1084/1084 1085/1085/1085 
f 1085/1085/1085 1084/1084/1084 1084/1084/1084 
f 1084/1084/1084 1086/1086/1086 1084/1084/1084 
f 1084/1084/1084 1086/1086/1086 1082/1082/1082 
f 1086/1086/1086 1086/1086/1086 1082/1082/1082 
f 1082/1082/1082 1086/1086/1086 1081/1081/1081 
f 1086/1086/1086 1086/1086/1086 1081/1081/1081 
f 1081/1081/1081 1086/1086/1086 1080/1080/1080 
f 1086/1086/1086 1087/1087/1087 1080/1080/1080 
f 1080/1080/1080 1087/1087/1087 1079/1079/1079 
f 1087/1087/1087 1088/1088/1088 1079/1079/1079 
f 1079/1079/1079 1088/1088/1088 1078/1078/1078 
f 1088/1088/1088 1089/1089/1089 1078/1078/1078 
f 1078/1078/1078 1089/1089/1089 1077/1077/1077 
f 1089/1089/1089 1090/1090/1090 1077/1077/1077 
f 1077/1077/1077 1090/1090/1090 1076/1076/1076 
f 1090/1090/1090 1091/1091/1091 1076/1076/1076 
f 1076/1076/1076 1091/1091/1091 1075/1075/1075 
f 1091/1091/1091 1092/1092/1092 1075/1075/1075 
f 1075/1075/1075 1092/1092/1092 1074/1074/1074 
f 1092/1092/1092 1093/1093/1093 1074/1074/1074 
f 1074/1074/1074 1093/1093/1093 1074/1074/1074 
f 1093/1093/1093 1094/1094/1094 1074/1074/1074 
f 1074/1074/1074 1094/1094/1094 1073/1073/1073 
f 1094/1094/1094 1095/1095/1095 1073/1073/1073 
f 1073/1073/1073 1095/1095/1095 1072/1072/1072 
f 1095/1095/1095 1096/1096/1096 1072/1072/1072 
f 1072/1072/1072 1096/1096/1096 1071/1071/1071 
f 1096/1096/1096 1097/1097/1097 1071/1071/1071 
f 1071/1071/1071 1097/1097/1097 1070/1070/1070 
f 1097/1097/1097 1098/1098/1098 1070/1070/1070 
f 1070/1070/1070 1098/1098/1098 1069/1069/1069 
f 1098/1098/1098 1099/1099/1099 1069/1069/1069 
f 1069/1069/1069 1099/1099/1099 1068/1068/1068 
f 1099/1099/1099 1100/1100/1100 1068/1068/1068 
f 1068/1068/1068 1100/1100/1100 1067/1067/1067 
f 1100/1100/1100 1101/1101/1101 1067/1067/1067 
f 1067/1067/1067 1101/1101/1101 1066/1066/1066 
f 1101/1101/1101 1102/1102/1102 1066/1066/1066 
f 1066/1066/1066 1102/1102/1102 1065/1065/1065 
f 1102/1102/1102 1103/1103/1103 1065/1065/1065 
f 1065/1065/1065 1103/1103/1103 1064/1064/1064 
f 1103/1103/1103 1104/1104/1104 1064/1064/1064 
f 1064/1064/1064 1104/1104/1104 913/913/913 
f 1104/1104/1104 1104/1104/1104 913/913/913 
f 913/913/913 1104/1104/1104 912/912/912 
f 1104/1104/1104 1105/1105/1105 912/912/912 
f 912/912/912 1105/1105/1105 911/911/911 
f 1105/1105/1105 911/911/911 911/911/911 
f 911/911/911 911/911/911 1105/1105/1105 
f 911/911/911 1105/1105/1105 1105/1105/1105 
f 1105/1105/1105 1105/1105/1105 1106/1106/1106 
f 1105/1105/1105 1104/1104/1104 1106/1106/1106 
f 1106/1106/1106 1104/1104/1104 1106/1106/1106 
f 1104/1104/1104 1103/1103/1103 1106/1106/1106 
f 1106/1106/1106 1103/1103/1103 1107/1107/1107 
f 1103/1103/1103 1102/1102/1102 1107/1107/1107 
f 1107/1107/1107 1102/1102/1102 1108/1108/1108 
f 1102/1102/1102 1101/1101/1101 1108/1108/1108 
f 1108/1108/1108 1101/1101/1101 1109/1109/1109 
f 1101/1101/1101 1100/1100/1100 1109/1109/1109 
f 1109/1109/1109 1100/1100/1100 1110/1110/1110 
f 1100/1100/1100 1099/1099/1099 1110/1110/1110 
f 1110/1110/1110 1099/1099/1099 1111/1111/1111 
f 1099/1099/1099 1098/1098/1098 1111/1111/1111 
f 1111/1111/1111 1098/1098/1098 1112/1112/1112 
f 1098/1098/1098 1097/1097/1097 1112/1112/1112 
f 1112/1112/1112 1097/1097/1097 1113/1113/1113 
f 1097/1097/1097 1096/1096/1096 1113/1113/1113 
f 1113/1113/1113 1096/1096/1096 1114/1114/1114 
f 1096/1096/1096 1095/1095/1095 1114/1114/1114 
f 1114/1114/1114 1095/1095/1095 1115/1115/1115 
f 1095/1095/1095 1094/1094/1094 1115/1115/1115 
f 1115/1115/1115 1094/1094/1094 1116/1116/1116 
f 1094/1094/1094 1093/1093/1093 1116/1116/1116 
f 1116/1116/1116 1093/1093/1093 1117/1117/1117 
f 1093/1093/1093 1093/1093/1093 1117/1117/1117 
f 1117/1117/1117 1093/1093/1093 1118/1118/1118 
f 1093/1093/1093 1092/1092/1092 1118/1118/1118 
f 1118/1118/1118 1092/1092/1092 1119/1119/1119 
f 1092/1092/1092 1091/1091/1091 1119/1119/1119 
f 1119/1119/1119 1091/1091/1091 1120/1120/1120 
f 1091/1091/1091 1090/1090/1090 1120/1120/1120 
f 1120/1120/1120 1090/1090/1090 1121/1121/1121 
f 1090/1090/1090 1089/1089/1089 1121/1121/1121 
f 1121/1121/1121 1089/1089/1089 1122/1122/1122 
f 1089/1089/1089 1088/1088/1088 1122/1122/1122 
f 1122/1122/1122 1088/1088/1088 1123/1123/1123 
f 1088/1088/1088 1087/1087/1087 1123/1123/1123 
f 1123/1123/1123 1087/1087/1087 1124/1124/1124 
f 1087/1087/1087 1086/1086/1086 1124/1124/1124 
f 1124/1124/1124 1086/1086/1086 1124/1124/1124 
f 1086/1086/1086 1084/1084/1084 1124/1124/1124 
f 1124/1124/1124 1084/1084/1084 1125/1125/1125 
f 1084/1084/1084 1085/1085/1085 1125/1125/1125 
f 1125/1125/1125 1085/1085/1085 1125/1125/1125 
f 1085/1085/1085 1126/1126/1126 1125/1125/1125 
f 1125/1125/1125 1126/1126/1126 1127/1127/1127 
f 1126/1126/1126 1128/1128/1128 1127/1127/1127 
f 1127/1127/1127 1128/1128/1128 1129/1129/1129 
f 1128/1128/1128 1130/1130/1130 1129/1129/1129 
f 1129/1129/1129 1130/1130/1130 1131/1131/1131 
f 1130/1130/1130 1132/1132/1132 1131/1131/1131 
f 1131/1131/1131 1132/1132/1132 1133/1133/1133 
f 1132/1132/1132 1134/1134/1134 1133/1133/1133 
f 1133/1133/1133 1134/1134/1134 1135/1135/1135 
f 1134/1134/1134 1136/1136/1136 1135/1135/1135 
f 1135/1135/1135 1136/1136/1136 1137/1137/1137 
f 1136/1136/1136 1138/1138/1138 1137/1137/1137 
f 1137/1137/1137 1138/1138/1138 1139/1139/1139 
f 1138/1138/1138 1140/1140/1140 1139/1139/1139 
f 1139/1139/1139 1140/1140/1140 1141/1141/1141 
f 1140/1140/1140 1142/1142/1142 1141/1141/1141 
f 1141/1141/1141 1142/1142/1142 1143/1143/1143 
f 1142/1142/1142 1144/1144/1144 1143/1143/1143 
f 1143/1143/1143 1144/1144/1144 1145/1145/1145 
f 1144/1144/1144 1146/1146/1146 1145/1145/1145 
f 1145/1145/1145 1146/1146/1146 1147/1147/1147 
f 1146/1146/1146 1148/1148/1148 1147/1147/1147 
f 1147/1147/1147 1148/1148/1148 1149/1149/1149 
f 1148/1148/1148 1150/1150/1150 1149/1149/1149 
f 1149/1149/1149 1150/1150/1150 1151/1151/1151 
f 1150/1150/1150 1152/1152/1152 1151/1151/1151 
f 1151/1151/1151 1152/1152/1152 1153/1153/1153 
f 1152/1152/1152 1154/1154/1154 1153/1153/1153 
f 1153/1153/1153 1154/1154/1154 1155/1155/1155 
f 1154/1154/1154 1156/1156/1156 1155/1155/1155 
f 1155/1155/1155 1156/1156/1156 1157/1157/1157 
f 1156/1156/1156 1158/1158/1158 1157/1157/1157 
f 1157/1157/1157 1158/1158/1158 1159/1159/1159 
f 1158/1158/1158 1160/1160/1160 1159/1159/1159 
f 1159/1159/1159 1160/1160/1160 1161/1161/1161 
f 1160/1160/1160 1162/1162/1162 1161/1161/1161 
f 1161/1161/1161 1162/1162/1162 1163/1163/1163 
f 1162/1162/1162 1164/1164/1164 1163/1163/1163 
f 1163/1163/1163 1164/1164/1164 1165/1165/1165 
f 1164/1164/1164 1166/1166/1166 1165/1165/1165 
f 1165/1165/1165 1166/1166/1166 1165/1165/1165 
f 1166/1166/1166 1167/1167/1167 1165/1165/1165 
f 1165/1165/1165 1167/1167/1167 1168/1168/1168 
f 1167/1167/1167 1169/1169/1169 1168/1168/1168 
f 1168/1168/1168 1169/1169/1169 1170/1170/1170 
f 1169/1169/1169 1171/1171/1171 1170/1170/1170 
f 1170/1170/1170 1171/1171/1171 1172/1172/1172 
f 1171/1171/1171 1173/1173/1173 1172/1172/1172 
f 1172/1172/1172 1173/1173/1173 1174/1174/1174 
f 1173/1173/1173 1175/1175/1175 1174/1174/1174 
f 1174/1174/1174 1175/1175/1175 1176/1176/1176 
f 1175/1175/1175 1177/1177/1177 1176/1176/1176 
f 1176/1176/1176 1177/1177/1177 1178/1178/1178 
f 1177/1177/1177 1179/1179/1179 1178/1178/1178 
f 1178/1178/1178 1179/1179/1179 1180/1180/1180 
f 1179/1179/1179 1181/1181/1181 1180/1180/1180 
f 1180/1180/1180 1181/1181/1181 1182/1182/1182 
f 1181/1181/1181 1181/1181/1181 1182/1182/1182 
f 1182/1182/1182 1181/1181/1181 1183/1183/1183 
f 1181/1181/1181 1184/1184/1184 1183/1183/1183 
f 1183/1183/1183 1184/1184/1184 1185/1185/1185 
f 1184/1184/1184 1186/1186/1186 1185/1185/1185 
f 1185/1185/1185 1186/1186/1186 1187/1187/1187 
f 1186/1186/1186 1188/1188/1188 1187/1187/1187 
f 1187/1187/1187 1188/1188/1188 1189/1189/1189 
f 1188/1188/1188 1190/1190/1190 1189/1189/1189 
f 1189/1189/1189 1190/1190/1190 1191/1191/1191 
f 1190/1190/1190 1192/1192/1192 1191/1191/1191 
f 1191/1191/1191 1192/1192/1192 1193/1193/1193 
f 1192/1192/1192 1194/1194/1194 1193/1193/1193 
f 1193/1193/1193 1194/1194/1194 1195/1195/1195 
f 1194/1194/1194 1196/1196/1196 1195/1195/1195 
f 1195/1195/1195 1196/1196/1196 1197/1197/1197 
f 1196/1196/1196 1198/1198/1198 1197/1197/1197 
f 1197/1197/1197 1198/1198/1198 1197/1197/1197 
f 1198/1198/1198 1199/1199/1199 1197/1197/1197 
f 1197/1197/1197 1199/1199/1199 1200/1200/1200 
f 1199/1199/1199 1201/1201/1201 1200/1200/1200 
f 1200/1200/1200 1201/1201/1201 1202/1202/1202 
f 1201/1201/1201 1203/1203/1203 1202/1202/1202 
f 1202/1202/1202 1203/1203/1203 1204/1204/1204 
f 1203/1203/1203 1205/1205/1205 1204/1204/1204 
f 1204/1204/1204 1205/1205/1205 1206/1206/1206 
f 1205/1205/1205 1205/1205/1205 1206/1206/1206 
f 1206/1206/1206 1205/1205/1205 1207/1207/1207 
f 1205/1205/1205 1208/1208/1208 1207/1207/1207 
f 1207/1207/1207 1208/1208/1208 1209/1209/1209 
f 1208/1208/1208 1210/1210/1210 1209/1209/1209 
f 1209/1209/1209 1210/1210/1210 1211/1211/1211 
f 1210/1210/1210 1212/1212/1212 1211/1211/1211 
f 1211/1211/1211 1212/1212/1212 1213/1213/1213 
f 1212/1212/1212 1214/1214/1214 1213/1213/1213 
f 1213/1213/1213 1214/1214/1214 1215/1215/1215 
f 1214/1214/1214 1216/1216/1216 1215/1215/1215 
f 1215/1215/1215 1216/1216/1216 1217/1217/1217 
f 1216/1216/1216 1218/1218/1218 1217/1217/1217 
f 1217/1217/1217 1218/1218/1218 1219/1219/1219 
f 1218/1218/1218 1220/1220/1220 1219/1219/1219 
f 1219/1219/1219 1220/1220/1220 1221/1221/1221 
f 1220/1220/1220 1222/1222/1222 1221/1221/1221 
f 1221/1221/1221 1222/1222/1222 1223/1223/1223 
f 1222/1222/1222 551/551/551 1223/1223/1223 
f 1223/1223/1223 551/551/551 1223/1223/1223 
f 551/551/551 550/550/550 1223/1223/1223 
f 1223/1223/1223 550/550/550 1223/1223/1223 
f 550/550/550 552/552/552 1223/1223/1223 
f 1223/1223/1223 552/552/552 1224/1224/1224 
f 552/552/552 553/553/553 1224/1224/1224 
f 1224/1224/1224 553/553/553 1225/1225/1225 
f 553/553/553 554/554/554 1225/1225/1225 
f 1225/1225/1225 554/554/554 1226/1226/1226 
f 554/554/554 555/555/555 1226/1226/1226 
f 1226/1226/1226 555/555/555 1227/1227/1227 
f 555/555/555 556/556/556 1227/1227/1227 
f 1227/1227/1227 556/556/556 1228/1228/1228 
f 556/556/556 557/557/557 1228/1228/1228 
f 1228/1228/1228 557/557/557 1229/1229/1229 
f 557/557/557 558/558/558 1229/1229/1229 
f 1229/1229/1229 558/558/558 1230/1230/1230 
f 558/558/558 559/559/559 1230/1230/1230 
f 1230/1230/1230 559/559/559 1231/1231/1231 
f 559/559/559 560/560/560 1231/1231/1231 
f 1231/1231/1231 560/560/560 1232/1232/1232 
f 560/560/560 561/561/561 1232/1232/1232 
f 1232/1232/1232 561/561/561 1233/1233/1233 
f 561/561/561 562/562/562 1233/1233/1233 
f 1233/1233/1233 562/562/562 1234/1234/1234 
f 562/562/562 563/563/563 1234/1234/1234 
f 1234/1234/1234 563/563/563 1235/1235/1235 
f 563/563/563 564/564/564 1235/1235/1235 
f 1235/1235/1235 564/564/564 1236/1236/1236 
f 564/564/564 565/565/565 1236/1236/1236 
f 1236/1236/1236 565/565/565 1237/1237/1237 
f 565/565/565 566/566/566 1237/1237/1237 
f 1237/1237/1237 566/566/566 1238/1238/1238 
f 566/566/566 567/567/567 1238/1238/1238 
f 1238/1238/1238 567/567/567 1239/1239/1239 
f 567/567/567 568/568/568 1239/1239/1239 
f 1239/1239/1239 568/568/568 1240/1240/1240 
f 568/568/568 569/569/569 1240/1240/1240 
f 1240/1240/1240 569/569/569 1241/1241/1241 
f 569/569/569 570/570/570 1241/1241/1241 
f 1241/1241/1241 570/570/570 1242/1242/1242 
f 570/570/570 571/571/571 1242/1242/1242 
f 1242/1242/1242 571/571/571 1243/1243/1243 
f 571/571/571 644/644/644 1243/1243/1243 
f 1243/1243/1243 644/644/644 1244/1244/1244 
f 644/644/644 646/646/646 1244/1244/1244 
f 1244/1244/1244 646/646/646 1245/1245/1245 
f 646/646/646 728/728/728 1245/1245/1245 
f 1245/1245/1245 728/728/728 1246/1246/1246 
f 728/728/728 730/730/730 1246/1246/1246 
f 1246/1246/1246 730/730/730 1247/1247/1247 
f 730/730/730 787/787/787 1247/1247/1247 
f 1247/1247/1247 787/787/787 1248/1248/1248 
f 787/787/787 788/788/788 1248/1248/1248 
f 1248/1248/1248 788/788/788 1249/1249/1249 
f 788/788/788 845/845/845 1249/1249/1249 
f 1249/1249/1249 845/845/845 1250/1250/1250 
f 845/845/845 846/846/846 1250/1250/1250 
f 1250/1250/1250 846/846/846 1251/1251/1251 
f 846/846/846 903/903/903 1251/1251/1251 
f 1251/1251/1251 903/903/903 1252/1252/1252 
f 903/903/903 904/904/904 1252/1252/1252 
f 1252/1252/1252 904/904/904 1253/1253/1253 
f 904/904/904 904/904/904 1253/1253/1253 
f 1253/1253/1253 904/904/904 1254/1254/1254 
f 904/904/904 905/905/905 1254/1254/1254 
f 1254/1254/1254 905/905/905 1255/1255/1255 
f 905/905/905 906/906/906 1255/1255/1255 
f 1255/1255/1255 906/906/906 1256/1256/1256 
f 906/906/906 907/907/907 1256/1256/1256 
f 1256/1256/1256 907/907/907 1257/1257/1257 
f 907/907/907 908/908/908 1257/1257/1257 
f 1257/1257/1257 908/908/908 1258/1258/1258 
f 908/908/908 909/909/909 1258/1258/1258 
f 1258/1258/1258 909/909/909 1259/1259/1259 
f 909/909/909 910/910/910 1259/1259/1259 
f 1259/1259/1259 910/910/910 1260/1260/1260 
f 910/910/910 911/911/911 1260/1260/1260 
f 1260/1260/1260 911/911/911 1260/1260/1260 
f 911/911/911 1105/1105/1105 1260/1260/1260 
f 1260/1260/1260 1105/1105/1105 1261/1261/1261 
f 1105/1105/1105 1106/1106/1106 1261/1261/1261 
f 1261/1261/1261 1106/1106/1106 1262/1262/1262 
f 1106/1106/1106 1107/1107/1107 1262/1262/1262 
f 1262/1262/1262 1107/1107/1107 1263/1263/1263 
f 1107/1107/1107 1108/1108/1108 1263/1263/1263 
f 1263/1263/1263 1108/1108/1108 1264/1264/1264 
f 1108/1108/1108 1109/1109/1109 1264/1264/1264 
f 1264/1264/1264 1109/1109/1109 1265/1265/1265 
f 1109/1109/1109 1110/1110/1110 1265/1265/1265 
f 1265/1265/1265 1110/1110/1110 1266/1266/1266 
f 1110/1110/1110 1111/1111/1111 1266/1266/1266 
f 1266/1266/1266 1111/1111/1111 1267/1267/1267 
f 1111/1111/1111 1112/1112/1112 1267/1267/1267 
f 1267/1267/1267 1112/1112/1112 1268/1268/1268 
f 1112/1112/1112 1113/1113/1113 1268/1268/1268 
f 1268/1268/1268 1113/1113/1113 1269/1269/1269 
f 1113/1113/1113 1114/1114/1114 1269/1269/1269 
f 1269/1269/1269 1114/1114/1114 1270/1270/1270 
f 1114/1114/1114 1115/1115/1115 1270/1270/1270 
f 1270/1270/1270 1115/1115/1115 1271/1271/1271 
f 1115/1115/1115 1116/1116/1116 1271/1271/1271 
f 1271/1271/1271 1116/1116/1116 1272/1272/1272 
f 1116/1116/1116 1117/1117/1117 1272/1272/1272 
f 1272/1272/1272 1117/1117/1117 1273/1273/1273 
f 1117/1117/1117 1117/1117/1117 1273/1273/1273 
f 1273/1273/1273 1117/1117/1117 1274/1274/1274 
f 1117/1117/1117 1118/1118/1118 1274/1274/1274 
f 1274/1274/1274 1118/1118/1118 1275/1275/1275 
f 1118/1118/1118 1119/1119/1119 1275/1275/1275 
f 1275/1275/1275 1119/1119/1119 1276/1276/1276 
f 1119/1119/1119 1120/1120/1120 1276/1276/1276 
f 1276/1276/1276 1120/1120/1120 1277/1277/1277 
f 1120/1120/1120 1121/1121/1121 1277/1277/1277 
f 1277/1277/1277 1121/1121/1121 1278/1278/1278 
f 1121/1121/1121 1122/1122/1122 1278/1278/1278 
f 1278/1278/1278 1122/1122/1122 1279/1279/1279 
f 1122/1122/1122 1123/1123/1123 1279/1279/1279 
f 1279/1279/1279 1123/1123/1123 1280/1280/1280 
f 1123/1123/1123 1124/1124/1124 1280/1280/1280 
f 1280/1280/1280 1124/1124/1124 1280/1280/1280 
f 1124/1124/1124 1125/1125/1125 1280/1280/1280 
f 1280/1280/1280 1125/1125/1125 1280/1280/1280 
f 1125/1125/1125 1127/1127/1127 1280/1280/1280 
f 1280/1280/1280 1127/1127/1127 1281/1281/1281 
f 1127/1127/1127 1129/1129/1129 1281/1281/1281 
f 1281/1281/1281 1129/1129/1129 1129/1129/1129 
f 1129/1129/1129 1223/1223/1223 1129/1129/1129 
f 1129/1129/1129 1223/1223/1223 1223/1223/1223 
f 1223/1223/1223 1224/1224/1224 1223/1223/1223 
f 1223/1223/1223 1224/1224/1224 1221/1221/1221 
f 1224/1224/1224 1282/1282/1282 1221/1221/1221 
f 1221/1221/1221 1282/1282/1282 1219/1219/1219 
f 1282/1282/1282 1219/1219/1219 1219/1219/1219 
f 1219/1219/1219 1219/1219/1219 1225/1225/1225 
f 1219/1219/1219 1225/1225/1225 1225/1225/1225 
f 1225/1225/1225 1225/1225/1225 1224/1224/1224 
f 1225/1225/1225 1282/1282/1282 1224/1224/1224 
f 1224/1224/1224 1282/1282/1282 1282/1282/1282 
f 1282/1282/1282 1280/1280/1280 1282/1282/1282 
f 1282/1282/1282 1280/1280/1280 1280/1280/1280 
f 1280/1280/1280 1281/1281/1281 1280/1280/1280 
f 1280/1280/1280 1281/1281/1281 1279/1279/1279 
f 1281/1281/1281 1283/1283/1283 1279/1279/1279 
f 1279/1279/1279 1283/1283/1283 1278/1278/1278 
f 1283/1283/1283 1278/1278/1278 1278/1278/1278 
f 1278/1278/1278 1278/1278/1278 1283/1283/1283 
f 1278/1278/1278 1283/1283/1283 1283/1283/1283 
f 1283/1283/1283 1283/1283/1283 1284/1284/1284 
f 1283/1283/1283 1281/1281/1281 1284/1284/1284 
f 1284/1284/1284 1281/1281/1281 1284/1284/1284 
f 1281/1281/1281 1129/1129/1129 1284/1284/1284 
f 1284/1284/1284 1129/1129/1129 1284/1284/1284 
f 1129/1129/1129 1131/1131/1131 1284/1284/1284 
f 1284/1284/1284 1131/1131/1131 1285/1285/1285 
f 1131/1131/1131 1133/1133/1133 1285/1285/1285 
f 1285/1285/1285 1133/1133/1133 1286/1286/1286 
f 1133/1133/1133 1135/1135/1135 1286/1286/1286 
f 1286/1286/1286 1135/1135/1135 1287/1287/1287 
f 1135/1135/1135 1137/1137/1137 1287/1287/1287 
f 1287/1287/1287 1137/1137/1137 1288/1288/1288 
f 1137/1137/1137 1139/1139/1139 1288/1288/1288 
f 1288/1288/1288 1139/1139/1139 1289/1289/1289 
f 1139/1139/1139 1141/1141/1141 1289/1289/1289 
f 1289/1289/1289 1141/1141/1141 1290/1290/1290 
f 1141/1141/1141 1143/1143/1143 1290/1290/1290 
f 1290/1290/1290 1143/1143/1143 1291/1291/1291 
f 1143/1143/1143 1145/1145/1145 1291/1291/1291 
f 1291/1291/1291 1145/1145/1145 1292/1292/1292 
f 1145/1145/1145 1147/1147/1147 1292/1292/1292 
f 1292/1292/1292 1147/1147/1147 1293/1293/1293 
f 1147/1147/1147 1149/1149/1149 1293/1293/1293 
f 1293/1293/1293 1149/1149/1149 1294/1294/1294 
f 1149/1149/1149 1151/1151/1151 1294/1294/1294 
f 1294/1294/1294 1151/1151/1151 1295/1295/1295 
f 1151/1151/1151 1153/1153/1153 1295/1295/1295 
f 1295/1295/1295 1153/1153/1153 1296/1296/1296 
f 1153/1153/1153 1155/1155/1155 1296/1296/1296 
f 1296/1296/1296 1155/1155/1155 1297/1297/1297 
f 1155/1155/1155 1157/1157/1157 1297/1297/1297 
f 1297/1297/1297 1157/1157/1157 1298/1298/1298 
f 1157/1157/1157 1159/1159/1159 1298/1298/1298 
f 1298/1298/1298 1159/1159/1159 1299/1299/1299 
f 1159/1159/1159 1161/1161/1161 1299/1299/1299 
f 1299/1299/1299 1161/1161/1161 1300/1300/1300 
f 1161/1161/1161 1163/1163/1163 1300/1300/1300 
f 1300/1300/1300 1163/1163/1163 1301/1301/1301 
f 1163/1163/1163 1165/1165/1165 1301/1301/1301 
f 1301/1301/1301 1165/1165/1165 1301/1301/1301 
f 1165/1165/1165 1168/1168/1168 1301/1301/1301 
f 1301/1301/1301 1168/1168/1168 1302/1302/1302 
f 1168/1168/1168 1170/1170/1170 1302/1302/1302 
f 1302/1302/1302 1170/1170/1170 1303/1303/1303 
f 1170/1170/1170 1172/1172/1172 1303/1303/1303 
f 1303/1303/1303 1172/1172/1172 1304/1304/1304 
f 1172/1172/1172 1174/1174/1174 1304/1304/1304 
f 1304/1304/1304 1174/1174/1174 1305/1305/1305 
f 1174/1174/1174 1176/1176/1176 1305/1305/1305 
f 1305/1305/1305 1176/1176/1176 1306/1306/1306 
f 1176/1176/1176 1178/1178/1178 1306/1306/1306 
f 1306/1306/1306 1178/1178/1178 1307/1307/1307 
f 1178/1178/1178 1180/1180/1180 1307/1307/1307 
f 1307/1307/1307 1180/1180/1180 1308/1308/1308 
f 1180/1180/1180 1182/1182/1182 1308/1308/1308 
f 1308/1308/1308 1182/1182/1182 1309/1309/1309 
f 1182/1182/1182 1182/1182/1182 1309/1309/1309 
f 1309/1309/1309 1182/1182/1182 1310/1310/1310 
f 1182/1182/1182 1183/1183/1183 1310/1310/1310 
f 1310/1310/1310 1183/1183/1183 1311/1311/1311 
f 1183/1183/1183 1185/1185/1185 1311/1311/1311 
f 1311/1311/1311 1185/1185/1185 1312/1312/1312 
f 1185/1185/1185 1187/1187/1187 1312/1312/1312 
f 1312/1312/1312 1187/1187/1187 1313/1313/1313 
f 1187/1187/1187 1189/1189/1189 1313/1313/1313 
f 1313/1313/1313 1189/1189/1189 1314/1314/1314 
f 1189/1189/1189 1191/1191/1191 1314/1314/1314 
f 1314/1314/1314 1191/1191/1191 1315/1315/1315 
f 1191/1191/1191 1193/1193/1193 1315/1315/1315 
f 1315/1315/1315 1193/1193/1193 1316/1316/1316 
f 1193/1193/1193 1195/1195/1195 1316/1316/1316 
f 1316/1316/1316 1195/1195/1195 1317/1317/1317 
f 1195/1195/1195 1197/1197/1197 1317/1317/1317 
f 1317/1317/1317 1197/1197/1197 1317/1317/1317 
f 1197/1197/1197 1200/1200/1200 1317/1317/1317 
f 1317/1317/1317 1200/1200/1200 1318/1318/1318 
f 1200/1200/1200 1202/1202/1202 1318/1318/1318 
f 1318/1318/1318 1202/1202/1202 1319/1319/1319 
f 1202/1202/1202 1204/1204/1204 1319/1319/1319 
f 1319/1319/1319 1204/1204/1204 1320/1320/1320 
f 1204/1204/1204 1206/1206/1206 1320/1320/1320 
f 1320/1320/1320 1206/1206/1206 1321/1321/1321 
f 1206/1206/1206 1206/1206/1206 1321/1321/1321 
f 1321/1321/1321 1206/1206/1206 1322/1322/1322 
f 1206/1206/1206 1207/1207/1207 1322/1322/1322 
f 1322/1322/1322 1207/1207/1207 1323/1323/1323 
f 1207/1207/1207 1209/1209/1209 1323/1323/1323 
f 1323/1323/1323 1209/1209/1209 1324/1324/1324 
f 1209/1209/1209 1211/1211/1211 1324/1324/1324 
f 1324/1324/1324 1211/1211/1211 1325/1325/1325 
f 1211/1211/1211 1213/1213/1213 1325/1325/1325 
f 1325/1325/1325 1213/1213/1213 1326/1326/1326 
f 1213/1213/1213 1215/1215/1215 1326/1326/1326 
f 1326/1326/1326 1215/1215/1215 1327/1327/1327 
f 1215/1215/1215 1217/1217/1217 1327/1327/1327 
f 1327/1327/1327 1217/1217/1217 1328/1328/1328 
f 1217/1217/1217 1219/1219/1219 1328/1328/1328 
f 1328/1328/1328 1219/1219/1219 1328/1328/1328 
f 1219/1219/1219 1282/1282/1282 1328/1328/1328 
f 1328/1328/1328 1282/1282/1282 1329/1329/1329 
f 1282/1282/1282 1225/1225/1225 1329/1329/1329 
f 1329/1329/1329 1225/1225/1225 1329/1329/1329 
f 1225/1225/1225 1226/1226/1226 1329/1329/1329 
f 1329/1329/1329 1226/1226/1226 1330/1330/1330 
f 1226/1226/1226 1227/1227/1227 1330/1330/1330 
f 1330/1330/1330 1227/1227/1227 1331/1331/1331 
f 1227/1227/1227 1228/1228/1228 1331/1331/1331 
f 1331/1331/1331 1228/1228/1228 1332/1332/1332 
f 1228/1228/1228 1229/1229/1229 1332/1332/1332 
f 1332/1332/1332 1229/1229/1229 1333/1333/1333 
f 1229/1229/1229 1230/1230/1230 1333/1333/1333 
f 1333/1333/1333 1230/1230/1230 1334/1334/1334 
f 1230/1230/1230 1231/1231/1231 1334/1334/1334 
f 1334/1334/1334 1231/1231/1231 1335/1335/1335 
f 1231/1231/1231 1232/1232/1232 1335/1335/1335 
f 1335/1335/1335 1232/1232/1232 1336/1336/1336 
f 1232/1232/1232 1233/1233/1233 1336/1336/1336 
f 1336/1336/1336 1233/1233/1233 1337/1337/1337 
f 1233/1233/1233 1234/1234/1234 1337/1337/1337 
f 1337/1337/1337 1234/1234/1234 1338/1338/1338 
f 1234/1234/1234 1235/1235/1235 1338/1338/1338 
f 1338/1338/1338 1235/1235/1235 1339/1339/1339 
f 1235/1235/1235 1236/1236/1236 1339/1339/1339 
f 1339/1339/1339 1236/1236/1236 1340/1340/1340 
f 1236/1236/1236 1237/1237/1237 1340/1340/1340 
f 1340/1340/1340 1237/1237/1237 1341/1341/1341 
f 1237/1237/1237 1238/1238/1238 1341/1341/1341 
f 1341/1341/1341 1238/1238/1238 1342/1342/1342 
f 1238/1238/1238 1239/1239/1239 1342/1342/1342 
f 1342/1342/1342 1239/1239/1239 1343/1343/1343 
f 1239/1239/1239 1240/1240/1240 1343/1343/1343 
f 1343/1343/1343 1240/1240/1240 1344/1344/1344 
f 1240/1240/1240 1241/1241/1241 1344/1344/1344 
f 1344/1344/1344 1241/1241/1241 1345/1345/1345 
f 1241/1241/1241 1242/1242/1242 1345/1345/1345 
f 1345/1345/1345 1242/1242/1242 1346/1346/1346 
f 1242/1242/1242 1243/1243/1243 1346/1346/1346 
f 1346/1346/1346 1243/1243/1243 1347/1347/1347 
f 1243/1243/1243 1244/1244/1244 1347/1347/1347 
f 1347/1347/1347 1244/1244/1244 1348/1348/1348 
f 1244/1244/1244 1245/1245/1245 1348/1348/1348 
f 1348/1348/1348 1245/1245/1245 1349/1349/1349 
f 1245/1245/1245 1246/1246/1246 1349/1349/1349 
f 1349/1349/1349 1246/1246/1246 1350/1350/1350 
f 1246/1246/1246 1247/1247/1247 1350/1350/1350 
f 1350/1350/1350 1247/1247/1247 1351/1351/1351 
f 1247/1247/1247 1248/1248/1248 1351/1351/1351 
f 1351/1351/1351 1248/1248/1248 1352/1352/1352 
f 1248/1248/1248 1249/1249/1249 1352/1352/1352 
f 1352/1352/1352 1249/1249/1249 1353/1353/1353 
f 1249/1249/1249 1250/1250/1250 1353/1353/1353 
f 1353/1353/1353 1250/1250/1250 1354/1354/1354 
f 1250/1250/1250 1251/1251/1251 1354/1354/1354 
f 1354/1354/1354 1251/1251/1251 1355/1355/1355 
f 1251/1251/1251 1252/1252/1252 1355/1355/1355 
f 1355/1355/1355 1252/1252/1252 1356/1356/1356 
f 1252/1252/1252 1253/1253/1253 1356/1356/1356 
f 1356/1356/1356 1253/1253/1253 1357/1357/1357 
f 1253/1253/1253 1253/1253/1253 1357/1357/1357 
f 1357/1357/1357 1253/1253/1253 1358/1358/1358 
f 1253/1253/1253 1254/1254/1254 1358/1358/1358 
f 1358/1358/1358 1254/1254/1254 1359/1359/1359 
f 1254/1254/1254 1255/1255/1255 1359/1359/1359 
f 1359/1359/1359 1255/1255/1255 1360/1360/1360 
f 1255/1255/1255 1256/1256/1256 1360/1360/1360 
f 1360/1360/1360 1256/1256/1256 1361/1361/1361 
f 1256/1256/1256 1257/1257/1257 1361/1361/1361 
f 1361/1361/1361 1257/1257/1257 1362/1362/1362 
f 1257/1257/1257 1258/1258/1258 1362/1362/1362 
f 1362/1362/1362 1258/1258/1258 1363/1363/1363 
f 1258/1258/1258 1259/1259/1259 1363/1363/1363 
f 1363/1363/1363 1259/1259/1259 1364/1364/1364 
f 1259/1259/1259 1260/1260/1260 1364/1364/1364 
f 1364/1364/1364 1260/1260/1260 1364/1364/1364 
f 1260/1260/1260 1261/1261/1261 1364/1364/1364 
f 1364/1364/1364 1261/1261/1261 1365/1365/1365 
f 1261/1261/1261 1262/1262/1262 1365/1365/1365 
f 1365/1365/1365 1262/1262/1262 1366/1366/1366 
f 1262/1262/1262 1263/1263/1263 1366/1366/1366 
f 1366/1366/1366 1263/1263/1263 1367/1367/1367 
f 1263/1263/1263 1264/1264/1264 1367/1367/1367 
f 1367/1367/1367 1264/1264/1264 1368/1368/1368 
f 1264/1264/1264 1265/1265/1265 1368/1368/1368 
f 1368/1368/1368 1265/1265/1265 1369/1369/1369 
f 1265/1265/1265 1266/1266/1266 1369/1369/1369 
f 1369/1369/1369 1266/1266/1266 1370/1370/1370 
f 1266/1266/1266 1267/1267/1267 1370/1370/1370 
f 1370/1370/1370 1267/1267/1267 1371/1371/1371 
f 1267/1267/1267 1268/1268/1268 1371/1371/1371 
f 1371/1371/1371 1268/1268/1268 1372/1372/1372 
f 1268/1268/1268 1269/1269/1269 1372/1372/1372 
f 1372/1372/1372 1269/1269/1269 1373/1373/1373 
f 1269/1269/1269 1270/1270/1270 1373/1373/1373 
f 1373/1373/1373 1270/1270/1270 1374/1374/1374 
f 1270/1270/1270 1271/1271/1271 1374/1374/1374 
f 1374/1374/1374 1271/1271/1271 1375/1375/1375 
f 1271/1271/1271 1272/1272/1272 1375/1375/1375 
f 1375/1375/1375 1272/1272/1272 1376/1376/1376 
f 1272/1272/1272 1273/1273/1273 1376/1376/1376 
f 1376/1376/1376 1273/1273/1273 1377/1377/1377 
f 1273/1273/1273 1273/1273/1273 1377/1377/1377 
f 1377/1377/1377 1273/1273/1273 1378/1378/1378 
f 1273/1273/1273 1274/1274/1274 1378/1378/1378 
f 1378/1378/1378 1274/1274/1274 1379/1379/1379 
f 1274/1274/1274 1275/1275/1275 1379/1379/1379 
f 1379/1379/1379 1275/1275/1275 1380/1380/1380 
f 1275/1275/1275 1276/1276/1276 1380/1380/1380 
f 1380/1380/1380 1276/1276/1276 1381/1381/1381 
f 1276/1276/1276 1277/1277/1277 1381/1381/1381 
f 1381/1381/1381 1277/1277/1277 1382/1382/1382 
f 1277/1277/1277 1278/1278/1278 1382/1382/1382 
f 1382/1382/1382 1278/1278/1278 1382/1382/1382 
f 1278/1278/1278 1283/1283/1283 1382/1382/1382 
f 1382/1382/1382 1283/1283/1283 1383/1383/1383 
f 1283/1283/1283 1284/1284/1284 1383/1383/1383 
f 1383/1383/1383 1284/1284/1284 1383/1383/1383 
f 1284/1284/1284 1285/1285/1285 1383/1383/1383 
f 1383/1383/1383 1285/1285/1285 1384/1384/1384 
f 1285/1285/1285 1286/1286/1286 1384/1384/1384 
f 1384/1384/1384 1286/1286/1286 1385/1385/1385 
f 1286/1286/1286 1287/1287/1287 1385/1385/1385 
f 1385/1385/1385 1287/1287/1287 1386/1386/1386 
f 1287/1287/1287 1288/1288/1288 1386/1386/1386 
f 1386/1386/1386 1288/1288/1288 1387/1387/1387 
f 1288/1288/1288 1289/1289/1289 1387/1387/1387 
f 1387/1387/1387 1289/1289/1289 1388/1388/1388 
f 1289/1289/1289 1290/1290/1290 1388/1388/1388 
f 1388/1388/1388 1290/1290/1290 1389/1389/1389 
f 1290/1290/1290 1291/1291/1291 1389/1389/1389 
f 1389/1389/1389 1291/1291/1291 1390/1390/1390 
f 1291/1291/1291 1292/1292/1292 1390/1390/1390 
f 1390/1390/1390 1292/1292/1292 1391/1391/1391 
f 1292/1292/1292 1293/1293/1293 1391/1391/1391 
f 1391/1391/1391 1293/1293/1293 1392/1392/1392 
f 1293/1293/1293 1294/1294/1294 1392/1392/1392 
f 1392/1392/1392 1294/1294/1294 1393/1393/1393 
f 1294/1294/1294 1295/1295/1295 1393/1393/1393 
f 1393/1393/1393 1295/1295/1295 1394/1394/1394 
f 1295/1295/1295 1296/1296/1296 1394/1394/1394 
f 1394/1394/1394 1296/1296/1296 1395/1395/1395 
f 1296/1296/1296 1297/1297/1297 1395/1395/1395 
f 1395/1395/1395 1297/1297/1297 1396/1396/1396 
f 1297/1297/1297 1298/1298/1298 1396/1396/1396 
f 1396/1396/1396 1298/1298/1298 1397/1397/1397 
f 1298/1298/1298 1299/1299/1299 1397/1397/1397 
f 1397/1397/1397 1299/1299/1299 1398/1398/1398 
f 1299/1299/1299 1300/1300/1300 1398/1398/1398 
f 1398/1398/1398 1300/1300/1300 1399/1399/1399 
f 1300/1300/1300 1301/1301/1301 1399/1399/1399 
f 1399/1399/1399 1301/1301/1301 1399/1399/1399 
f 1301/1301/1301 1302/1302/1302 1399/1399/1399 
f 1399/1399/1399 1302/1302/1302 1400/1400/1400 
f 1302/1302/1302 1303/1303/1303 1400/1400/1400 
f 1400/1400/1400 1303/1303/1303 1401/1401/1401 
f 1303/1303/1303 1304/1304/1304 1401/1401/1401 
f 1401/1401/1401 1304/1304/1304 1402/1402/1402 
f 1304/1304/1304 1305/1305/1305 1402/1402/1402 
f 1402/1402/1402 1305/1305/1305 1403/1403/1403 
f 1305/1305/1305 1306/1306/1306 1403/1403/1403 
f 1403/1403/1403 1306/1306/1306 1404/1404/1404 
f 1306/1306/1306 1307/1307/1307 1404/1404/1404 
f 1404/1404/1404 1307/1307/1307 1405/1405/1405 
f 1307/1307/1307 1308/1308/1308 1405/1405/1405 
f 1405/1405/1405 1308/1308/1308 1406/1406/1406 
f 1308/1308/1308 1309/1309/1309 1406/1406/1406 
f 1406/1406/1406 1309/1309/1309 1407/1407/1407 
f 1309/1309/1309 1309/1309/1309 1407/1407/1407 
f 1407/1407/1407 1309/1309/1309 1408/1408/1408 
f 1309/1309/1309 1310/1310/1310 1408/1408/1408 
f 1408/1408/1408 1310/1310/1310 1409/1409/1409 
f 1310/1310/1310 1311/1311/1311 1409/1409/1409 
f 1409/1409/1409 1311/1311/1311 1410/1410/1410 
f 1311/1311/1311 1312/1312/1312 1410/1410/1410 
f 1410/1410/1410 1312/1312/1312 1411/1411/1411 
f 1312/1312/1312 1313/1313/1313 1411/1411/1411 
f 1411/1411/1411 1313/1313/1313 1412/1412/1412 
f 1313/1313/1313 1314/1314/1314 1412/1412/1412 
f 1412/1412/1412 1314/1314/1314 1413/1413/1413 
f 1314/1314/1314 1315/1315/1315 1413/1413/1413 
f 1413/1413/1413 1315/1315/1315 1414/1414/1414 
f 1315/1315/1315 1316/1316/1316 1414/1414/1414 
f 1414/1414/1414 1316/1316/1316 1415/1415/1415 
f 1316/1316/1316 1317/1317/1317 1415/1415/1415 
f 1415/1415/1415 1317/1317/1317 1415/1415/1415 
f 1317/1317/1317 1318/1318/1318 1415/1415/1415 
f 1415/1415/1415 1318/1318/1318 1416/1416/1416 
f 1318/1318/1318 1319/1319/1319 1416/1416/1416 
f 1416/1416/1416 1319/1319/1319 1417/1417/1417 
f 1319/1319/1319 1320/1320/1320 1417/1417/1417 
f 1417/1417/1417 1320/1320/1320 1418/1418/1418 
f 1320/1320/1320 1321/1321/1321 1418/1418/1418 
f 1418/1418/1418 1321/1321/1321 1419/1419/1419 
f 1321/1321/1321 1321/1321/1321 1419/1419/1419 
f 1419/1419/1419 1321/1321/1321 1420/1420/1420 
f 1321/1321/1321 1322/1322/1322 1420/1420/1420 
f 1420/1420/1420 1322/1322/1322 1421/1421/1421 
f 1322/1322/1322 1323/1323/1323 1421/1421/1421 
f 1421/1421/1421 1323/1323/1323 1422/1422/1422 
f 1323/1323/1323 1324/1324/1324 1422/1422/1422 
f 1422/1422/1422 1324/1324/1324 1423/1423/1423 
f 1324/1324/1324 1325/1325/1325 1423/1423/1423 
f 1423/1423/1423 1325/1325/1325 1424/1424/1424 
f 1325/1325/1325 1326/1326/1326 1424/1424/1424 
f 1424/1424/1424 1326/1326/1326 1425/1425/1425 
f 1326/1326/1326 1327/1327/1327 1425/1425/1425 
f 1425/1425/1425 1327/1327/1327 1426/1426/1426 
f 1327/1327/1327 1328/1328/1328 1426/1426/1426 
f 1426/1426/1426 1328/1328/1328 1426/1426/1426 
f 1328/1328/1328 1329/1329/1329 1426/1426/1426 
f 1426/1426/1426 1329/1329/1329 1426/1426/1426 
f 1329/1329/1329 1330/1330/1330 1426/1426/1426 
f 1426/1426/1426 1330/1330/1330 1427/1427/1427 
f 1330/1330/1330 1331/1331/1331 1427/1427/1427 
f 1427/1427/1427 1331/1331/1331 1428/1428/1428 
f 1331/1331/1331 1332/1332/1332 1428/1428/1428 
f 1428/1428/1428 1332/1332/1332 1429/1429/1429 
f 1332/1332/1332 1333/1333/1333 1429/1429/1429 
f 1429/1429/1429 1333/1333/1333 1430/1430/1430 
f 1333/1333/1333 1334/1334/1334 1430/1430/1430 
f 1430/1430/1430 1334/1334/1334 1431/1431/1431 
f 1334/1334/1334 1335/1335/1335 1431/1431/1431 
f 1431/1431/1431 1335/1335/1335 1432/1432/1432 
f 1335/1335/1335 1336/1336/1336 1432/1432/1432 
f 1432/1432/1432 1336/1336/1336 1433/1433/1433 
f 1336/1336/1336 1337/1337/1337 1433/1433/1433 
f 1433/1433/1433 1337/1337/1337 1434/1434/1434 
f 1337/1337/1337 1338/1338/1338 1434/1434/1434 
f 1434/1434/1434 1338/1338/1338 1435/1435/1435 
f 1338/1338/1338 1339/1339/1339 1435/1435/1435 
f 1435/1435/1435 1339/1339/1339 1436/1436/1436 
f 1339/1339/1339 1340/1340/1340 1436/1436/1436 
f 1436/1436/1436 1340/1340/1340 1436/1436/1436 
f 1340/1340/1340 1341/1341/1341 1436/1436/1436 
f 1436/1436/1436 1341/1341/1341 1437/1437/1437 
f 1341/1341/1341 1342/1342/1342 1437/1437/1437 
f 1437/1437/1437 1342/1342/1342 1438/1438/1438 
f 1342/1342/1342 1343/1343/1343 1438/1438/1438 
f 1438/1438/1438 1343/1343/1343 1439/1439/1439 
f 1343/1343/1343 1344/1344/1344 1439/1439/1439 
f 1439/1439/1439 1344/1344/1344 1440/1440/1440 
f 1344/1344/1344 1345/1345/1345 1440/1440/1440 
f 1440/1440/1440 1345/1345/1345 1441/1441/1441 
f 1345/1345/1345 1346/1346/1346 1441/1441/1441 
f 1441/1441/1441 1346/1346/1346 1442/1442/1442 
f 1346/1346/1346 1347/1347/1347 1442/1442/1442 
f 1442/1442/1442 1347/1347/1347 1443/1443/1443 
f 1347/1347/1347 1348/1348/1348 1443/1443/1443 
f 1443/1443/1443 1348/1348/1348 1443/1443/1443 
f 1348/1348/1348 1349/1349/1349 1443/1443/1443 
f 1443/1443/1443 1349/1349/1349 1444/1444/1444 
f 1349/1349/1349 1350/1350/1350 1444/1444/1444 
f 1444/1444/1444 1350/1350/1350 1350/1350/1350 
f 1350/1350/1350 1426/1426/1426 1350/1350/1350 
f 1350/1350/1350 1426/1426/1426 1426/1426/1426 
f 1426/1426/1426 1427/1427/1427 1426/1426/1426 
f 1426/1426/1426 1427/1427/1427 1425/1425/1425 
f 1427/1427/1427 1445/1445/1445 1425/1425/1425 
f 1425/1425/1425 1445/1445/1445 1424/1424/1424 
f 1445/1445/1445 1424/1424/1424 1424/1424/1424 
f 1424/1424/1424 1424/1424/1424 1428/1428/1428 
f 1424/1424/1424 1428/1428/1428 1428/1428/1428 
f 1428/1428/1428 1428/1428/1428 1427/1427/1427 
f 1428/1428/1428 1445/1445/1445 1427/1427/1427 
f 1427/1427/1427 1445/1445/1445 1445/1445/1445 
f 1445/1445/1445 1444/1444/1444 1445/1445/1445 
f 1445/1445/1445 1444/1444/1444 1444/1444/1444 
f 1444/1444/1444 1446/1446/1446 1444/1444/1444 
f 1444/1444/1444 1446/1446/1446 1443/1443/1443 
f 1446/1446/1446 1446/1446/1446 1443/1443/1443 
f 1443/1443/1443 1446/1446/1446 1442/1442/1442 
f 1446/1446/1446 1447/1447/1447 1442/1442/1442 
f 1442/1442/1442 1447/1447/1447 1441/1441/1441 
f 1447/1447/1447 1448/1448/1448 1441/1441/1441 
f 1441/1441/1441 1448/1448/1448 1440/1440/1440 
f 1448/1448/1448 1449/1449/1449 1440/1440/1440 
f 1440/1440/1440 1449/1449/1449 1439/1439/1439 
f 1449/1449/1449 1450/1450/1450 1439/1439/1439 
f 1439/1439/1439 1450/1450/1450 1438/1438/1438 
f 1450/1450/1450 1451/1451/1451 1438/1438/1438 
f 1438/1438/1438 1451/1451/1451 1437/1437/1437 
f 1451/1451/1451 1452/1452/1452 1437/1437/1437 
f 1437/1437/1437 1452/1452/1452 1436/1436/1436 
f 1452/1452/1452 1452/1452/1452 1436/1436/1436 
f 1436/1436/1436 1452/1452/1452 1435/1435/1435 
f 1452/1452/1452 1453/1453/1453 1435/1435/1435 
f 1435/1435/1435 1453/1453/1453 1434/1434/1434 
f 1453/1453/1453 1434/1434/1434 1434/1434/1434 
f 1434/1434/1434 1434/1434/1434 1453/1453/1453 
f 1434/1434/1434 1453/1453/1453 1453/1453/1453 
f 1453/1453/1453 1453/1453/1453 1454/1454/1454 
f 1453/1453/1453 1452/1452/1452 1454/1454/1454 
f 1454/1454/1454 1452/1452/1452 1454/1454/1454 
f 1452/1452/1452 1451/1451/1451 1454/1454/1454 
f 1454/1454/1454 1451/1451/1451 1455/1455/1455 
f 1451/1451/1451 1450/1450/1450 1455/1455/1455 
f 1455/1455/1455 1450/1450/1450 1456/1456/1456 
f 1450/1450/1450 1449/1449/1449 1456/1456/1456 
f 1456/1456/1456 1449/1449/1449 1457/1457/1457 
f 1449/1449/1449 1448/1448/1448 1457/1457/1457 
f 1457/1457/1457 1448/1448/1448 1458/1458/1458 
f 1448/1448/1448 1447/1447/1447 1458/1458/1458 
f 1458/1458/1458 1447/1447/1447 1459/1459/1459 
f 1447/1447/1447 1446/1446/1446 1459/1459/1459 
f 1459/1459/1459 1446/1446/1446 1460/1460/1460 
f 1446/1446/1446 1444/1444/1444 1460/1460/1460 
f 1460/1460/1460 1444/1444/1444 1461/1461/1461 
f 1444/1444/1444 1350/1350/1350 1461/1461/1461 
f 1461/1461/1461 1350/1350/1350 1461/1461/1461 
f 1350/1350/1350 1351/1351/1351 1461/1461/1461 
f 1461/1461/1461 1351/1351/1351 1462/1462/1462 
f 1351/1351/1351 1352/1352/1352 1462/1462/1462 
f 1462/1462/1462 1352/1352/1352 1352/1352/1352 
f 1352/1352/1352 1462/1462/1462 1352/1352/1352 
f 1352/1352/1352 1462/1462/1462 1462/1462/1462 
f 1462/1462/1462 1463/1463/1463 1462/1462/1462 
f 1462/1462/1462 1463/1463/1463 1461/1461/1461 
f 1463/1463/1463 1463/1463/1463 1461/1461/1461 
f 1461/1461/1461 1463/1463/1463 1460/1460/1460 
f 1463/1463/1463 1464/1464/1464 1460/1460/1460 
f 1460/1460/1460 1464/1464/1464 1459/1459/1459 
f 1464/1464/1464 1465/1465/1465 1459/1459/1459 
f 1459/1459/1459 1465/1465/1465 1458/1458/1458 
f 1465/1465/1465 1466/1466/1466 1458/1458/1458 
f 1458/1458/1458 1466/1466/1466 1457/1457/1457 
f 1466/1466/1466 1467/1467/1467 1457/1457/1457 
f 1457/1457/1457 1467/1467/1467 1456/1456/1456 
f 1467/1467/1467 1468/1468/1468 1456/1456/1456 
f 1456/1456/1456 1468/1468/1468 1455/1455/1455 
f 1468/1468/1468 1469/1469/1469 1455/1455/1455 
f 1455/1455/1455 1469/1469/1469 1454/1454/1454 
f 1469/1469/1469 1470/1470/1470 1454/1454/1454 
f 1454/1454/1454 1470/1470/1470 1453/1453/1453 
f 1470/1470/1470 1471/1471/1471 1453/1453/1453 
f 1453/1453/1453 1471/1471/1471 1434/1434/1434 
f 1471/1471/1471 1471/1471/1471 1434/1434/1434 
f 1434/1434/1434 1471/1471/1471 1433/1433/1433 
f 1471/1471/1471 1472/1472/1472 1433/1433/1433 
f 1433/1433/1433 1472/1472/1472 1432/1432/1432 
f 1472/1472/1472 1432/1432/1432 1432/1432/1432 
f 1432/1432/1432 1432/1432/1432 1472/1472/1472 
f 1432/1432/1432 1472/1472/1472 1472/1472/1472 
f 1472/1472/1472 1472/1472/1472 1473/1473/1473 
f 1472/1472/1472 1471/1471/1471 1473/1473/1473 
f 1473/1473/1473 1471/1471/1471 1473/1473/1473 
f 1471/1471/1471 1470/1470/1470 1473/1473/1473 
f 1473/1473/1473 1470/1470/1470 1474/1474/1474 
f 1470/1470/1470 1469/1469/1469 1474/1474/1474 
f 1474/1474/1474 1469/1469/1469 1475/1475/1475 
f 1469/1469/1469 1468/1468/1468 1475/1475/1475 
f 1475/1475/1475 1468/1468/1468 1476/1476/1476 
f 1468/1468/1468 1467/1467/1467 1476/1476/1476 
f 1476/1476/1476 1467/1467/1467 1477/1477/1477 
f 1467/1467/1467 1466/1466/1466 1477/1477/1477 
f 1477/1477/1477 1466/1466/1466 1478/1478/1478 
f 1466/1466/1466 1465/1465/1465 1478/1478/1478 
f 1478/1478/1478 1465/1465/1465 1479/1479/1479 
f 1465/1465/1465 1464/1464/1464 1479/1479/1479 
f 1479/1479/1479 1464/1464/1464 1480/1480/1480 
f 1464/1464/1464 1463/1463/1463 1480/1480/1480 
f 1480/1480/1480 1463/1463/1463 1481/1481/1481 
f 1463/1463/1463 1462/1462/1462 1481/1481/1481 
f 1481/1481/1481 1462/1462/1462 1482/1482/1482 
f 1462/1462/1462 1352/1352/1352 1482/1482/1482 
f 1482/1482/1482 1352/1352/1352 1483/1483/1483 
f 1352/1352/1352 1353/1353/1353 1483/1483/1483 
f 1483/1483/1483 1353/1353/1353 1484/1484/1484 
f 1353/1353/1353 1354/1354/1354 1484/1484/1484 
f 1484/1484/1484 1354/1354/1354 1485/1485/1485 
f 1354/1354/1354 1355/1355/1355 1485/1485/1485 
f 1485/1485/1485 1355/1355/1355 1486/1486/1486 
f 1355/1355/1355 1356/1356/1356 1486/1486/1486 
f 1486/1486/1486 1356/1356/1356 1487/1487/1487 
f 1356/1356/1356 1357/1357/1357 1487/1487/1487 
f 1487/1487/1487 1357/1357/1357 1488/1488/1488 
f 1357/1357/1357 1357/1357/1357 1488/1488/1488 
f 1488/1488/1488 1357/1357/1357 1489/1489/1489 
f 1357/1357/1357 1358/1358/1358 1489/1489/1489 
f 1489/1489/1489 1358/1358/1358 1490/1490/1490 
f 1358/1358/1358 1359/1359/1359 1490/1490/1490 
f 1490/1490/1490 1359/1359/1359 1491/1491/1491 
f 1359/1359/1359 1360/1360/1360 1491/1491/1491 
f 1491/1491/1491 1360/1360/1360 1492/1492/1492 
f 1360/1360/1360 1361/1361/1361 1492/1492/1492 
f 1492/1492/1492 1361/1361/1361 1493/1493/1493 
f 1361/1361/1361 1362/1362/1362 1493/1493/1493 
f 1493/1493/1493 1362/1362/1362 1494/1494/1494 
f 1362/1362/1362 1363/1363/1363 1494/1494/1494 
f 1494/1494/1494 1363/1363/1363 1495/1495/1495 
f 1363/1363/1363 1364/1364/1364 1495/1495/1495 
f 1495/1495/1495 1364/1364/1364 1495/1495/1495 
f 1364/1364/1364 1365/1365/1365 1495/1495/1495 
f 1495/1495/1495 1365/1365/1365 1496/1496/1496 
f 1365/1365/1365 1366/1366/1366 1496/1496/1496 
f 1496/1496/1496 1366/1366/1366 1497/1497/1497 
f 1366/1366/1366 1367/1367/1367 1497/1497/1497 
f 1497/1497/1497 1367/1367/1367 1498/1498/1498 
f 1367/1367/1367 1368/1368/1368 1498/1498/1498 
f 1498/1498/1498 1368/1368/1368 1499/1499/1499 
f 1368/1368/1368 1369/1369/1369 1499/1499/1499 
f 1499/1499/1499 1369/1369/1369 1500/1500/1500 
f 1369/1369/1369 1370/1370/1370 1500/1500/1500 
f 1500/1500/1500 1370/1370/1370 1501/1501/1501 
f 1370/1370/1370 1371/1371/1371 1501/1501/1501 
f 1501/1501/1501 1371/1371/1371 1502/1502/1502 
f 1371/1371/1371 1372/1372/1372 1502/1502/1502 
f 1502/1502/1502 1372/1372/1372 1503/1503/1503 
f 1372/1372/1372 1373/1373/1373 1503/1503/1503 
f 1503/1503/1503 1373/1373/1373 1504/1504/1504 
f 1373/1373/1373 1374/1374/1374 1504/1504/1504 
f 1504/1504/1504 1374/1374/1374 1505/1505/1505 
f 1374/1374/1374 1375/1375/1375 1505/1505/1505 
f 1505/1505/1505 1375/1375/1375 1506/1506/1506 
f 1375/1375/1375 1376/1376/1376 1506/1506/1506 
f 1506/1506/1506 1376/1376/1376 1507/1507/1507 
f 1376/1376/1376 1377/1377/1377 1507/1507/1507 
f 1507/1507/1507 1377/1377/1377 1508/1508/1508 
f 1377/1377/1377 1377/1377/1377 1508/1508/1508 
f 1508/1508/1508 1377/1377/1377 1509/1509/1509 
f 1377/1377/1377 1378/1378/1378 1509/1509/1509 
f 1509/1509/1509 1378/1378/1378 1510/1510/1510 
f 1378/1378/1378 1379/1379/1379 1510/1510/1510 
f 1510/1510/1510 1379/1379/1379 1511/1511/1511 
f 1379/1379/1379 1380/1380/1380 1511/1511/1511 
f 1511/1511/1511 1380/1380/1380 1512/1512/1512 
f 1380/1380/1380 1381/1381/1381 1512/1512/1512 
f 1512/1512/1512 1381/1381/1381 1513/1513/1513 
f 1381/1381/1381 1382/1382/1382 1513/1513/1513 
f 1513/1513/1513 1382/1382/1382 1513/1513/1513 
f 1382/1382/1382 1383/1383/1383 1513/1513/1513 
f 1513/1513/1513 1383/1383/1383 1513/1513/1513 
f 1383/1383/1383 1384/1384/1384 1513/1513/1513 
f 1513/1513/1513 1384/1384/1384 1514/1514/1514 
f 1384/1384/1384 1385/1385/1385 1514/1514/1514 
f 1514/1514/1514 1385/1385/1385 1515/1515/1515 
f 1385/1385/1385 1386/1386/1386 1515/1515/1515 
f 1515/1515/1515 1386/1386/1386 1516/1516/1516 
f 1386/1386/1386 1387/1387/1387 1516/1516/1516 
f 1516/1516/1516 1387/1387/1387 1517/1517/1517 
f 1387/1387/1387 1388/1388/1388 1517/1517/1517 
f 1517/1517/1517 1388/1388/1388 1518/1518/1518 
f 1388/1388/1388 1389/1389/1389 1518/1518/1518 
f 1518/1518/1518 1389/1389/1389 1519/1519/1519 
f 1389/1389/1389 1390/1390/1390 1519/1519/1519 
f 1519/1519/1519 1390/1390/1390 1520/1520/1520 
f 1390/1390/1390 1391/1391/1391 1520/1520/1520 
f 1520/1520/1520 1391/1391/1391 1521/1521/1521 
f 1391/1391/1391 1392/1392/1392 1521/1521/1521 
f 1521/1521/1521 1392/1392/1392 1522/1522/1522 
f 1392/1392/1392 1393/1393/1393 1522/1522/1522 
f 1522/1522/1522 1393/1393/1393 1523/1523/1523 
f 1393/1393/1393 1394/1394/1394 1523/1523/1523 
f 1523/1523/1523 1394/1394/1394 1524/1524/1524 
f 1394/1394/1394 1395/1395/1395 1524/1524/1524 
f 1524/1524/1524 1395/1395/1395 1525/1525/1525 
f 1395/1395/1395 1396/1396/1396 1525/1525/1525 
f 1525/1525/1525 1396/1396/1396 1526/1526/1526 
f 1396/1396/1396 1397/1397/1397 1526/1526/1526 
f 1526/1526/1526 1397/1397/1397 1527/1527/1527 
f 1397/1397/1397 1398/1398/1398 1527/1527/1527 
f 1527/1527/1527 1398/1398/1398 1528/1528/1528 
f 1398/1398/1398 1399/1399/1399 1528/1528/1528 
f 1528/1528/1528 1399/1399/1399 1528/1528/1528 
f 1399/1399/1399 1400/1400/1400 1528/1528/1528 
f 1528/1528/1528 1400/1400/1400 1529/1529/1529 
f 1400/1400/1400 1401/1401/1401 1529/1529/1529 
f 1529/1529/1529 1401/1401/1401 1530/1530/1530 
f 1401/1401/1401 1402/1402/1402 1530/1530/1530 
f 1530/1530/1530 1402/1402/1402 1531/1531/1531 
f 1402/1402/1402 1403/1403/1403 1531/1531/1531 
f 1531/1531/1531 1403/1403/1403 1532/1532/1532 
f 1403/1403/1403 1404/1404/1404 1532/1532/1532 
f 1532/1532/1532 1404/1404/1404 1533/1533/1533 
f 1404/1404/1404 1405/1405/1405 1533/1533/1533 
f 1533/1533/1533 1405/1405/1405 1534/1534/1534 
f 1405/1405/1405 1406/1406/1406 1534/1534/1534 
f 1534/1534/1534 1406/1406/1406 1535/1535/1535 
f 1406/1406/1406 1407/1407/1407 1535/1535/1535 
f 1535/1535/1535 1407/1407/1407 1536/1536/1536 
f 1407/1407/1407 1407/1407/1407 1536/1536/1536 
f 1536/1536/1536 1407/1407/1407 1537/1537/1537 
f 1407/1407/1407 1408/1408/1408 1537/1537/1537 
f 1537/1537/1537 1408/1408/1408 1538/1538/1538 
f 1408/1408/1408 1409/1409/1409 1538/1538/1538 
f 1538/1538/1538 1409/1409/1409 1539/1539/1539 
f 1409/1409/1409 1410/1410/1410 1539/1539/1539 
f 1539/1539/1539 1410/1410/1410 1540/1540/1540 
f 1410/1410/1410 1411/1411/1411 1540/1540/1540 
f 1540/1540/1540 1411/1411/1411 1541/1541/1541 
f 1411/1411/1411 1412/1412/1412 1541/1541/1541 
f 1541/1541/1541 1412/1412/1412 1542/1542/1542 
f 1412/1412/1412 1413/1413/1413 1542/1542/1542 
f 1542/1542/1542 1413/1413/1413 1543/1543/1543 
f 1413/1413/1413 1414/1414/1414 1543/1543/1543 
f 1543/1543/1543 1414/1414/1414 1544/1544/1544 
f 1414/1414/1414 1415/1415/1415 1544/1544/1544 
f 1544/1544/1544 1415/1415/1415 1544/1544/1544 
f 1415/1415/1415 1416/1416/1416 1544/1544/1544 
f 1544/1544/1544 1416/1416/1416 1545/1545/1545 
f 1416/1416/1416 1417/1417/1417 1545/1545/1545 
f 1545/1545/1545 1417/1417/1417 1546/1546/1546 
f 1417/1417/1417 1418/1418/1418 1546/1546/1546 
f 1546/1546/1546 1418/1418/1418 1547/1547/1547 
f 1418/1418/1418 1419/1419/1419 1547/1547/1547 
f 1547/1547/1547 1419/1419/1419 1548/1548/1548 
f 1419/1419/1419 1419/1419/1419 1548/1548/1548 
f 1548/1548/1548 1419/1419/1419 1549/1549/1549 
f 1419/1419/1419 1420/1420/1420 1549/1549/1549 
f 1549/1549/1549 1420/1420/1420 1550/1550/1550 
f 1420/1420/1420 1421/1421/1421 1550/1550/1550 
f 1550/1550/1550 1421/1421/1421 1551/1551/1551 
f 1421/1421/1421 1422/1422/1422 1551/1551/1551 
f 1551/1551/1551 1422/1422/1422 1552/1552/1552 
f 1422/1422/1422 1423/1423/1423 1552/1552/1552 
f 1552/1552/1552 1423/1423/1423 1553/1553/1553 
f 1423/1423/1423 1424/1424/1424 1553/1553/1553 
f 1553/1553/1553 1424/1424/1424 1553/1553/1553 
f 1424/1424/1424 1445/1445/1445 1553/1553/1553 
f 1553/1553/1553 1445/1445/1445 1554/1554/1554 
f 1445/1445/1445 1428/1428/1428 1554/1554/1554 
f 1554/1554/1554 1428/1428/1428 1554/1554/1554 
f 1428/1428/1428 1429/1429/1429 1554/1554/1554 
f 1554/1554/1554 1429/1429/1429 1555/1555/1555 
f 1429/1429/1429 1430/1430/1430 1555/1555/1555 
f 1555/1555/1555 1430/1430/1430 1556/1556/1556 
f 1430/1430/1430 1431/1431/1431 1556/1556/1556 
f 1556/1556/1556 1431/1431/1431 1557/1557/1557 
f 1431/1431/1431 1432/1432/1432 1557/1557/1557 
f 1557/1557/1557 1432/1432/1432 1557/1557/1557 
f 1432/1432/1432 1472/1472/1472 1557/1557/1557 
f 1557/1557/1557 1472/1472/1472 1558/1558/1558 
f 1472/1472/1472 1473/1473/1473 1558/1558/1558 
f 1558/1558/1558 1473/1473/1473 1559/1559/1559 
f 1473/1473/1473 1474/1474/1474 1559/1559/1559 
f 1559/1559/1559 1474/1474/1474 1560/1560/1560 
f 1474/1474/1474 1475/1475/1475 1560/1560/1560 
f 1560/1560/1560 1475/1475/1475 1561/1561/1561 
f 1475/1475/1475 1476/1476/1476 1561/1561/1561 
f 1561/1561/1561 1476/1476/1476 1562/1562/1562 
f 1476/1476/1476 1477/1477/1477 1562/1562/1562 
f 1562/1562/1562 1477/1477/1477 1563/1563/1563 
f 1477/1477/1477 1478/1478/1478 1563/1563/1563 
f 1563/1563/1563 1478/1478/1478 1564/1564/1564 
f 1478/1478/1478 1479/1479/1479 1564/1564/1564 
f 1564/1564/1564 1479/1479/1479 1565/1565/1565 
f 1479/1479/1479 1480/1480/1480 1565/1565/1565 
f 1565/1565/1565 1480/1480/1480 1566/1566/1566 
f 1480/1480/1480 1481/1481/1481 1566/1566/1566 
f 1566/1566/1566 1481/1481/1481 1567/1567/1567 
f 1481/1481/1481 1482/1482/1482 1567/1567/1567 
f 1567/1567/1567 1482/1482/1482 1568/1568/1568 
f 1482/1482/1482 1483/1483/1483 1568/1568/1568 
f 1568/1568/1568 1483/1483/1483 1569/1569/1569 
f 1483/1483/1483 1484/1484/1484 1569/1569/1569 
f 1569/1569/1569 1484/1484/1484 1570/1570/1570 
f 1484/1484/1484 1485/1485/1485 1570/1570/1570 
f 1570/1570/1570 1485/1485/1485 1571/1571/1571 
f 1485/1485/1485 1486/1486/1486 1571/1571/1571 
f 1571/1571/1571 1486/1486/1486 1572/1572/1572 
f 1486/1486/1486 1487/1487/1487 1572/1572/1572 
f 1572/1572/1572 1487/1487/1487 1573/1573/1573 
f 1487/1487/1487 1488/1488/1488 1573/1573/1573 
f 1573/1573/1573 1488/1488/1488 1574/1574/1574 
f 1488/1488/1488 1488/1488/1488 1574/1574/1574 
f 1574/1574/1574 1488/1488/1488 1575/1575/1575 
f 1488/1488/1488 1489/1489/1489 1575/1575/1575 
f 1575/1575/1575 1489/1489/1489 1576/1576/1576 
f 1489/1489/1489 1490/1490/1490 1576/1576/1576 
f 1576/1576/1576 1490/1490/1490 1577/1577/1577 
f 1490/1490/1490 1491/1491/1491 1577/1577/1577 
f 1577/1577/1577 1491/1491/1491 1578/1578/1578 
f 1491/1491/1491 1492/1492/1492 1578/1578/1578 
f 1578/1578/1578 1492/1492/1492 1579/1579/1579 
f 1492/1492/1492 1493/1493/1493 1579/1579/1579 
f 1579/1579/1579 1493/1493/1493 1580/1580/1580 
f 1493/1493/1493 1494/1494/1494 1580/1580/1580 
f 1580/1580/1580 1494/1494/1494 1581/1581/1581 
f 1494/1494/1494 1495/1495/1495 1581/1581/1581 
f 1581/1581/1581 1495/1495/1495 1581/1581/1581 
f 1495/1495/1495 1496/1496/1496 1581/1581/1581 
f 1581/1581/1581 1496/1496/1496 1582/1582/1582 
f 1496/1496/1496 1497/1497/1497 1582/1582/1582 
f 1582/1582/1582 1497/1497/1497 1583/1583/1583 
f 1497/1497/1497 1498/1498/1498 1583/1583/1583 
f 1583/1583/1583 1498/1498/1498 1584/1584/1584 
f 1498/1498/1498 1499/1499/1499 1584/1584/1584 
f 1584/1584/1584 1499/1499/1499 1585/1585/1585 
f 1499/1499/1499 1500/1500/1500 1585/1585/1585 
f 1585/1585/1585 1500/1500/1500 1586/1586/1586 
f 1500/1500/1500 1501/1501/1501 1586/1586/1586 
f 1586/1586/1586 1501/1501/1501 1587/1587/1587 
f 1501/1501/1501 1502/1502/1502 1587/1587/1587 
f 1587/1587/1587 1502/1502/1502 1588/1588/1588 
f 1502/1502/1502 1503/1503/1503 1588/1588/1588 
f 1588/1588/1588 1503/1503/1503 1589/1589/1589 
f 1503/1503/1503 1504/1504/1504 1589/1589/1589 
f 1589/1589/1589 1504/1504/1504 1590/1590/1590 
f 1504/1504/1504 1505/1505/1505 1590/1590/1590 
f 1590/1590/1590 1505/1505/1505 1591/1591/1591 
f 1505/1505/1505 1506/1506/1506 1591/1591/1591 
f 1591/1591/1591 1506/1506/1506 1592/1592/1592 
f 1506/1506/1506 1507/1507/1507 1592/1592/1592 
f 1592/1592/1592 1507/1507/1507 1593/1593/1593 
f 1507/1507/1507 1508/1508/1508 1593/1593/1593 
f 1593/1593/1593 1508/1508/1508 1594/1594/1594 
f 1508/1508/1508 1508/1508/1508 1594/1594/1594 
f 1594/1594/1594 1508/1508/1508 1595/1595/1595 
f 1508/1508/1508 1509/1509/1509 1595/1595/1595 
f 1595/1595/1595 1509/1509/1509 1596/1596/1596 
f 1509/1509/1509 1510/1510/1510 1596/1596/1596 
f 1596/1596/1596 1510/1510/1510 1597/1597/1597 
f 1510/1510/1510 1511/1511/1511 1597/1597/1597 
f 1597/1597/1597 1511/1511/1511 1598/1598/1598 
f 1511/1511/1511 1512/1512/1512 1598/1598/1598 
f 1598/1598/1598 1512/1512/1512 1514/1514/1514 
f 1512/1512/1512 1513/1513/1513 1514/1514/1514 
f 1514/1514/1514 1513/1513/1513 1513/1513/1513 
f 1513/1513/1513 1514/1514/1514 1513/1513/1513 
f 1513/1513/1513 1514/1514/1514 1514/1514/1514 
f 1514/1514/1514 1515/1515/1515 1514/1514/1514 
f 1514/1514/1514 1515/1515/1515 1598/1598/1598 
f 1515/1515/1515 1599/1599/1599 1598/1598/1598 
f 1598/1598/1598 1599/1599/1599 1597/1597/1597 
f 1599/1599/1599 1597/1597/1597 1597/1597/1597 
f 1597/1597/1597 1597/1597/1597 1515/1515/1515 
f 1597/1597/1597 1515/1515/1515 1515/1515/1515 
f 1515/1515/1515 1515/1515/1515 1599/1599/1599 
f 1515/1515/1515 1516/1516/1516 1599/1599/1599 
f 1599/1599/1599 1516/1516/1516 1600/1600/1600 
f 1516/1516/1516 1517/1517/1517 1600/1600/1600 
f 1600/1600/1600 1517/1517/1517 1601/1601/1601 
f 1517/1517/1517 1518/1518/1518 1601/1601/1601 
f 1601/1601/1601 1518/1518/1518 1602/1602/1602 
f 1518/1518/1518 1519/1519/1519 1602/1602/1602 
f 1602/1602/1602 1519/1519/1519 1603/1603/1603 
f 1519/1519/1519 1520/1520/1520 1603/1603/1603 
f 1603/1603/1603 1520/1520/1520 1604/1604/1604 
f 1520/1520/1520 1521/1521/1521 1604/1604/1604 
f 1604/1604/1604 1521/1521/1521 1605/1605/1605 
f 1521/1521/1521 1522/1522/1522 1605/1605/1605 
f 1605/1605/1605 1522/1522/1522 1606/1606/1606 
f 1522/1522/1522 1523/1523/1523 1606/1606/1606 
f 1606/1606/1606 1523/1523/1523 1607/1607/1607 
f 1523/1523/1523 1524/1524/1524 1607/1607/1607 
f 1607/1607/1607 1524/1524/1524 1608/1608/1608 
f 1524/1524/1524 1525/1525/1525 1608/1608/1608 
f 1608/1608/1608 1525/1525/1525 1609/1609/1609 
f 1525/1525/1525 1526/1526/1526 1609/1609/1609 
f 1609/1609/1609 1526/1526/1526 1610/1610/1610 
f 1526/1526/1526 1527/1527/1527 1610/1610/1610 
f 1610/1610/1610 1527/1527/1527 1611/1611/1611 
f 1527/1527/1527 1528/1528/1528 1611/1611/1611 
f 1611/1611/1611 1528/1528/1528 1611/1611/1611 
f 1528/1528/1528 1529/1529/1529 1611/1611/1611 
f 1611/1611/1611 1529/1529/1529 1612/1612/1612 
f 1529/1529/1529 1530/1530/1530 1612/1612/1612 
f 1612/1612/1612 1530/1530/1530 1613/1613/1613 
f 1530/1530/1530 1531/1531/1531 1613/1613/1613 
f 1613/1613/1613 1531/1531/1531 1614/1614/1614 
f 1531/1531/1531 1532/1532/1532 1614/1614/1614 
f 1614/1614/1614 1532/1532/1532 1615/1615/1615 
f 1532/1532/1532 1533/1533/1533 1615/1615/1615 
f 1615/1615/1615 1533/1533/1533 1616/1616/1616 
f 1533/1533/1533 1534/1534/1534 1616/1616/1616 
f 1616/1616/1616 1534/1534/1534 1617/1617/1617 
f 1534/1534/1534 1535/1535/1535 1617/1617/1617 
f 1617/1617/1617 1535/1535/1535 1618/1618/1618 
f 1535/1535/1535 1536/1536/1536 1618/1618/1618 
f 1618/1618/1618 1536/1536/1536 1619/1619/1619 
f 1536/1536/1536 1536/1536/1536 1619/1619/1619 
f 1619/1619/1619 1536/1536/1536 1620/1620/1620 
f 1536/1536/1536 1537/1537/1537 1620/1620/1620 
f 1620/1620/1620 1537/1537/1537 1621/1621/1621 
f 1537/1537/1537 1538/1538/1538 1621/1621/1621 
f 1621/1621/1621 1538/1538/1538 1622/1622/1622 
f 1538/1538/1538 1539/1539/1539 1622/1622/1622 
f 1622/1622/1622 1539/1539/1539 1623/1623/1623 
f 1539/1539/1539 1540/1540/1540 1623/1623/1623 
f 1623/1623/1623 1540/1540/1540 1624/1624/1624 
f 1540/1540/1540 1541/1541/1541 1624/1624/1624 
f 1624/1624/1624 1541/1541/1541 1625/1625/1625 
f 1541/1541/1541 1542/1542/1542 1625/1625/1625 
f 1625/1625/1625 1542/1542/1542 1626/1626/1626 
f 1542/1542/1542 1543/1543/1543 1626/1626/1626 
f 1626/1626/1626 1543/1543/1543 1627/1627/1627 
f 1543/1543/1543 1544/1544/1544 1627/1627/1627 
f 1627/1627/1627 1544/1544/1544 1627/1627/1627 
f 1544/1544/1544 1545/1545/1545 1627/1627/1627 
f 1627/1627/1627 1545/1545/1545 1628/1628/1628 
f 1545/1545/1545 1546/1546/1546 1628/1628/1628 
f 1628/1628/1628 1546/1546/1546 1629/1629/1629 
f 1546/1546/1546 1547/1547/1547 1629/1629/1629 
f 1629/1629/1629 1547/1547/1547 1630/1630/1630 
f 1547/1547/1547 1548/1548/1548 1630/1630/1630 
f 1630/1630/1630 1548/1548/1548 1631/1631/1631 
f 1548/1548/1548 1548/1548/1548 1631/1631/1631 
f 1631/1631/1631 1548/1548/1548 1632/1632/1632 
f 1548/1548/1548 1549/1549/1549 1632/1632/1632 
f 1632/1632/1632 1549/1549/1549 1633/1633/1633 
f 1549/1549/1549 1550/1550/1550 1633/1633/1633 
f 1633/1633/1633 1550/1550/1550 1634/1634/1634 
f 1550/1550/1550 1551/1551/1551 1634/1634/1634 
f 1634/1634/1634 1551/1551/1551 1635/1635/1635 
f 1551/1551/1551 1552/1552/1552 1635/1635/1635 
f 1635/1635/1635 1552/1552/1552 1636/1636/1636 
f 1552/1552/1552 1553/1553/1553 1636/1636/1636 
f 1636/1636/1636 1553/1553/1553 1636/1636/1636 
f 1553/1553/1553 1554/1554/1554 1636/1636/1636 
f 1636/1636/1636 1554/1554/1554 1636/1636/1636 
f 1554/1554/1554 1555/1555/1555 1636/1636/1636 
f 1636/1636/1636 1555/1555/1555 1637/1637/1637 
f 1555/1555/1555 1556/1556/1556 1637/1637/1637 
f 1637/1637/1637 1556/1556/1556 1638/1638/1638 
f 1556/1556/1556 1557/1557/1557 1638/1638/1638 
f 1638/1638/1638 1557/1557/1557 1638/1638/1638 
f 1557/1557/1557 1558/1558/1558 1638/1638/1638 
f 1638/1638/1638 1558/1558/1558 1639/1639/1639 
f 1558/1558/1558 1559/1559/1559 1639/1639/1639 
f 1639/1639/1639 1559/1559/1559 1639/1639/1639 
f 1559/1559/1559 1560/1560/1560 1639/1639/1639 
f 1639/1639/1639 1560/1560/1560 1640/1640/1640 
f 1560/1560/1560 1561/1561/1561 1640/1640/1640 
f 1640/1640/1640 1561/1561/1561 1561/1561/1561 
f 1561/1561/1561 1636/1636/1636 1561/1561/1561 
f 1561/1561/1561 1636/1636/1636 1636/1636/1636 
f 1636/1636/1636 1637/1637/1637 1636/1636/1636 
f 1636/1636/1636 1637/1637/1637 1635/1635/1635 
f 1637/1637/1637 1641/1641/1641 1635/1635/1635 
f 1635/1635/1635 1641/1641/1641 1634/1634/1634 
f 1641/1641/1641 1642/1642/1642 1634/1634/1634 
f 1634/1634/1634 1642/1642/1642 1633/1633/1633 
f 1642/1642/1642 1643/1643/1643 1633/1633/1633 
f 1633/1633/1633 1643/1643/1643 1632/1632/1632 
f 1643/1643/1643 1632/1632/1632 1632/1632/1632 
f 1632/1632/1632 1632/1632/1632 1637/1637/1637 
f 1632/1632/1632 1637/1637/1637 1637/1637/1637 
f 1637/1637/1637 1637/1637/1637 1641/1641/1641 
f 1637/1637/1637 1638/1638/1638 1641/1641/1641 
f 1641/1641/1641 1638/1638/1638 1641/1641/1641 
f 1638/1638/1638 1639/1639/1639 1641/1641/1641 
f 1641/1641/1641 1639/1639/1639 1641/1641/1641 
f 1639/1639/1639 1640/1640/1640 1641/1641/1641 
f 1641/1641/1641 1640/1640/1640 1642/1642/1642 
f 1640/1640/1640 1644/1644/1644 1642/1642/1642 
f 1642/1642/1642 1644/1644/1644 1643/1643/1643 
f 1644/1644/1644 1643/1643/1643 1643/1643/1643 
f 1643/1643/1643 1643/1643/1643 1640/1640/1640 
f 1643/1643/1643 1640/1640/1640 1640/1640/1640 
f 1640/1640/1640 1640/1640/1640 1644/1644/1644 
f 1640/1640/1640 1561/1561/1561 1644/1644/1644 
f 1644/1644/1644 1561/1561/1561 1645/1645/1645 
f 1561/1561/1561 1562/1562/1562 1645/1645/1645 
f 1645/1645/1645 1562/1562/1562 1646/1646/1646 
f 1562/1562/1562 1563/1563/1563 1646/1646/1646 
f 1646/1646/1646 1563/1563/1563 1563/1563/1563 
f 1563/1563/1563 1644/1644/1644 1563/1563/1563 
f 1563/1563/1563 1644/1644/1644 1644/1644/1644 
f 1644/1644/1644 1645/1645/1645 1644/1644/1644 
f 1644/1644/1644 1645/1645/1645 1647/1647/1647 
f 1645/1645/1645 1648/1648/1648 1647/1647/1647 
f 1647/1647/1647 1648/1648/1648 1631/1631/1631 
f 1648/1648/1648 1649/1649/1649 1631/1631/1631 
f 1631/1631/1631 1649/1649/1649 1630/1630/1630 
f 1649/1649/1649 1630/1630/1630 1630/1630/1630 
f 1630/1630/1630 1630/1630/1630 1645/1645/1645 
f 1630/1630/1630 1645/1645/1645 1645/1645/1645 
f 1645/1645/1645 1645/1645/1645 1648/1648/1648 
f 1645/1645/1645 1646/1646/1646 1648/1648/1648 
f 1648/1648/1648 1646/1646/1646 1649/1649/1649 
f 1646/1646/1646 1646/1646/1646 1649/1649/1649 
f 1649/1649/1649 1646/1646/1646 1650/1650/1650 
f 1646/1646/1646 1563/1563/1563 1650/1650/1650 
f 1650/1650/1650 1563/1563/1563 1651/1651/1651 
f 1563/1563/1563 1564/1564/1564 1651/1651/1651 
f 1651/1651/1651 1564/1564/1564 1652/1652/1652 
f 1564/1564/1564 1565/1565/1565 1652/1652/1652 
f 1652/1652/1652 1565/1565/1565 1653/1653/1653 
f 1565/1565/1565 1566/1566/1566 1653/1653/1653 
f 1653/1653/1653 1566/1566/1566 1654/1654/1654 
f 1566/1566/1566 1567/1567/1567 1654/1654/1654 
f 1654/1654/1654 1567/1567/1567 1655/1655/1655 
f 1567/1567/1567 1568/1568/1568 1655/1655/1655 
f 1655/1655/1655 1568/1568/1568 1656/1656/1656 
f 1568/1568/1568 1569/1569/1569 1656/1656/1656 
f 1656/1656/1656 1569/1569/1569 1657/1657/1657 
f 1569/1569/1569 1570/1570/1570 1657/1657/1657 
f 1657/1657/1657 1570/1570/1570 1658/1658/1658 
f 1570/1570/1570 1571/1571/1571 1658/1658/1658 
f 1658/1658/1658 1571/1571/1571 1659/1659/1659 
f 1571/1571/1571 1572/1572/1572 1659/1659/1659 
f 1659/1659/1659 1572/1572/1572 1660/1660/1660 
f 1572/1572/1572 1573/1573/1573 1660/1660/1660 
f 1660/1660/1660 1573/1573/1573 1661/1661/1661 
f 1573/1573/1573 1574/1574/1574 1661/1661/1661 
f 1661/1661/1661 1574/1574/1574 1662/1662/1662 
f 1574/1574/1574 1574/1574/1574 1662/1662/1662 
f 1662/1662/1662 1574/1574/1574 1663/1663/1663 
f 1574/1574/1574 1575/1575/1575 1663/1663/1663 
f 1663/1663/1663 1575/1575/1575 1664/1664/1664 
f 1575/1575/1575 1576/1576/1576 1664/1664/1664 
f 1664/1664/1664 1576/1576/1576 1665/1665/1665 
f 1576/1576/1576 1577/1577/1577 1665/1665/1665 
f 1665/1665/1665 1577/1577/1577 1666/1666/1666 
f 1577/1577/1577 1578/1578/1578 1666/1666/1666 
f 1666/1666/1666 1578/1578/1578 1667/1667/1667 
f 1578/1578/1578 1579/1579/1579 1667/1667/1667 
f 1667/1667/1667 1579/1579/1579 1668/1668/1668 
f 1579/1579/1579 1580/1580/1580 1668/1668/1668 
f 1668/1668/1668 1580/1580/1580 1669/1669/1669 
f 1580/1580/1580 1581/1581/1581 1669/1669/1669 
f 1669/1669/1669 1581/1581/1581 1669/1669/1669 
f 1581/1581/1581 1582/1582/1582 1669/1669/1669 
f 1669/1669/1669 1582/1582/1582 1670/1670/1670 
f 1582/1582/1582 1583/1583/1583 1670/1670/1670 
f 1670/1670/1670 1583/1583/1583 1671/1671/1671 
f 1583/1583/1583 1584/1584/1584 1671/1671/1671 
f 1671/1671/1671 1584/1584/1584 1672/1672/1672 
f 1584/1584/1584 1585/1585/1585 1672/1672/1672 
f 1672/1672/1672 1585/1585/1585 1673/1673/1673 
f 1585/1585/1585 1586/1586/1586 1673/1673/1673 
f 1673/1673/1673 1586/1586/1586 1674/1674/1674 
f 1586/1586/1586 1587/1587/1587 1674/1674/1674 
f 1674/1674/1674 1587/1587/1587 1675/1675/1675 
f 1587/1587/1587 1588/1588/1588 1675/1675/1675 
f 1675/1675/1675 1588/1588/1588 1676/1676/1676 
f 1588/1588/1588 1589/1589/1589 1676/1676/1676 
f 1676/1676/1676 1589/1589/1589 1677/1677/1677 
f 1589/1589/1589 1590/1590/1590 1677/1677/1677 
f 1677/1677/1677 1590/1590/1590 1678/1678/1678 
f 1590/1590/1590 1591/1591/1591 1678/1678/1678 
f 1678/1678/1678 1591/1591/1591 1679/1679/1679 
f 1591/1591/1591 1592/1592/1592 1679/1679/1679 
f 1679/1679/1679 1592/1592/1592 1680/1680/1680 
f 1592/1592/1592 1593/1593/1593 1680/1680/1680 
f 1680/1680/1680 1593/1593/1593 1681/1681/1681 
f 1593/1593/1593 1594/1594/1594 1681/1681/1681 
f 1681/1681/1681 1594/1594/1594 1682/1682/1682 
f 1594/1594/1594 1594/1594/1594 1682/1682/1682 
f 1682/1682/1682 1594/1594/1594 1683/1683/1683 
f 1594/1594/1594 1595/1595/1595 1683/1683/1683 
f 1683/1683/1683 1595/1595/1595 1684/1684/1684 
f 1595/1595/1595 1596/1596/1596 1684/1684/1684 
f 1684/1684/1684 1596/1596/1596 1685/1685/1685 
f 1596/1596/1596 1597/1597/1597 1685/1685/1685 
f 1685/1685/1685 1597/1597/1597 1685/1685/1685 
f 1597/1597/1597 1599/1599/1599 1685/1685/1685 
f 1685/1685/1685 1599/1599/1599 1685/1685/1685 
f 1599/1599/1599 1600/1600/1600 1685/1685/1685 
f 1685/1685/1685 1600/1600/1600 1686/1686/1686 
f 1600/1600/1600 1601/1601/1601 1686/1686/1686 
f 1686/1686/1686 1601/1601/1601 1601/1601/1601 
f 1601/1601/1601 1644/1644/1644 1601/1601/1601 
f 1601/1601/1601 1644/1644/1644 1644/1644/1644 
f 1644/1644/1644 1647/1647/1647 1644/1644/1644 
f 1644/1644/1644 1647/1647/1647 1643/1643/1643 
f 1647/1647/1647 1647/1647/1647 1643/1643/1643 
f 1643/1643/1643 1647/1647/1647 1632/1632/1632 
f 1647/1647/1647 1631/1631/1631 1632/1632/1632 
f 1632/1632/1632 1631/1631/1631 1631/1631/1631 
f 1631/1631/1631 1685/1685/1685 1631/1631/1631 
f 1631/1631/1631 1685/1685/1685 1685/1685/1685 
f 1685/1685/1685 1686/1686/1686 1685/1685/1685 
f 1685/1685/1685 1686/1686/1686 1684/1684/1684 
f 1686/1686/1686 1687/1687/1687 1684/1684/1684 
f 1684/1684/1684 1687/1687/1687 1683/1683/1683 
f 1687/1687/1687 1688/1688/1688 1683/1683/1683 
f 1683/1683/1683 1688/1688/1688 1682/1682/1682 
f 1688/1688/1688 1689/1689/1689 1682/1682/1682 
f 1682/1682/1682 1689/1689/1689 1682/1682/1682 
f 1689/1689/1689 1690/1690/1690 1682/1682/1682 
f 1682/1682/1682 1690/1690/1690 1681/1681/1681 
f 1690/1690/1690 1691/1691/1691 1681/1681/1681 
f 1681/1681/1681 1691/1691/1691 1680/1680/1680 
f 1691/1691/1691 1692/1692/1692 1680/1680/1680 
f 1680/1680/1680 1692/1692/1692 1679/1679/1679 
f 1692/1692/1692 1693/1693/1693 1679/1679/1679 
f 1679/1679/1679 1693/1693/1693 1678/1678/1678 
f 1693/1693/1693 1694/1694/1694 1678/1678/1678 
f 1678/1678/1678 1694/1694/1694 1677/1677/1677 
f 1694/1694/1694 1695/1695/1695 1677/1677/1677 
f 1677/1677/1677 1695/1695/1695 1676/1676/1676 
f 1695/1695/1695 1696/1696/1696 1676/1676/1676 
f 1676/1676/1676 1696/1696/1696 1675/1675/1675 
f 1696/1696/1696 1697/1697/1697 1675/1675/1675 
f 1675/1675/1675 1697/1697/1697 1674/1674/1674 
f 1697/1697/1697 1698/1698/1698 1674/1674/1674 
f 1674/1674/1674 1698/1698/1698 1673/1673/1673 
f 1698/1698/1698 1699/1699/1699 1673/1673/1673 
f 1673/1673/1673 1699/1699/1699 1672/1672/1672 
f 1699/1699/1699 1700/1700/1700 1672/1672/1672 
f 1672/1672/1672 1700/1700/1700 1671/1671/1671 
f 1700/1700/1700 1701/1701/1701 1671/1671/1671 
f 1671/1671/1671 1701/1701/1701 1670/1670/1670 
f 1701/1701/1701 1702/1702/1702 1670/1670/1670 
f 1670/1670/1670 1702/1702/1702 1669/1669/1669 
f 1702/1702/1702 1702/1702/1702 1669/1669/1669 
f 1669/1669/1669 1702/1702/1702 1668/1668/1668 
f 1702/1702/1702 1703/1703/1703 1668/1668/1668 
f 1668/1668/1668 1703/1703/1703 1667/1667/1667 
f 1703/1703/1703 1667/1667/1667 1667/1667/1667 
f 1667/1667/1667 1667/1667/1667 1703/1703/1703 
f 1667/1667/1667 1703/1703/1703 1703/1703/1703 
f 1703/1703/1703 1703/1703/1703 1704/1704/1704 
f 1703/1703/1703 1702/1702/1702 1704/1704/1704 
f 1704/1704/1704 1702/1702/1702 1704/1704/1704 
f 1702/1702/1702 1701/1701/1701 1704/1704/1704 
f 1704/1704/1704 1701/1701/1701 1705/1705/1705 
f 1701/1701/1701 1700/1700/1700 1705/1705/1705 
f 1705/1705/1705 1700/1700/1700 1706/1706/1706 
f 1700/1700/1700 1699/1699/1699 1706/1706/1706 
f 1706/1706/1706 1699/1699/1699 1707/1707/1707 
f 1699/1699/1699 1698/1698/1698 1707/1707/1707 
f 1707/1707/1707 1698/1698/1698 1708/1708/1708 
f 1698/1698/1698 1697/1697/1697 1708/1708/1708 
f 1708/1708/1708 1697/1697/1697 1709/1709/1709 
f 1697/1697/1697 1696/1696/1696 1709/1709/1709 
f 1709/1709/1709 1696/1696/1696 1710/1710/1710 
f 1696/1696/1696 1695/1695/1695 1710/1710/1710 
f 1710/1710/1710 1695/1695/1695 1711/1711/1711 
f 1695/1695/1695 1694/1694/1694 1711/1711/1711 
f 1711/1711/1711 1694/1694/1694 1712/1712/1712 
f 1694/1694/1694 1693/1693/1693 1712/1712/1712 
f 1712/1712/1712 1693/1693/1693 1713/1713/1713 
f 1693/1693/1693 1692/1692/1692 1713/1713/1713 
f 1713/1713/1713 1692/1692/1692 1714/1714/1714 
f 1692/1692/1692 1691/1691/1691 1714/1714/1714 
f 1714/1714/1714 1691/1691/1691 1715/1715/1715 
f 1691/1691/1691 1690/1690/1690 1715/1715/1715 
f 1715/1715/1715 1690/1690/1690 1716/1716/1716 
f 1690/1690/1690 1689/1689/1689 1716/1716/1716 
f 1716/1716/1716 1689/1689/1689 1717/1717/1717 
f 1689/1689/1689 1689/1689/1689 1717/1717/1717 
f 1717/1717/1717 1689/1689/1689 1718/1718/1718 
f 1689/1689/1689 1688/1688/1688 1718/1718/1718 
f 1718/1718/1718 1688/1688/1688 1719/1719/1719 
f 1688/1688/1688 1687/1687/1687 1719/1719/1719 
f 1719/1719/1719 1687/1687/1687 1720/1720/1720 
f 1687/1687/1687 1686/1686/1686 1720/1720/1720 
f 1720/1720/1720 1686/1686/1686 1720/1720/1720 
f 1686/1686/1686 1601/1601/1601 1720/1720/1720 
f 1720/1720/1720 1601/1601/1601 1720/1720/1720 
f 1601/1601/1601 1602/1602/1602 1720/1720/1720 
f 1720/1720/1720 1602/1602/1602 1721/1721/1721 
f 1602/1602/1602 1603/1603/1603 1721/1721/1721 
f 1721/1721/1721 1603/1603/1603 1603/1603/1603 
f 1603/1603/1603 1720/1720/1720 1603/1603/1603 
f 1603/1603/1603 1720/1720/1720 1720/1720/1720 
f 1720/1720/1720 1721/1721/1721 1720/1720/1720 
f 1720/1720/1720 1721/1721/1721 1719/1719/1719 
f 1721/1721/1721 1722/1722/1722 1719/1719/1719 
f 1719/1719/1719 1722/1722/1722 1718/1718/1718 
f 1722/1722/1722 1723/1723/1723 1718/1718/1718 
f 1718/1718/1718 1723/1723/1723 1717/1717/1717 
f 1723/1723/1723 1724/1724/1724 1717/1717/1717 
f 1717/1717/1717 1724/1724/1724 1717/1717/1717 
f 1724/1724/1724 1725/1725/1725 1717/1717/1717 
f 1717/1717/1717 1725/1725/1725 1716/1716/1716 
f 1725/1725/1725 1726/1726/1726 1716/1716/1716 
f 1716/1716/1716 1726/1726/1726 1715/1715/1715 
f 1726/1726/1726 1727/1727/1727 1715/1715/1715 
f 1715/1715/1715 1727/1727/1727 1714/1714/1714 
f 1727/1727/1727 1728/1728/1728 1714/1714/1714 
f 1714/1714/1714 1728/1728/1728 1713/1713/1713 
f 1728/1728/1728 1729/1729/1729 1713/1713/1713 
f 1713/1713/1713 1729/1729/1729 1712/1712/1712 
f 1729/1729/1729 1730/1730/1730 1712/1712/1712 
f 1712/1712/1712 1730/1730/1730 1711/1711/1711 
f 1730/1730/1730 1731/1731/1731 1711/1711/1711 
f 1711/1711/1711 1731/1731/1731 1710/1710/1710 
f 1731/1731/1731 1732/1732/1732 1710/1710/1710 
f 1710/1710/1710 1732/1732/1732 1709/1709/1709 
f 1732/1732/1732 1733/1733/1733 1709/1709/1709 
f 1709/1709/1709 1733/1733/1733 1708/1708/1708 
f 1733/1733/1733 1734/1734/1734 1708/1708/1708 
f 1708/1708/1708 1734/1734/1734 1707/1707/1707 
f 1734/1734/1734 1735/1735/1735 1707/1707/1707 
f 1707/1707/1707 1735/1735/1735 1706/1706/1706 
f 1735/1735/1735 1736/1736/1736 1706/1706/1706 
f 1706/1706/1706 1736/1736/1736 1705/1705/1705 
f 1736/1736/1736 1737/1737/1737 1705/1705/1705 
f 1705/1705/1705 1737/1737/1737 1704/1704/1704 
f 1737/1737/1737 1738/1738/1738 1704/1704/1704 
f 1704/1704/1704 1738/1738/1738 1703/1703/1703 
f 1738/1738/1738 1739/1739/1739 1703/1703/1703 
f 1703/1703/1703 1739/1739/1739 1667/1667/1667 
f 1739/1739/1739 1739/1739/1739 1667/1667/1667 
f 1667/1667/1667 1739/1739/1739 1666/1666/1666 
f 1739/1739/1739 1740/1740/1740 1666/1666/1666 
f 1666/1666/1666 1740/1740/1740 1665/1665/1665 
f 1740/1740/1740 1740/1740/1740 1665/1665/1665 
f 1665/1665/1665 1740/1740/1740 1664/1664/1664 
f 1740/1740/1740 1741/1741/1741 1664/1664/1664 
f 1664/1664/1664 1741/1741/1741 1663/1663/1663 
f 1741/1741/1741 1742/1742/1742 1663/1663/1663 
f 1663/1663/1663 1742/1742/1742 1662/1662/1662 
f 1742/1742/1742 1743/1743/1743 1662/1662/1662 
f 1662/1662/1662 1743/1743/1743 1662/1662/1662 
f 1743/1743/1743 1744/1744/1744 1662/1662/1662 
f 1662/1662/1662 1744/1744/1744 1661/1661/1661 
f 1744/1744/1744 1745/1745/1745 1661/1661/1661 
f 1661/1661/1661 1745/1745/1745 1660/1660/1660 
f 1745/1745/1745 1746/1746/1746 1660/1660/1660 
f 1660/1660/1660 1746/1746/1746 1659/1659/1659 
f 1746/1746/1746 1747/1747/1747 1659/1659/1659 
f 1659/1659/1659 1747/1747/1747 1658/1658/1658 
f 1747/1747/1747 1748/1748/1748 1658/1658/1658 
f 1658/1658/1658 1748/1748/1748 1657/1657/1657 
f 1748/1748/1748 1749/1749/1749 1657/1657/1657 
f 1657/1657/1657 1749/1749/1749 1656/1656/1656 
f 1749/1749/1749 1750/1750/1750 1656/1656/1656 
f 1656/1656/1656 1750/1750/1750 1655/1655/1655 
f 1750/1750/1750 1751/1751/1751 1655/1655/1655 
f 1655/1655/1655 1751/1751/1751 1654/1654/1654 
f 1751/1751/1751 1752/1752/1752 1654/1654/1654 
f 1654/1654/1654 1752/1752/1752 1653/1653/1653 
f 1752/1752/1752 1753/1753/1753 1653/1653/1653 
f 1653/1653/1653 1753/1753/1753 1652/1652/1652 
f 1753/1753/1753 1754/1754/1754 1652/1652/1652 
f 1652/1652/1652 1754/1754/1754 1651/1651/1651 
f 1754/1754/1754 1755/1755/1755 1651/1651/1651 
f 1651/1651/1651 1755/1755/1755 1650/1650/1650 
f 1755/1755/1755 1756/1756/1756 1650/1650/1650 
f 1650/1650/1650 1756/1756/1756 1649/1649/1649 
f 1756/1756/1756 1756/1756/1756 1649/1649/1649 
f 1649/1649/1649 1756/1756/1756 1630/1630/1630 
f 1756/1756/1756 1756/1756/1756 1630/1630/1630 
f 1630/1630/1630 1756/1756/1756 1629/1629/1629 
f 1756/1756/1756 1757/1757/1757 1629/1629/1629 
f 1629/1629/1629 1757/1757/1757 1628/1628/1628 
f 1757/1757/1757 1628/1628/1628 1628/1628/1628 
f 1628/1628/1628 1628/1628/1628 1756/1756/1756 
f 1628/1628/1628 1756/1756/1756 1756/1756/1756 
f 1756/1756/1756 1756/1756/1756 1757/1757/1757 
f 1756/1756/1756 1755/1755/1755 1757/1757/1757 
f 1757/1757/1757 1755/1755/1755 1758/1758/1758 
f 1755/1755/1755 1754/1754/1754 1758/1758/1758 
f 1758/1758/1758 1754/1754/1754 1759/1759/1759 
f 1754/1754/1754 1753/1753/1753 1759/1759/1759 
f 1759/1759/1759 1753/1753/1753 1760/1760/1760 
f 1753/1753/1753 1752/1752/1752 1760/1760/1760 
f 1760/1760/1760 1752/1752/1752 1761/1761/1761 
f 1752/1752/1752 1751/1751/1751 1761/1761/1761 
f 1761/1761/1761 1751/1751/1751 1762/1762/1762 
f 1751/1751/1751 1750/1750/1750 1762/1762/1762 
f 1762/1762/1762 1750/1750/1750 1763/1763/1763 
f 1750/1750/1750 1749/1749/1749 1763/1763/1763 
f 1763/1763/1763 1749/1749/1749 1764/1764/1764 
f 1749/1749/1749 1748/1748/1748 1764/1764/1764 
f 1764/1764/1764 1748/1748/1748 1765/1765/1765 
f 1748/1748/1748 1747/1747/1747 1765/1765/1765 
f 1765/1765/1765 1747/1747/1747 1766/1766/1766 
f 1747/1747/1747 1746/1746/1746 1766/1766/1766 
f 1766/1766/1766 1746/1746/1746 1767/1767/1767 
f 1746/1746/1746 1745/1745/1745 1767/1767/1767 
f 1767/1767/1767 1745/1745/1745 1768/1768/1768 
f 1745/1745/1745 1744/1744/1744 1768/1768/1768 
f 1768/1768/1768 1744/1744/1744 1769/1769/1769 
f 1744/1744/1744 1743/1743/1743 1769/1769/1769 
f 1769/1769/1769 1743/1743/1743 1770/1770/1770 
f 1743/1743/1743 1743/1743/1743 1770/1770/1770 
f 1770/1770/1770 1743/1743/1743 1771/1771/1771 
f 1743/1743/1743 1742/1742/1742 1771/1771/1771 
f 1771/1771/1771 1742/1742/1742 1772/1772/1772 
f 1742/1742/1742 1741/1741/1741 1772/1772/1772 
f 1772/1772/1772 1741/1741/1741 1773/1773/1773 
f 1741/1741/1741 1740/1740/1740 1773/1773/1773 
f 1773/1773/1773 1740/1740/1740 1773/1773/1773 
f 1740/1740/1740 1739/1739/1739 1773/1773/1773 
f 1773/1773/1773 1739/1739/1739 1773/1773/1773 
f 1739/1739/1739 1738/1738/1738 1773/1773/1773 
f 1773/1773/1773 1738/1738/1738 1774/1774/1774 
f 1738/1738/1738 1737/1737/1737 1774/1774/1774 
f 1774/1774/1774 1737/1737/1737 1737/1737/1737 
f 1737/1737/1737 1773/1773/1773 1737/1737/1737 
f 1737/1737/1737 1773/1773/1773 1773/1773/1773 
f 1773/1773/1773 1774/1774/1774 1773/1773/1773 
f 1773/1773/1773 1774/1774/1774 1772/1772/1772 
f 1774/1774/1774 1775/1775/1775 1772/1772/1772 
f 1772/1772/1772 1775/1775/1775 1771/1771/1771 
f 1775/1775/1775 1776/1776/1776 1771/1771/1771 
f 1771/1771/1771 1776/1776/1776 1770/1770/1770 
f 1776/1776/1776 1777/1777/1777 1770/1770/1770 
f 1770/1770/1770 1777/1777/1777 1770/1770/1770 
f 1777/1777/1777 1778/1778/1778 1770/1770/1770 
f 1770/1770/1770 1778/1778/1778 1769/1769/1769 
f 1778/1778/1778 1779/1779/1779 1769/1769/1769 
f 1769/1769/1769 1779/1779/1779 1768/1768/1768 
f 1779/1779/1779 1780/1780/1780 1768/1768/1768 
f 1768/1768/1768 1780/1780/1780 1767/1767/1767 
f 1780/1780/1780 1781/1781/1781 1767/1767/1767 
f 1767/1767/1767 1781/1781/1781 1766/1766/1766 
f 1781/1781/1781 1782/1782/1782 1766/1766/1766 
f 1766/1766/1766 1782/1782/1782 1765/1765/1765 
f 1782/1782/1782 1783/1783/1783 1765/1765/1765 
f 1765/1765/1765 1783/1783/1783 1764/1764/1764 
f 1783/1783/1783 1784/1784/1784 1764/1764/1764 
f 1764/1764/1764 1784/1784/1784 1763/1763/1763 
f 1784/1784/1784 1785/1785/1785 1763/1763/1763 
f 1763/1763/1763 1785/1785/1785 1762/1762/1762 
f 1785/1785/1785 1786/1786/1786 1762/1762/1762 
f 1762/1762/1762 1786/1786/1786 1761/1761/1761 
f 1786/1786/1786 1787/1787/1787 1761/1761/1761 
f 1761/1761/1761 1787/1787/1787 1760/1760/1760 
f 1787/1787/1787 1788/1788/1788 1760/1760/1760 
f 1760/1760/1760 1788/1788/1788 1759/1759/1759 
f 1788/1788/1788 1789/1789/1789 1759/1759/1759 
f 1759/1759/1759 1789/1789/1789 1758/1758/1758 
f 1789/1789/1789 1758/1758/1758 1758/1758/1758 
f 1758/1758/1758 1758/1758/1758 1789/1789/1789 
f 1758/1758/1758 1789/1789/1789 1789/1789/1789 
f 1789/1789/1789 1789/1789/1789 1790/1790/1790 
f 1789/1789/1789 1788/1788/1788 1790/1790/1790 
f 1790/1790/1790 1788/1788/1788 1790/1790/1790 
f 1788/1788/1788 1787/1787/1787 1790/1790/1790 
f 1790/1790/1790 1787/1787/1787 1791/1791/1791 
f 1787/1787/1787 1786/1786/1786 1791/1791/1791 
f 1791/1791/1791 1786/1786/1786 1792/1792/1792 
f 1786/1786/1786 1785/1785/1785 1792/1792/1792 
f 1792/1792/1792 1785/1785/1785 1793/1793/1793 
f 1785/1785/1785 1784/1784/1784 1793/1793/1793 
f 1793/1793/1793 1784/1784/1784 1794/1794/1794 
f 1784/1784/1784 1783/1783/1783 1794/1794/1794 
f 1794/1794/1794 1783/1783/1783 1795/1795/1795 
f 1783/1783/1783 1782/1782/1782 1795/1795/1795 
f 1795/1795/1795 1782/1782/1782 1796/1796/1796 
f 1782/1782/1782 1781/1781/1781 1796/1796/1796 
f 1796/1796/1796 1781/1781/1781 1797/1797/1797 
f 1781/1781/1781 1780/1780/1780 1797/1797/1797 
f 1797/1797/1797 1780/1780/1780 1780/1780/1780 
f 1780/1780/1780 1797/1797/1797 1780/1780/1780 
f 1780/1780/1780 1797/1797/1797 1797/1797/1797 
f 1797/1797/1797 1798/1798/1798 1797/1797/1797 
f 1797/1797/1797 1798/1798/1798 1796/1796/1796 
f 1798/1798/1798 1799/1799/1799 1796/1796/1796 
f 1796/1796/1796 1799/1799/1799 1795/1795/1795 
f 1799/1799/1799 1800/1800/1800 1795/1795/1795 
f 1795/1795/1795 1800/1800/1800 1794/1794/1794 
f 1800/1800/1800 1801/1801/1801 1794/1794/1794 
f 1794/1794/1794 1801/1801/1801 1793/1793/1793 
f 1801/1801/1801 1802/1802/1802 1793/1793/1793 
f 1793/1793/1793 1802/1802/1802 1792/1792/1792 
f 1802/1802/1802 1803/1803/1803 1792/1792/1792 
f 1792/1792/1792 1803/1803/1803 1791/1791/1791 
f 1803/1803/1803 1804/1804/1804 1791/1791/1791 
f 1791/1791/1791 1804/1804/1804 1790/1790/1790 
f 1804/1804/1804 1805/1805/1805 1790/1790/1790 
f 1790/1790/1790 1805/1805/1805 1789/1789/1789 
f 1805/1805/1805 1806/1806/1806 1789/1789/1789 
f 1789/1789/1789 1806/1806/1806 1758/1758/1758 
f 1806/1806/1806 1806/1806/1806 1758/1758/1758 
f 1758/1758/1758 1806/1806/1806 1757/1757/1757 
f 1806/1806/1806 1806/1806/1806 1757/1757/1757 
f 1757/1757/1757 1806/1806/1806 1628/1628/1628 
f 1806/1806/1806 1806/1806/1806 1628/1628/1628 
f 1628/1628/1628 1806/1806/1806 1627/1627/1627 
f 1806/1806/1806 1806/1806/1806 1627/1627/1627 
f 1627/1627/1627 1806/1806/1806 1626/1626/1626 
f 1806/1806/1806 1805/1805/1805 1626/1626/1626 
f 1626/1626/1626 1805/1805/1805 1625/1625/1625 
f 1805/1805/1805 1804/1804/1804 1625/1625/1625 
f 1625/1625/1625 1804/1804/1804 1624/1624/1624 
f 1804/1804/1804 1803/1803/1803 1624/1624/1624 
f 1624/1624/1624 1803/1803/1803 1623/1623/1623 
f 1803/1803/1803 1802/1802/1802 1623/1623/1623 
f 1623/1623/1623 1802/1802/1802 1622/1622/1622 
f 1802/1802/1802 1801/1801/1801 1622/1622/1622 
f 1622/1622/1622 1801/1801/1801 1621/1621/1621 
f 1801/1801/1801 1800/1800/1800 1621/1621/1621 
f 1621/1621/1621 1800/1800/1800 1620/1620/1620 
f 1800/1800/1800 1799/1799/1799 1620/1620/1620 
f 1620/1620/1620 1799/1799/1799 1619/1619/1619 
f 1799/1799/1799 1798/1798/1798 1619/1619/1619 
f 1619/1619/1619 1798/1798/1798 1807/1807/1807 
f 1798/1798/1798 1797/1797/1797 1807/1807/1807 
f 1807/1807/1807 1797/1797/1797 1808/1808/1808 
f 1797/1797/1797 1780/1780/1780 1808/1808/1808 
f 1808/1808/1808 1780/1780/1780 1809/1809/1809 
f 1780/1780/1780 1779/1779/1779 1809/1809/1809 
f 1809/1809/1809 1779/1779/1779 1810/1810/1810 
f 1779/1779/1779 1778/1778/1778 1810/1810/1810 
f 1810/1810/1810 1778/1778/1778 1811/1811/1811 
f 1778/1778/1778 1777/1777/1777 1811/1811/1811 
f 1811/1811/1811 1777/1777/1777 1812/1812/1812 
f 1777/1777/1777 1777/1777/1777 1812/1812/1812 
f 1812/1812/1812 1777/1777/1777 1813/1813/1813 
f 1777/1777/1777 1776/1776/1776 1813/1813/1813 
f 1813/1813/1813 1776/1776/1776 1814/1814/1814 
f 1776/1776/1776 1775/1775/1775 1814/1814/1814 
f 1814/1814/1814 1775/1775/1775 1815/1815/1815 
f 1775/1775/1775 1774/1774/1774 1815/1815/1815 
f 1815/1815/1815 1774/1774/1774 1815/1815/1815 
f 1774/1774/1774 1737/1737/1737 1815/1815/1815 
f 1815/1815/1815 1737/1737/1737 1815/1815/1815 
f 1737/1737/1737 1736/1736/1736 1815/1815/1815 
f 1815/1815/1815 1736/1736/1736 1816/1816/1816 
f 1736/1736/1736 1735/1735/1735 1816/1816/1816 
f 1816/1816/1816 1735/1735/1735 1735/1735/1735 
f 1735/1735/1735 1619/1619/1619 1735/1735/1735 
f 1735/1735/1735 1619/1619/1619 1619/1619/1619 
f 1619/1619/1619 1807/1807/1807 1619/1619/1619 
f 1619/1619/1619 1807/1807/1807 1618/1618/1618 
f 1807/1807/1807 1618/1618/1618 1618/1618/1618 
f 1618/1618/1618 1618/1618/1618 1815/1815/1815 
f 1618/1618/1618 1815/1815/1815 1815/1815/1815 
f 1815/1815/1815 1815/1815/1815 1814/1814/1814 
f 1815/1815/1815 1816/1816/1816 1814/1814/1814 
f 1814/1814/1814 1816/1816/1816 1814/1814/1814 
f 1816/1816/1816 1817/1817/1817 1814/1814/1814 
f 1814/1814/1814 1817/1817/1817 1813/1813/1813 
f 1817/1817/1817 1818/1818/1818 1813/1813/1813 
f 1813/1813/1813 1818/1818/1818 1812/1812/1812 
f 1818/1818/1818 1819/1819/1819 1812/1812/1812 
f 1812/1812/1812 1819/1819/1819 1812/1812/1812 
f 1819/1819/1819 1820/1820/1820 1812/1812/1812 
f 1812/1812/1812 1820/1820/1820 1811/1811/1811 
f 1820/1820/1820 1821/1821/1821 1811/1811/1811 
f 1811/1811/1811 1821/1821/1821 1810/1810/1810 
f 1821/1821/1821 1822/1822/1822 1810/1810/1810 
f 1810/1810/1810 1822/1822/1822 1809/1809/1809 
f 1822/1822/1822 1823/1823/1823 1809/1809/1809 
f 1809/1809/1809 1823/1823/1823 1808/1808/1808 
f 1823/1823/1823 1824/1824/1824 1808/1808/1808 
f 1808/1808/1808 1824/1824/1824 1807/1807/1807 
f 1824/1824/1824 1824/1824/1824 1807/1807/1807 
f 1807/1807/1807 1824/1824/1824 1618/1618/1618 
f 1824/1824/1824 1824/1824/1824 1618/1618/1618 
f 1618/1618/1618 1824/1824/1824 1617/1617/1617 
f 1824/1824/1824 1825/1825/1825 1617/1617/1617 
f 1617/1617/1617 1825/1825/1825 1616/1616/1616 
f 1825/1825/1825 1616/1616/1616 1616/1616/1616 
f 1616/1616/1616 1616/1616/1616 1824/1824/1824 
f 1616/1616/1616 1824/1824/1824 1824/1824/1824 
f 1824/1824/1824 1824/1824/1824 1825/1825/1825 
f 1824/1824/1824 1823/1823/1823 1825/1825/1825 
f 1825/1825/1825 1823/1823/1823 1826/1826/1826 
f 1823/1823/1823 1822/1822/1822 1826/1826/1826 
f 1826/1826/1826 1822/1822/1822 1827/1827/1827 
f 1822/1822/1822 1821/1821/1821 1827/1827/1827 
f 1827/1827/1827 1821/1821/1821 1828/1828/1828 
f 1821/1821/1821 1820/1820/1820 1828/1828/1828 
f 1828/1828/1828 1820/1820/1820 1829/1829/1829 
f 1820/1820/1820 1819/1819/1819 1829/1829/1829 
f 1829/1829/1829 1819/1819/1819 1830/1830/1830 
f 1819/1819/1819 1819/1819/1819 1830/1830/1830 
f 1830/1830/1830 1819/1819/1819 1831/1831/1831 
f 1819/1819/1819 1818/1818/1818 1831/1831/1831 
f 1831/1831/1831 1818/1818/1818 1832/1832/1832 
f 1818/1818/1818 1817/1817/1817 1832/1832/1832 
f 1832/1832/1832 1817/1817/1817 1833/1833/1833 
f 1817/1817/1817 1816/1816/1816 1833/1833/1833 
f 1833/1833/1833 1816/1816/1816 1833/1833/1833 
f 1816/1816/1816 1735/1735/1735 1833/1833/1833 
f 1833/1833/1833 1735/1735/1735 1833/1833/1833 
f 1735/1735/1735 1734/1734/1734 1833/1833/1833 
f 1833/1833/1833 1734/1734/1734 1834/1834/1834 
f 1734/1734/1734 1733/1733/1733 1834/1834/1834 
f 1834/1834/1834 1733/1733/1733 1733/1733/1733 
f 1733/1733/1733 1833/1833/1833 1733/1733/1733 
f 1733/1733/1733 1833/1833/1833 1833/1833/1833 
f 1833/1833/1833 1834/1834/1834 1833/1833/1833 
f 1833/1833/1833 1834/1834/1834 1832/1832/1832 
f 1834/1834/1834 1835/1835/1835 1832/1832/1832 
f 1832/1832/1832 1835/1835/1835 1831/1831/1831 
f 1835/1835/1835 1836/1836/1836 1831/1831/1831 
f 1831/1831/1831 1836/1836/1836 1830/1830/1830 
f 1836/1836/1836 1837/1837/1837 1830/1830/1830 
f 1830/1830/1830 1837/1837/1837 1830/1830/1830 
f 1837/1837/1837 1838/1838/1838 1830/1830/1830 
f 1830/1830/1830 1838/1838/1838 1829/1829/1829 
f 1838/1838/1838 1839/1839/1839 1829/1829/1829 
f 1829/1829/1829 1839/1839/1839 1828/1828/1828 
f 1839/1839/1839 1840/1840/1840 1828/1828/1828 
f 1828/1828/1828 1840/1840/1840 1827/1827/1827 
f 1840/1840/1840 1841/1841/1841 1827/1827/1827 
f 1827/1827/1827 1841/1841/1841 1826/1826/1826 
f 1841/1841/1841 1842/1842/1842 1826/1826/1826 
f 1826/1826/1826 1842/1842/1842 1825/1825/1825 
f 1842/1842/1842 1842/1842/1842 1825/1825/1825 
f 1825/1825/1825 1842/1842/1842 1616/1616/1616 
f 1842/1842/1842 1842/1842/1842 1616/1616/1616 
f 1616/1616/1616 1842/1842/1842 1615/1615/1615 
f 1842/1842/1842 1843/1843/1843 1615/1615/1615 
f 1615/1615/1615 1843/1843/1843 1614/1614/1614 
f 1843/1843/1843 1614/1614/1614 1614/1614/1614 
f 1614/1614/1614 1614/1614/1614 1842/1842/1842 
f 1614/1614/1614 1842/1842/1842 1842/1842/1842 
f 1842/1842/1842 1842/1842/1842 1843/1843/1843 
f 1842/1842/1842 1841/1841/1841 1843/1843/1843 
f 1843/1843/1843 1841/1841/1841 1844/1844/1844 
f 1841/1841/1841 1840/1840/1840 1844/1844/1844 
f 1844/1844/1844 1840/1840/1840 1845/1845/1845 
f 1840/1840/1840 1839/1839/1839 1845/1845/1845 
f 1845/1845/1845 1839/1839/1839 1846/1846/1846 
f 1839/1839/1839 1838/1838/1838 1846/1846/1846 
f 1846/1846/1846 1838/1838/1838 1847/1847/1847 
f 1838/1838/1838 1837/1837/1837 1847/1847/1847 
f 1847/1847/1847 1837/1837/1837 1848/1848/1848 
f 1837/1837/1837 1837/1837/1837 1848/1848/1848 
f 1848/1848/1848 1837/1837/1837 1849/1849/1849 
f 1837/1837/1837 1836/1836/1836 1849/1849/1849 
f 1849/1849/1849 1836/1836/1836 1850/1850/1850 
f 1836/1836/1836 1835/1835/1835 1850/1850/1850 
f 1850/1850/1850 1835/1835/1835 1851/1851/1851 
f 1835/1835/1835 1834/1834/1834 1851/1851/1851 
f 1851/1851/1851 1834/1834/1834 1851/1851/1851 
f 1834/1834/1834 1733/1733/1733 1851/1851/1851 
f 1851/1851/1851 1733/1733/1733 1851/1851/1851 
f 1733/1733/1733 1732/1732/1732 1851/1851/1851 
f 1851/1851/1851 1732/1732/1732 1852/1852/1852 
f 1732/1732/1732 1731/1731/1731 1852/1852/1852 
f 1852/1852/1852 1731/1731/1731 1853/1853/1853 
f 1731/1731/1731 1730/1730/1730 1853/1853/1853 
f 1853/1853/1853 1730/1730/1730 1854/1854/1854 
f 1730/1730/1730 1729/1729/1729 1854/1854/1854 
f 1854/1854/1854 1729/1729/1729 1855/1855/1855 
f 1729/1729/1729 1728/1728/1728 1855/1855/1855 
f 1855/1855/1855 1728/1728/1728 1856/1856/1856 
f 1728/1728/1728 1727/1727/1727 1856/1856/1856 
f 1856/1856/1856 1727/1727/1727 1857/1857/1857 
f 1727/1727/1727 1726/1726/1726 1857/1857/1857 
f 1857/1857/1857 1726/1726/1726 1858/1858/1858 
f 1726/1726/1726 1725/1725/1725 1858/1858/1858 
f 1858/1858/1858 1725/1725/1725 1859/1859/1859 
f 1725/1725/1725 1724/1724/1724 1859/1859/1859 
f 1859/1859/1859 1724/1724/1724 1860/1860/1860 
f 1724/1724/1724 1724/1724/1724 1860/1860/1860 
f 1860/1860/1860 1724/1724/1724 1861/1861/1861 
f 1724/1724/1724 1723/1723/1723 1861/1861/1861 
f 1861/1861/1861 1723/1723/1723 1862/1862/1862 
f 1723/1723/1723 1722/1722/1722 1862/1862/1862 
f 1862/1862/1862 1722/1722/1722 1863/1863/1863 
f 1722/1722/1722 1721/1721/1721 1863/1863/1863 
f 1863/1863/1863 1721/1721/1721 1863/1863/1863 
f 1721/1721/1721 1603/1603/1603 1863/1863/1863 
f 1863/1863/1863 1603/1603/1603 1863/1863/1863 
f 1603/1603/1603 1604/1604/1604 1863/1863/1863 
f 1863/1863/1863 1604/1604/1604 1864/1864/1864 
f 1604/1604/1604 1605/1605/1605 1864/1864/1864 
f 1864/1864/1864 1605/1605/1605 1605/1605/1605 
f 1605/1605/1605 1854/1854/1854 1605/1605/1605 
f 1605/1605/1605 1854/1854/1854 1854/1854/1854 
f 1854/1854/1854 1855/1855/1855 1854/1854/1854 
f 1854/1854/1854 1855/1855/1855 1856/1856/1856 
f 1855/1855/1855 1856/1856/1856 1856/1856/1856 
f 1856/1856/1856 1856/1856/1856 1863/1863/1863 
f 1856/1856/1856 1863/1863/1863 1863/1863/1863 
f 1863/1863/1863 1863/1863/1863 1862/1862/1862 
f 1863/1863/1863 1864/1864/1864 1862/1862/1862 
f 1862/1862/1862 1864/1864/1864 1862/1862/1862 
f 1864/1864/1864 1865/1865/1865 1862/1862/1862 
f 1862/1862/1862 1865/1865/1865 1861/1861/1861 
f 1865/1865/1865 1866/1866/1866 1861/1861/1861 
f 1861/1861/1861 1866/1866/1866 1860/1860/1860 
f 1866/1866/1866 1867/1867/1867 1860/1860/1860 
f 1860/1860/1860 1867/1867/1867 1860/1860/1860 
f 1867/1867/1867 1868/1868/1868 1860/1860/1860 
f 1860/1860/1860 1868/1868/1868 1859/1859/1859 
f 1868/1868/1868 1869/1869/1869 1859/1859/1859 
f 1859/1859/1859 1869/1869/1869 1858/1858/1858 
f 1869/1869/1869 1870/1870/1870 1858/1858/1858 
f 1858/1858/1858 1870/1870/1870 1857/1857/1857 
f 1870/1870/1870 1871/1871/1871 1857/1857/1857 
f 1857/1857/1857 1871/1871/1871 1856/1856/1856 
f 1871/1871/1871 1871/1871/1871 1856/1856/1856 
f 1856/1856/1856 1871/1871/1871 1854/1854/1854 
f 1871/1871/1871 1871/1871/1871 1854/1854/1854 
f 1854/1854/1854 1871/1871/1871 1853/1853/1853 
f 1871/1871/1871 1872/1872/1872 1853/1853/1853 
f 1853/1853/1853 1872/1872/1872 1852/1852/1852 
f 1872/1872/1872 1873/1873/1873 1852/1852/1852 
f 1852/1852/1852 1873/1873/1873 1851/1851/1851 
f 1873/1873/1873 1873/1873/1873 1851/1851/1851 
f 1851/1851/1851 1873/1873/1873 1850/1850/1850 
f 1873/1873/1873 1874/1874/1874 1850/1850/1850 
f 1850/1850/1850 1874/1874/1874 1849/1849/1849 
f 1874/1874/1874 1849/1849/1849 1849/1849/1849 
f 1849/1849/1849 1849/1849/1849 1871/1871/1871 
f 1849/1849/1849 1871/1871/1871 1871/1871/1871 
f 1871/1871/1871 1871/1871/1871 1872/1872/1872 
f 1871/1871/1871 1870/1870/1870 1872/1872/1872 
f 1872/1872/1872 1870/1870/1870 1875/1875/1875 
f 1870/1870/1870 1869/1869/1869 1875/1875/1875 
f 1875/1875/1875 1869/1869/1869 1876/1876/1876 
f 1869/1869/1869 1868/1868/1868 1876/1876/1876 
f 1876/1876/1876 1868/1868/1868 1877/1877/1877 
f 1868/1868/1868 1867/1867/1867 1877/1877/1877 
f 1877/1877/1877 1867/1867/1867 1867/1867/1867 
f 1867/1867/1867 1872/1872/1872 1867/1867/1867 
f 1867/1867/1867 1872/1872/1872 1872/1872/1872 
f 1872/1872/1872 1875/1875/1875 1872/1872/1872 
f 1872/1872/1872 1875/1875/1875 1873/1873/1873 
f 1875/1875/1875 1875/1875/1875 1873/1873/1873 
f 1873/1873/1873 1875/1875/1875 1874/1874/1874 
f 1875/1875/1875 1876/1876/1876 1874/1874/1874 
f 1874/1874/1874 1876/1876/1876 1878/1878/1878 
f 1876/1876/1876 1877/1877/1877 1878/1878/1878 
f 1878/1878/1878 1877/1877/1877 1879/1879/1879 
f 1877/1877/1877 1877/1877/1877 1879/1879/1879 
f 1879/1879/1879 1877/1877/1877 1880/1880/1880 
f 1877/1877/1877 1867/1867/1867 1880/1880/1880 
f 1880/1880/1880 1867/1867/1867 1881/1881/1881 
f 1867/1867/1867 1866/1866/1866 1881/1881/1881 
f 1881/1881/1881 1866/1866/1866 1882/1882/1882 
f 1866/1866/1866 1865/1865/1865 1882/1882/1882 
f 1882/1882/1882 1865/1865/1865 1883/1883/1883 
f 1865/1865/1865 1864/1864/1864 1883/1883/1883 
f 1883/1883/1883 1864/1864/1864 1883/1883/1883 
f 1864/1864/1864 1605/1605/1605 1883/1883/1883 
f 1883/1883/1883 1605/1605/1605 1883/1883/1883 
f 1605/1605/1605 1606/1606/1606 1883/1883/1883 
f 1883/1883/1883 1606/1606/1606 1884/1884/1884 
f 1606/1606/1606 1607/1607/1607 1884/1884/1884 
f 1884/1884/1884 1607/1607/1607 1607/1607/1607 
f 1607/1607/1607 1874/1874/1874 1607/1607/1607 
f 1607/1607/1607 1874/1874/1874 1874/1874/1874 
f 1874/1874/1874 1878/1878/1878 1874/1874/1874 
f 1874/1874/1874 1878/1878/1878 1849/1849/1849 
f 1878/1878/1878 1878/1878/1878 1849/1849/1849 
f 1849/1849/1849 1878/1878/1878 1848/1848/1848 
f 1878/1878/1878 1879/1879/1879 1848/1848/1848 
f 1848/1848/1848 1879/1879/1879 1879/1879/1879 
f 1879/1879/1879 1883/1883/1883 1879/1879/1879 
f 1879/1879/1879 1883/1883/1883 1883/1883/1883 
f 1883/1883/1883 1884/1884/1884 1883/1883/1883 
f 1883/1883/1883 1884/1884/1884 1882/1882/1882 
f 1884/1884/1884 1885/1885/1885 1882/1882/1882 
f 1882/1882/1882 1885/1885/1885 1881/1881/1881 
f 1885/1885/1885 1886/1886/1886 1881/1881/1881 
f 1881/1881/1881 1886/1886/1886 1880/1880/1880 
f 1886/1886/1886 1887/1887/1887 1880/1880/1880 
f 1880/1880/1880 1887/1887/1887 1879/1879/1879 
f 1887/1887/1887 1888/1888/1888 1879/1879/1879 
f 1879/1879/1879 1888/1888/1888 1848/1848/1848 
f 1888/1888/1888 1888/1888/1888 1848/1848/1848 
f 1848/1848/1848 1888/1888/1888 1847/1847/1847 
f 1888/1888/1888 1889/1889/1889 1847/1847/1847 
f 1847/1847/1847 1889/1889/1889 1846/1846/1846 
f 1889/1889/1889 1890/1890/1890 1846/1846/1846 
f 1846/1846/1846 1890/1890/1890 1845/1845/1845 
f 1890/1890/1890 1891/1891/1891 1845/1845/1845 
f 1845/1845/1845 1891/1891/1891 1844/1844/1844 
f 1891/1891/1891 1892/1892/1892 1844/1844/1844 
f 1844/1844/1844 1892/1892/1892 1843/1843/1843 
f 1892/1892/1892 1892/1892/1892 1843/1843/1843 
f 1843/1843/1843 1892/1892/1892 1614/1614/1614 
f 1892/1892/1892 1892/1892/1892 1614/1614/1614 
f 1614/1614/1614 1892/1892/1892 1613/1613/1613 
f 1892/1892/1892 1893/1893/1893 1613/1613/1613 
f 1613/1613/1613 1893/1893/1893 1612/1612/1612 
f 1893/1893/1893 1612/1612/1612 1612/1612/1612 
f 1612/1612/1612 1612/1612/1612 1892/1892/1892 
f 1612/1612/1612 1892/1892/1892 1892/1892/1892 
f 1892/1892/1892 1892/1892/1892 1893/1893/1893 
f 1892/1892/1892 1891/1891/1891 1893/1893/1893 
f 1893/1893/1893 1891/1891/1891 1894/1894/1894 
f 1891/1891/1891 1890/1890/1890 1894/1894/1894 
f 1894/1894/1894 1890/1890/1890 1895/1895/1895 
f 1890/1890/1890 1889/1889/1889 1895/1895/1895 
f 1895/1895/1895 1889/1889/1889 1896/1896/1896 
f 1889/1889/1889 1888/1888/1888 1896/1896/1896 
f 1896/1896/1896 1888/1888/1888 1896/1896/1896 
f 1888/1888/1888 1887/1887/1887 1896/1896/1896 
f 1896/1896/1896 1887/1887/1887 1897/1897/1897 
f 1887/1887/1887 1886/1886/1886 1897/1897/1897 
f 1897/1897/1897 1886/1886/1886 1886/1886/1886 
f 1886/1886/1886 1897/1897/1897 1886/1886/1886 
f 1886/1886/1886 1897/1897/1897 1897/1897/1897 
f 1897/1897/1897 1898/1898/1898 1897/1897/1897 
f 1897/1897/1897 1898/1898/1898 1896/1896/1896 
f 1898/1898/1898 1898/1898/1898 1896/1896/1896 
f 1896/1896/1896 1898/1898/1898 1895/1895/1895 
f 1898/1898/1898 1899/1899/1899 1895/1895/1895 
f 1895/1895/1895 1899/1899/1899 1894/1894/1894 
f 1899/1899/1899 1894/1894/1894 1894/1894/1894 
f 1894/1894/1894 1894/1894/1894 1899/1899/1899 
f 1894/1894/1894 1899/1899/1899 1899/1899/1899 
f 1899/1899/1899 1899/1899/1899 1900/1900/1900 
f 1899/1899/1899 1898/1898/1898 1900/1900/1900 
f 1900/1900/1900 1898/1898/1898 1900/1900/1900 
f 1898/1898/1898 1897/1897/1897 1900/1900/1900 
f 1900/1900/1900 1897/1897/1897 1901/1901/1901 
f 1897/1897/1897 1886/1886/1886 1901/1901/1901 
f 1901/1901/1901 1886/1886/1886 1901/1901/1901 
f 1886/1886/1886 1885/1885/1885 1901/1901/1901 
f 1901/1901/1901 1885/1885/1885 1902/1902/1902 
f 1885/1885/1885 1884/1884/1884 1902/1902/1902 
f 1902/1902/1902 1884/1884/1884 1902/1902/1902 
f 1884/1884/1884 1607/1607/1607 1902/1902/1902 
f 1902/1902/1902 1607/1607/1607 1902/1902/1902 
f 1607/1607/1607 1608/1608/1608 1902/1902/1902 
f 1902/1902/1902 1608/1608/1608 1903/1903/1903 
f 1608/1608/1608 1609/1609/1609 1903/1903/1903 
f 1903/1903/1903 1609/1609/1609 1904/1904/1904 
f 1609/1609/1609 1610/1610/1610 1904/1904/1904 
f 1904/1904/1904 1610/1610/1610 1905/1905/1905 
f 1610/1610/1610 1611/1611/1611 1905/1905/1905 
f 1905/1905/1905 1611/1611/1611 1905/1905/1905 
f 1611/1611/1611 1612/1612/1612 1905/1905/1905 
f 1905/1905/1905 1612/1612/1612 1905/1905/1905 
f 1612/1612/1612 1893/1893/1893 1905/1905/1905 
f 1905/1905/1905 1893/1893/1893 1905/1905/1905 
f 1893/1893/1893 1894/1894/1894 1905/1905/1905 
f 1905/1905/1905 1894/1894/1894 1905/1905/1905 
f 1894/1894/1894 1899/1899/1899 1905/1905/1905 
f 1905/1905/1905 1899/1899/1899 1904/1904/1904 
f 1899/1899/1899 1900/1900/1900 1904/1904/1904 
f 1904/1904/1904 1900/1900/1900 1903/1903/1903 
f 1900/1900/1900 1901/1901/1901 1903/1903/1903 
f 1903/1903/1903 1901/1901/1901 1902/1902/1902 
f 1901/1901/1901 1902/1902/1902 1902/1902/1902 
f 1902/1902/1902 1902/1902/1902 544/544/544 
f 1902/1902/1902 544/544/544 544/544/544 
f 544/544/544 544/544/544 543/543/543 
f 544/544/544 1906/1906/1906 543/543/543 
f 543/543/543 1906/1906/1906 543/543/543 
f 1906/1906/1906 1907/1907/1907 543/543/543 
f 543/543/543 1907/1907/1907 1908/1908/1908 
f 1907/1907/1907 1909/1909/1909 1908/1908/1908 
f 1908/1908/1908 1909/1909/1909 1910/1910/1910 
f 1909/1909/1909 1911/1911/1911 1910/1910/1910 
f 1910/1910/1910 1911/1911/1911 1912/1912/1912 
f 1911/1911/1911 1913/1913/1913 1912/1912/1912 
f 1912/1912/1912 1913/1913/1913 1914/1914/1914 
f 1913/1913/1913 1915/1915/1915 1914/1914/1914 
f 1914/1914/1914 1915/1915/1915 1916/1916/1916 
f 1915/1915/1915 1917/1917/1917 1916/1916/1916 
f 1916/1916/1916 1917/1917/1917 1918/1918/1918 
f 1917/1917/1917 1919/1919/1919 1918/1918/1918 
f 1918/1918/1918 1919/1919/1919 1920/1920/1920 
f 1919/1919/1919 1921/1921/1921 1920/1920/1920 
f 1920/1920/1920 1921/1921/1921 1922/1922/1922 
f 1921/1921/1921 1923/1923/1923 1922/1922/1922 
f 1922/1922/1922 1923/1923/1923 1924/1924/1924 
f 1923/1923/1923 1925/1925/1925 1924/1924/1924 
f 1924/1924/1924 1925/1925/1925 1926/1926/1926 
f 1925/1925/1925 1927/1927/1927 1926/1926/1926 
f 1926/1926/1926 1927/1927/1927 1928/1928/1928 
f 1927/1927/1927 1929/1929/1929 1928/1928/1928 
f 1928/1928/1928 1929/1929/1929 1930/1930/1930 
f 1929/1929/1929 1931/1931/1931 1930/1930/1930 
f 1930/1930/1930 1931/1931/1931 1930/1930/1930 
f 1931/1931/1931 1932/1932/1932 1930/1930/1930 
f 1930/1930/1930 1932/1932/1932 1933/1933/1933 
f 1932/1932/1932 1934/1934/1934 1933/1933/1933 
f 1933/1933/1933 1934/1934/1934 1935/1935/1935 
f 1934/1934/1934 1936/1936/1936 1935/1935/1935 
f 1935/1935/1935 1936/1936/1936 1937/1937/1937 
f 1936/1936/1936 1938/1938/1938 1937/1937/1937 
f 1937/1937/1937 1938/1938/1938 1939/1939/1939 
f 1938/1938/1938 1940/1940/1940 1939/1939/1939 
f 1939/1939/1939 1940/1940/1940 1941/1941/1941 
f 1940/1940/1940 1942/1942/1942 1941/1941/1941 
f 1941/1941/1941 1942/1942/1942 1943/1943/1943 
f 1942/1942/1942 1944/1944/1944 1943/1943/1943 
f 1943/1943/1943 1944/1944/1944 1945/1945/1945 
f 1944/1944/1944 1946/1946/1946 1945/1945/1945 
f 1945/1945/1945 1946/1946/1946 1947/1947/1947 
f 1946/1946/1946 1946/1946/1946 1947/1947/1947 
f 1947/1947/1947 1946/1946/1946 1948/1948/1948 
f 1946/1946/1946 1949/1949/1949 1948/1948/1948 
f 1948/1948/1948 1949/1949/1949 1950/1950/1950 
f 1949/1949/1949 1951/1951/1951 1950/1950/1950 
f 1950/1950/1950 1951/1951/1951 1952/1952/1952 
f 1951/1951/1951 1953/1953/1953 1952/1952/1952 
f 1952/1952/1952 1953/1953/1953 1954/1954/1954 
f 1953/1953/1953 1955/1955/1955 1954/1954/1954 
f 1954/1954/1954 1955/1955/1955 1956/1956/1956 
f 1955/1955/1955 1957/1957/1957 1956/1956/1956 
f 1956/1956/1956 1957/1957/1957 1958/1958/1958 
f 1957/1957/1957 1959/1959/1959 1958/1958/1958 
f 1958/1958/1958 1959/1959/1959 1960/1960/1960 
f 1959/1959/1959 1961/1961/1961 1960/1960/1960 
f 1960/1960/1960 1961/1961/1961 1962/1962/1962 
f 1961/1961/1961 1963/1963/1963 1962/1962/1962 
f 1962/1962/1962 1963/1963/1963 1964/1964/1964 
f 1963/1963/1963 1965/1965/1965 1964/1964/1964 
f 1964/1964/1964 1965/1965/1965 1966/1966/1966 
f 1965/1965/1965 1967/1967/1967 1966/1966/1966 
f 1966/1966/1966 1967/1967/1967 1968/1968/1968 
f 1967/1967/1967 1969/1969/1969 1968/1968/1968 
f 1968/1968/1968 1969/1969/1969 1970/1970/1970 
f 1969/1969/1969 1971/1971/1971 1970/1970/1970 
f 1970/1970/1970 1971/1971/1971 1972/1972/1972 
f 1971/1971/1971 1973/1973/1973 1972/1972/1972 
f 1972/1972/1972 1973/1973/1973 1974/1974/1974 
f 1973/1973/1973 1975/1975/1975 1974/1974/1974 
f 1974/1974/1974 1975/1975/1975 1976/1976/1976 
f 1975/1975/1975 1977/1977/1977 1976/1976/1976 
f 1976/1976/1976 1977/1977/1977 1978/1978/1978 
f 1977/1977/1977 1979/1979/1979 1978/1978/1978 
f 1978/1978/1978 1979/1979/1979 1980/1980/1980 
f 1979/1979/1979 1981/1981/1981 1980/1980/1980 
f 1980/1980/1980 1981/1981/1981 1982/1982/1982 
f 1981/1981/1981 1983/1983/1983 1982/1982/1982 
f 1982/1982/1982 1983/1983/1983 1984/1984/1984 
f 1983/1983/1983 1985/1985/1985 1984/1984/1984 
f 1984/1984/1984 1985/1985/1985 1986/1986/1986 
f 1985/1985/1985 1987/1987/1987 1986/1986/1986 
f 1986/1986/1986 1987/1987/1987 1988/1988/1988 
f 1987/1987/1987 1989/1989/1989 1988/1988/1988 
f 1988/1988/1988 1989/1989/1989 1990/1990/1990 
f 1989/1989/1989 1991/1991/1991 1990/1990/1990 
f 1990/1990/1990 1991/1991/1991 1992/1992/1992 
f 1991/1991/1991 1993/1993/1993 1992/1992/1992 
f 1992/1992/1992 1993/1993/1993 1994/1994/1994 
f 1993/1993/1993 1995/1995/1995 1994/1994/1994 
f 1994/1994/1994 1995/1995/1995 1996/1996/1996 
f 1995/1995/1995 1997/1997/1997 1996/1996/1996 
f 1996/1996/1996 1997/1997/1997 1998/1998/1998 
f 1997/1997/1997 1999/1999/1999 1998/1998/1998 
f 1998/1998/1998 1999/1999/1999 2000/2000/2000 
f 1999/1999/1999 2001/2001/2001 2000/2000/2000 
f 2000/2000/2000 2001/2001/2001 2002/2002/2002 
f 2001/2001/2001 2003/2003/2003 2002/2002/2002 
f 2002/2002/2002 2003/2003/2003 2004/2004/2004 
f 2003/2003/2003 2005/2005/2005 2004/2004/2004 
f 2004/2004/2004 2005/2005/2005 2006/2006/2006 
f 2005/2005/2005 2007/2007/2007 2006/2006/2006 
f 2006/2006/2006 2007/2007/2007 2008/2008/2008 
f 2007/2007/2007 2009/2009/2009 2008/2008/2008 
f 2008/2008/2008 2009/2009/2009 2010/2010/2010 
f 2009/2009/2009 2011/2011/2011 2010/2010/2010 
f 2010/2010/2010 2011/2011/2011 2012/2012/2012 
f 2011/2011/2011 2013/2013/2013 2012/2012/2012 
f 2012/2012/2012 2013/2013/2013 2014/2014/2014 
f 2013/2013/2013 2015/2015/2015 2014/2014/2014 
f 2014/2014/2014 2015/2015/2015 2016/2016/2016 
f 2015/2015/2015 2017/2017/2017 2016/2016/2016 
f 2016/2016/2016 2017/2017/2017 2018/2018/2018 
f 2017/2017/2017 2019/2019/2019 2018/2018/2018 
f 2018/2018/2018 2019/2019/2019 2020/2020/2020 
f 2019/2019/2019 2021/2021/2021 2020/2020/2020 
f 2020/2020/2020 2021/2021/2021 2022/2022/2022 
f 2021/2021/2021 2023/2023/2023 2022/2022/2022 
f 2022/2022/2022 2023/2023/2023 2024/2024/2024 
f 2023/2023/2023 2025/2025/2025 2024/2024/2024 
f 2024/2024/2024 2025/2025/2025 2026/2026/2026 
f 2025/2025/2025 2027/2027/2027 2026/2026/2026 
f 2026/2026/2026 2027/2027/2027 2026/2026/2026 
f 2027/2027/2027 2028/2028/2028 2026/2026/2026 
f 2026/2026/2026 2028/2028/2028 2029/2029/2029 
f 2028/2028/2028 2030/2030/2030 2029/2029/2029 
f 2029/2029/2029 2030/2030/2030 2031/2031/2031 
f 2030/2030/2030 2032/2032/2032 2031/2031/2031 
f 2031/2031/2031 2032/2032/2032 2033/2033/2033 
f 2032/2032/2032 2034/2034/2034 2033/2033/2033 
f 2033/2033/2033 2034/2034/2034 2035/2035/2035 
f 2034/2034/2034 2036/2036/2036 2035/2035/2035 
f 2035/2035/2035 2036/2036/2036 2037/2037/2037 
f 2036/2036/2036 2038/2038/2038 2037/2037/2037 
f 2037/2037/2037 2038/2038/2038 2039/2039/2039 
f 2038/2038/2038 2040/2040/2040 2039/2039/2039 
f 2039/2039/2039 2040/2040/2040 2041/2041/2041 
f 2040/2040/2040 2042/2042/2042 2041/2041/2041 
f 2041/2041/2041 2042/2042/2042 2043/2043/2043 
f 2042/2042/2042 2042/2042/2042 2043/2043/2043 
f 2043/2043/2043 2042/2042/2042 2044/2044/2044 
f 2042/2042/2042 2045/2045/2045 2044/2044/2044 
f 2044/2044/2044 2045/2045/2045 2046/2046/2046 
f 2045/2045/2045 2047/2047/2047 2046/2046/2046 
f 2046/2046/2046 2047/2047/2047 2048/2048/2048 
f 2047/2047/2047 2049/2049/2049 2048/2048/2048 
f 2048/2048/2048 2049/2049/2049 2050/2050/2050 
f 2049/2049/2049 2051/2051/2051 2050/2050/2050 
f 2050/2050/2050 2051/2051/2051 2052/2052/2052 
f 2051/2051/2051 2053/2053/2053 2052/2052/2052 
f 2052/2052/2052 2053/2053/2053 2054/2054/2054 
f 2053/2053/2053 2055/2055/2055 2054/2054/2054 
f 2054/2054/2054 2055/2055/2055 2056/2056/2056 
f 2055/2055/2055 2057/2057/2057 2056/2056/2056 
f 2056/2056/2056 2057/2057/2057 2058/2058/2058 
f 2057/2057/2057 2059/2059/2059 2058/2058/2058 
f 2058/2058/2058 2059/2059/2059 2058/2058/2058 
f 2059/2059/2059 2060/2060/2060 2058/2058/2058 
f 2058/2058/2058 2060/2060/2060 2061/2061/2061 
f 2060/2060/2060 2062/2062/2062 2061/2061/2061 
f 2061/2061/2061 2062/2062/2062 2063/2063/2063 
f 2062/2062/2062 2064/2064/2064 2063/2063/2063 
f 2063/2063/2063 2064/2064/2064 2065/2065/2065 
f 2064/2064/2064 2066/2066/2066 2065/2065/2065 
f 2065/2065/2065 2066/2066/2066 2067/2067/2067 
f 2066/2066/2066 2066/2066/2066 2067/2067/2067 
f 2067/2067/2067 2066/2066/2066 2068/2068/2068 
f 2066/2066/2066 2069/2069/2069 2068/2068/2068 
f 2068/2068/2068 2069/2069/2069 2070/2070/2070 
f 2069/2069/2069 2071/2071/2071 2070/2070/2070 
f 2070/2070/2070 2071/2071/2071 2072/2072/2072 
f 2071/2071/2071 2073/2073/2073 2072/2072/2072 
f 2072/2072/2072 2073/2073/2073 2074/2074/2074 
f 2073/2073/2073 2075/2075/2075 2074/2074/2074 
f 2074/2074/2074 2075/2075/2075 2076/2076/2076 
f 2075/2075/2075 2077/2077/2077 2076/2076/2076 
f 2076/2076/2076 2077/2077/2077 2078/2078/2078 
f 2077/2077/2077 2079/2079/2079 2078/2078/2078 
f 2078/2078/2078 2079/2079/2079 2080/2080/2080 
f 2079/2079/2079 2081/2081/2081 2080/2080/2080 
f 2080/2080/2080 2081/2081/2081 2082/2082/2082 
f 2081/2081/2081 2083/2083/2083 2082/2082/2082 
f 2082/2082/2082 2083/2083/2083 2084/2084/2084 
f 2083/2083/2083 2085/2085/2085 2084/2084/2084 
f 2084/2084/2084 2085/2085/2085 2086/2086/2086 
f 2085/2085/2085 2087/2087/2087 2086/2086/2086 
f 2086/2086/2086 2087/2087/2087 2088/2088/2088 
f 2087/2087/2087 2089/2089/2089 2088/2088/2088 
f 2088/2088/2088 2089/2089/2089 2090/2090/2090 
f 2089/2089/2089 2091/2091/2091 2090/2090/2090 
f 2090/2090/2090 2091/2091/2091 2092/2092/2092 
f 2091/2091/2091 2093/2093/2093 2092/2092/2092 
f 2092/2092/2092 2093/2093/2093 545/545/545 
f 2093/2093/2093 2094/2094/2094 545/545/545 
f 545/545/545 2094/2094/2094 544/544/544 
f 2094/2094/2094 2094/2094/2094 544/544/544 
f 544/544/544 2094/2094/2094 1906/1906/1906 
f 2094/2094/2094 2095/2095/2095 1906/1906/1906 
f 1906/1906/1906 2095/2095/2095 1906/1906/1906 
f 2095/2095/2095 2096/2096/2096 1906/1906/1906 
f 1906/1906/1906 2096/2096/2096 1907/1907/1907 
f 2096/2096/2096 2097/2097/2097 1907/1907/1907 
f 1907/1907/1907 2097/2097/2097 1909/1909/1909 
f 2097/2097/2097 2098/2098/2098 1909/1909/1909 
f 1909/1909/1909 2098/2098/2098 1911/1911/1911 
f 2098/2098/2098 2099/2099/2099 1911/1911/1911 
f 1911/1911/1911 2099/2099/2099 1913/1913/1913 
f 2099/2099/2099 2100/2100/2100 1913/1913/1913 
f 1913/1913/1913 2100/2100/2100 1915/1915/1915 
f 2100/2100/2100 2101/2101/2101 1915/1915/1915 
f 1915/1915/1915 2101/2101/2101 1917/1917/1917 
f 2101/2101/2101 2102/2102/2102 1917/1917/1917 
f 1917/1917/1917 2102/2102/2102 1919/1919/1919 
f 2102/2102/2102 2103/2103/2103 1919/1919/1919 
f 1919/1919/1919 2103/2103/2103 1921/1921/1921 
f 2103/2103/2103 2104/2104/2104 1921/1921/1921 
f 1921/1921/1921 2104/2104/2104 1923/1923/1923 
f 2104/2104/2104 2105/2105/2105 1923/1923/1923 
f 1923/1923/1923 2105/2105/2105 1925/1925/1925 
f 2105/2105/2105 2106/2106/2106 1925/1925/1925 
f 1925/1925/1925 2106/2106/2106 1927/1927/1927 
f 2106/2106/2106 2107/2107/2107 1927/1927/1927 
f 1927/1927/1927 2107/2107/2107 1929/1929/1929 
f 2107/2107/2107 2108/2108/2108 1929/1929/1929 
f 1929/1929/1929 2108/2108/2108 1931/1931/1931 
f 2108/2108/2108 2109/2109/2109 1931/1931/1931 
f 1931/1931/1931 2109/2109/2109 1931/1931/1931 
f 2109/2109/2109 2110/2110/2110 1931/1931/1931 
f 1931/1931/1931 2110/2110/2110 1932/1932/1932 
f 2110/2110/2110 2111/2111/2111 1932/1932/1932 
f 1932/1932/1932 2111/2111/2111 1934/1934/1934 
f 2111/2111/2111 2112/2112/2112 1934/1934/1934 
f 1934/1934/1934 2112/2112/2112 1936/1936/1936 
f 2112/2112/2112 2113/2113/2113 1936/1936/1936 
f 1936/1936/1936 2113/2113/2113 1938/1938/1938 
f 2113/2113/2113 2114/2114/2114 1938/1938/1938 
f 1938/1938/1938 2114/2114/2114 1940/1940/1940 
f 2114/2114/2114 2115/2115/2115 1940/1940/1940 
f 1940/1940/1940 2115/2115/2115 1942/1942/1942 
f 2115/2115/2115 2116/2116/2116 1942/1942/1942 
f 1942/1942/1942 2116/2116/2116 1944/1944/1944 
f 2116/2116/2116 2117/2117/2117 1944/1944/1944 
f 1944/1944/1944 2117/2117/2117 1946/1946/1946 
f 2117/2117/2117 2117/2117/2117 1946/1946/1946 
f 1946/1946/1946 2117/2117/2117 1949/1949/1949 
f 2117/2117/2117 2118/2118/2118 1949/1949/1949 
f 1949/1949/1949 2118/2118/2118 1951/1951/1951 
f 2118/2118/2118 2119/2119/2119 1951/1951/1951 
f 1951/1951/1951 2119/2119/2119 1953/1953/1953 
f 2119/2119/2119 2120/2120/2120 1953/1953/1953 
f 1953/1953/1953 2120/2120/2120 1955/1955/1955 
f 2120/2120/2120 2121/2121/2121 1955/1955/1955 
f 1955/1955/1955 2121/2121/2121 1957/1957/1957 
f 2121/2121/2121 2122/2122/2122 1957/1957/1957 
f 1957/1957/1957 2122/2122/2122 1959/1959/1959 
f 2122/2122/2122 2123/2123/2123 1959/1959/1959 
f 1959/1959/1959 2123/2123/2123 1961/1961/1961 
f 2123/2123/2123 2124/2124/2124 1961/1961/1961 
f 1961/1961/1961 2124/2124/2124 1963/1963/1963 
f 2124/2124/2124 2125/2125/2125 1963/1963/1963 
f 1963/1963/1963 2125/2125/2125 1965/1965/1965 
f 2125/2125/2125 2126/2126/2126 1965/1965/1965 
f 1965/1965/1965 2126/2126/2126 1967/1967/1967 
f 2126/2126/2126 2127/2127/2127 1967/1967/1967 
f 1967/1967/1967 2127/2127/2127 1969/1969/1969 
f 2127/2127/2127 2128/2128/2128 1969/1969/1969 
f 1969/1969/1969 2128/2128/2128 1971/1971/1971 
f 2128/2128/2128 2129/2129/2129 1971/1971/1971 
f 1971/1971/1971 2129/2129/2129 1973/1973/1973 
f 2129/2129/2129 2130/2130/2130 1973/1973/1973 
f 1973/1973/1973 2130/2130/2130 1975/1975/1975 
f 2130/2130/2130 2131/2131/2131 1975/1975/1975 
f 1975/1975/1975 2131/2131/2131 1977/1977/1977 
f 2131/2131/2131 2132/2132/2132 1977/1977/1977 
f 1977/1977/1977 2132/2132/2132 1979/1979/1979 
f 2132/2132/2132 2133/2133/2133 1979/1979/1979 
f 1979/1979/1979 2133/2133/2133 1981/1981/1981 
f 2133/2133/2133 2134/2134/2134 1981/1981/1981 
f 1981/1981/1981 2134/2134/2134 1983/1983/1983 
f 2134/2134/2134 2135/2135/2135 1983/1983/1983 
f 1983/1983/1983 2135/2135/2135 1985/1985/1985 
f 2135/2135/2135 2136/2136/2136 1985/1985/1985 
f 1985/1985/1985 2136/2136/2136 1987/1987/1987 
f 2136/2136/2136 2137/2137/2137 1987/1987/1987 
f 1987/1987/1987 2137/2137/2137 1989/1989/1989 
f 2137/2137/2137 2138/2138/2138 1989/1989/1989 
f 1989/1989/1989 2138/2138/2138 1991/1991/1991 
f 2138/2138/2138 2139/2139/2139 1991/1991/1991 
f 1991/1991/1991 2139/2139/2139 1993/1993/1993 
f 2139/2139/2139 2140/2140/2140 1993/1993/1993 
f 1993/1993/1993 2140/2140/2140 1995/1995/1995 
f 2140/2140/2140 2141/2141/2141 1995/1995/1995 
f 1995/1995/1995 2141/2141/2141 1997/1997/1997 
f 2141/2141/2141 2142/2142/2142 1997/1997/1997 
f 1997/1997/1997 2142/2142/2142 1999/1999/1999 
f 2142/2142/2142 2143/2143/2143 1999/1999/1999 
f 1999/1999/1999 2143/2143/2143 2001/2001/2001 
f 2143/2143/2143 2144/2144/2144 2001/2001/2001 
f 2001/2001/2001 2144/2144/2144 2003/2003/2003 
f 2144/2144/2144 2145/2145/2145 2003/2003/2003 
f 2003/2003/2003 2145/2145/2145 2005/2005/2005 
f 2145/2145/2145 2146/2146/2146 2005/2005/2005 
f 2005/2005/2005 2146/2146/2146 2007/2007/2007 
f 2146/2146/2146 2147/2147/2147 2007/2007/2007 
f 2007/2007/2007 2147/2147/2147 2009/2009/2009 
f 2147/2147/2147 2148/2148/2148 2009/2009/2009 
f 2009/2009/2009 2148/2148/2148 2011/2011/2011 
f 2148/2148/2148 2149/2149/2149 2011/2011/2011 
f 2011/2011/2011 2149/2149/2149 2013/2013/2013 
f 2149/2149/2149 2150/2150/2150 2013/2013/2013 
f 2013/2013/2013 2150/2150/2150 2015/2015/2015 
f 2150/2150/2150 2151/2151/2151 2015/2015/2015 
f 2015/2015/2015 2151/2151/2151 2017/2017/2017 
f 2151/2151/2151 2152/2152/2152 2017/2017/2017 
f 2017/2017/2017 2152/2152/2152 2019/2019/2019 
f 2152/2152/2152 2153/2153/2153 2019/2019/2019 
f 2019/2019/2019 2153/2153/2153 2021/2021/2021 
f 2153/2153/2153 2154/2154/2154 2021/2021/2021 
f 2021/2021/2021 2154/2154/2154 2023/2023/2023 
f 2154/2154/2154 2155/2155/2155 2023/2023/2023 
f 2023/2023/2023 2155/2155/2155 2025/2025/2025 
f 2155/2155/2155 2156/2156/2156 2025/2025/2025 
f 2025/2025/2025 2156/2156/2156 2027/2027/2027 
f 2156/2156/2156 2157/2157/2157 2027/2027/2027 
f 2027/2027/2027 2157/2157/2157 2027/2027/2027 
f 2157/2157/2157 2158/2158/2158 2027/2027/2027 
f 2027/2027/2027 2158/2158/2158 2028/2028/2028 
f 2158/2158/2158 2159/2159/2159 2028/2028/2028 
f 2028/2028/2028 2159/2159/2159 2030/2030/2030 
f 2159/2159/2159 2160/2160/2160 2030/2030/2030 
f 2030/2030/2030 2160/2160/2160 2032/2032/2032 
f 2160/2160/2160 2161/2161/2161 2032/2032/2032 
f 2032/2032/2032 2161/2161/2161 2034/2034/2034 
f 2161/2161/2161 2162/2162/2162 2034/2034/2034 
f 2034/2034/2034 2162/2162/2162 2036/2036/2036 
f 2162/2162/2162 2163/2163/2163 2036/2036/2036 
f 2036/2036/2036 2163/2163/2163 2038/2038/2038 
f 2163/2163/2163 2164/2164/2164 2038/2038/2038 
f 2038/2038/2038 2164/2164/2164 2040/2040/2040 
f 2164/2164/2164 2165/2165/2165 2040/2040/2040 
f 2040/2040/2040 2165/2165/2165 2042/2042/2042 
f 2165/2165/2165 2165/2165/2165 2042/2042/2042 
f 2042/2042/2042 2165/2165/2165 2045/2045/2045 
f 2165/2165/2165 2166/2166/2166 2045/2045/2045 
f 2045/2045/2045 2166/2166/2166 2047/2047/2047 
f 2166/2166/2166 2167/2167/2167 2047/2047/2047 
f 2047/2047/2047 2167/2167/2167 2049/2049/2049 
f 2167/2167/2167 2168/2168/2168 2049/2049/2049 
f 2049/2049/2049 2168/2168/2168 2051/2051/2051 
f 2168/2168/2168 2169/2169/2169 2051/2051/2051 
f 2051/2051/2051 2169/2169/2169 2053/2053/2053 
f 2169/2169/2169 2170/2170/2170 2053/2053/2053 
f 2053/2053/2053 2170/2170/2170 2055/2055/2055 
f 2170/2170/2170 2171/2171/2171 2055/2055/2055 
f 2055/2055/2055 2171/2171/2171 2057/2057/2057 
f 2171/2171/2171 2172/2172/2172 2057/2057/2057 
f 2057/2057/2057 2172/2172/2172 2059/2059/2059 
f 2172/2172/2172 2173/2173/2173 2059/2059/2059 
f 2059/2059/2059 2173/2173/2173 2059/2059/2059 
f 2173/2173/2173 2174/2174/2174 2059/2059/2059 
f 2059/2059/2059 2174/2174/2174 2060/2060/2060 
f 2174/2174/2174 2175/2175/2175 2060/2060/2060 
f 2060/2060/2060 2175/2175/2175 2062/2062/2062 
f 2175/2175/2175 2176/2176/2176 2062/2062/2062 
f 2062/2062/2062 2176/2176/2176 2064/2064/2064 
f 2176/2176/2176 2177/2177/2177 2064/2064/2064 
f 2064/2064/2064 2177/2177/2177 2066/2066/2066 
f 2177/2177/2177 2177/2177/2177 2066/2066/2066 
f 2066/2066/2066 2177/2177/2177 2069/2069/2069 
f 2177/2177/2177 2178/2178/2178 2069/2069/2069 
f 2069/2069/2069 2178/2178/2178 2071/2071/2071 
f 2178/2178/2178 2179/2179/2179 2071/2071/2071 
f 2071/2071/2071 2179/2179/2179 2073/2073/2073 
f 2179/2179/2179 2180/2180/2180 2073/2073/2073 
f 2073/2073/2073 2180/2180/2180 2075/2075/2075 
f 2180/2180/2180 2181/2181/2181 2075/2075/2075 
f 2075/2075/2075 2181/2181/2181 2077/2077/2077 
f 2181/2181/2181 2182/2182/2182 2077/2077/2077 
f 2077/2077/2077 2182/2182/2182 2079/2079/2079 
f 2182/2182/2182 2183/2183/2183 2079/2079/2079 
f 2079/2079/2079 2183/2183/2183 2081/2081/2081 
f 2183/2183/2183 2184/2184/2184 2081/2081/2081 
f 2081/2081/2081 2184/2184/2184 2083/2083/2083 
f 2184/2184/2184 2185/2185/2185 2083/2083/2083 
f 2083/2083/2083 2185/2185/2185 2085/2085/2085 
f 2185/2185/2185 2186/2186/2186 2085/2085/2085 
f 2085/2085/2085 2186/2186/2186 2087/2087/2087 
f 2186/2186/2186 2187/2187/2187 2087/2087/2087 
f 2087/2087/2087 2187/2187/2187 2089/2089/2089 
f 2187/2187/2187 2188/2188/2188 2089/2089/2089 
f 2089/2089/2089 2188/2188/2188 2091/2091/2091 
f 2188/2188/2188 2189/2189/2189 2091/2091/2091 
f 2091/2091/2091 2189/2189/2189 2093/2093/2093 
f 2189/2189/2189 2190/2190/2190 2093/2093/2093 
f 2093/2093/2093 2190/2190/2190 2094/2094/2094 
f 2190/2190/2190 2190/2190/2190 2094/2094/2094 
f 2094/2094/2094 2190/2190/2190 2095/2095/2095 
f 2190/2190/2190 2191/2191/2191 2095/2095/2095 
f 2095/2095/2095 2191/2191/2191 2095/2095/2095 
f 2191/2191/2191 2192/2192/2192 2095/2095/2095 
f 2095/2095/2095 2192/2192/2192 2096/2096/2096 
f 2192/2192/2192 2193/2193/2193 2096/2096/2096 
f 2096/2096/2096 2193/2193/2193 2097/2097/2097 
f 2193/2193/2193 2194/2194/2194 2097/2097/2097 
f 2097/2097/2097 2194/2194/2194 2098/2098/2098 
f 2194/2194/2194 2195/2195/2195 2098/2098/2098 
f 2098/2098/2098 2195/2195/2195 2099/2099/2099 
f 2195/2195/2195 2196/2196/2196 2099/2099/2099 
f 2099/2099/2099 2196/2196/2196 2100/2100/2100 
f 2196/2196/2196 2197/2197/2197 2100/2100/2100 
f 2100/2100/2100 2197/2197/2197 2101/2101/2101 
f 2197/2197/2197 2198/2198/2198 2101/2101/2101 
f 2101/2101/2101 2198/2198/2198 2102/2102/2102 
f 2198/2198/2198 2199/2199/2199 2102/2102/2102 
f 2102/2102/2102 2199/2199/2199 2103/2103/2103 
f 2199/2199/2199 2200/2200/2200 2103/2103/2103 
f 2103/2103/2103 2200/2200/2200 2104/2104/2104 
f 2200/2200/2200 2201/2201/2201 2104/2104/2104 
f 2104/2104/2104 2201/2201/2201 2105/2105/2105 
f 2201/2201/2201 2202/2202/2202 2105/2105/2105 
f 2105/2105/2105 2202/2202/2202 2106/2106/2106 
f 2202/2202/2202 2203/2203/2203 2106/2106/2106 
f 2106/2106/2106 2203/2203/2203 2107/2107/2107 
f 2203/2203/2203 2204/2204/2204 2107/2107/2107 
f 2107/2107/2107 2204/2204/2204 2108/2108/2108 
f 2204/2204/2204 2205/2205/2205 2108/2108/2108 
f 2108/2108/2108 2205/2205/2205 2109/2109/2109 
f 2205/2205/2205 2206/2206/2206 2109/2109/2109 
f 2109/2109/2109 2206/2206/2206 2109/2109/2109 
f 2206/2206/2206 2207/2207/2207 2109/2109/2109 
f 2109/2109/2109 2207/2207/2207 2110/2110/2110 
f 2207/2207/2207 2208/2208/2208 2110/2110/2110 
f 2110/2110/2110 2208/2208/2208 2111/2111/2111 
f 2208/2208/2208 2209/2209/2209 2111/2111/2111 
f 2111/2111/2111 2209/2209/2209 2112/2112/2112 
f 2209/2209/2209 2210/2210/2210 2112/2112/2112 
f 2112/2112/2112 2210/2210/2210 2113/2113/2113 
f 2210/2210/2210 2211/2211/2211 2113/2113/2113 
f 2113/2113/2113 2211/2211/2211 2114/2114/2114 
f 2211/2211/2211 2212/2212/2212 2114/2114/2114 
f 2114/2114/2114 2212/2212/2212 2115/2115/2115 
f 2212/2212/2212 2213/2213/2213 2115/2115/2115 
f 2115/2115/2115 2213/2213/2213 2116/2116/2116 
f 2213/2213/2213 2214/2214/2214 2116/2116/2116 
f 2116/2116/2116 2214/2214/2214 2117/2117/2117 
f 2214/2214/2214 2214/2214/2214 2117/2117/2117 
f 2117/2117/2117 2214/2214/2214 2118/2118/2118 
f 2214/2214/2214 2215/2215/2215 2118/2118/2118 
f 2118/2118/2118 2215/2215/2215 2119/2119/2119 
f 2215/2215/2215 2216/2216/2216 2119/2119/2119 
f 2119/2119/2119 2216/2216/2216 2120/2120/2120 
f 2216/2216/2216 2217/2217/2217 2120/2120/2120 
f 2120/2120/2120 2217/2217/2217 2121/2121/2121 
f 2217/2217/2217 2218/2218/2218 2121/2121/2121 
f 2121/2121/2121 2218/2218/2218 2122/2122/2122 
f 2218/2218/2218 2219/2219/2219 2122/2122/2122 
f 2122/2122/2122 2219/2219/2219 2123/2123/2123 
f 2219/2219/2219 2220/2220/2220 2123/2123/2123 
f 2123/2123/2123 2220/2220/2220 2124/2124/2124 
f 2220/2220/2220 2221/2221/2221 2124/2124/2124 
f 2124/2124/2124 2221/2221/2221 2125/2125/2125 
f 2221/2221/2221 2222/2222/2222 2125/2125/2125 
f 2125/2125/2125 2222/2222/2222 2126/2126/2126 
f 2222/2222/2222 2223/2223/2223 2126/2126/2126 
f 2126/2126/2126 2223/2223/2223 2127/2127/2127 
f 2223/2223/2223 2224/2224/2224 2127/2127/2127 
f 2127/2127/2127 2224/2224/2224 2128/2128/2128 
f 2224/2224/2224 2225/2225/2225 2128/2128/2128 
f 2128/2128/2128 2225/2225/2225 2129/2129/2129 
f 2225/2225/2225 2226/2226/2226 2129/2129/2129 
f 2129/2129/2129 2226/2226/2226 2130/2130/2130 
f 2226/2226/2226 2227/2227/2227 2130/2130/2130 
f 2130/2130/2130 2227/2227/2227 2131/2131/2131 
f 2227/2227/2227 2228/2228/2228 2131/2131/2131 
f 2131/2131/2131 2228/2228/2228 2132/2132/2132 
f 2228/2228/2228 2229/2229/2229 2132/2132/2132 
f 2132/2132/2132 2229/2229/2229 2133/2133/2133 
f 2229/2229/2229 2230/2230/2230 2133/2133/2133 
f 2133/2133/2133 2230/2230/2230 2134/2134/2134 
f 2230/2230/2230 2231/2231/2231 2134/2134/2134 
f 2134/2134/2134 2231/2231/2231 2135/2135/2135 
f 2231/2231/2231 2232/2232/2232 2135/2135/2135 
f 2135/2135/2135 2232/2232/2232 2136/2136/2136 
f 2232/2232/2232 2233/2233/2233 2136/2136/2136 
f 2136/2136/2136 2233/2233/2233 2137/2137/2137 
f 2233/2233/2233 2234/2234/2234 2137/2137/2137 
f 2137/2137/2137 2234/2234/2234 2138/2138/2138 
f 2234/2234/2234 2235/2235/2235 2138/2138/2138 
f 2138/2138/2138 2235/2235/2235 2139/2139/2139 
f 2235/2235/2235 2236/2236/2236 2139/2139/2139 
f 2139/2139/2139 2236/2236/2236 2140/2140/2140 
f 2236/2236/2236 2237/2237/2237 2140/2140/2140 
f 2140/2140/2140 2237/2237/2237 2141/2141/2141 
f 2237/2237/2237 2238/2238/2238 2141/2141/2141 
f 2141/2141/2141 2238/2238/2238 2142/2142/2142 
f 2238/2238/2238 2239/2239/2239 2142/2142/2142 
f 2142/2142/2142 2239/2239/2239 2143/2143/2143 
f 2239/2239/2239 2240/2240/2240 2143/2143/2143 
f 2143/2143/2143 2240/2240/2240 2144/2144/2144 
f 2240/2240/2240 2241/2241/2241 2144/2144/2144 
f 2144/2144/2144 2241/2241/2241 2145/2145/2145 
f 2241/2241/2241 2242/2242/2242 2145/2145/2145 
f 2145/2145/2145 2242/2242/2242 2146/2146/2146 
f 2242/2242/2242 2243/2243/2243 2146/2146/2146 
f 2146/2146/2146 2243/2243/2243 2147/2147/2147 
f 2243/2243/2243 2244/2244/2244 2147/2147/2147 
f 2147/2147/2147 2244/2244/2244 2148/2148/2148 
f 2244/2244/2244 2245/2245/2245 2148/2148/2148 
f 2148/2148/2148 2245/2245/2245 2149/2149/2149 
f 2245/2245/2245 2246/2246/2246 2149/2149/2149 
f 2149/2149/2149 2246/2246/2246 2150/2150/2150 
f 2246/2246/2246 2247/2247/2247 2150/2150/2150 
f 2150/2150/2150 2247/2247/2247 2151/2151/2151 
f 2247/2247/2247 2248/2248/2248 2151/2151/2151 
f 2151/2151/2151 2248/2248/2248 2152/2152/2152 
f 2248/2248/2248 2249/2249/2249 2152/2152/2152 
f 2152/2152/2152 2249/2249/2249 2153/2153/2153 
f 2249/2249/2249 2250/2250/2250 2153/2153/2153 
f 2153/2153/2153 2250/2250/2250 2154/2154/2154 
f 2250/2250/2250 2251/2251/2251 2154/2154/2154 
f 2154/2154/2154 2251/2251/2251 2155/2155/2155 
f 2251/2251/2251 2252/2252/2252 2155/2155/2155 
f 2155/2155/2155 2252/2252/2252 2156/2156/2156 
f 2252/2252/2252 2253/2253/2253 2156/2156/2156 
f 2156/2156/2156 2253/2253/2253 2157/2157/2157 
f 2253/2253/2253 2254/2254/2254 2157/2157/2157 
f 2157/2157/2157 2254/2254/2254 2157/2157/2157 
f 2254/2254/2254 2255/2255/2255 2157/2157/2157 
f 2157/2157/2157 2255/2255/2255 2158/2158/2158 
f 2255/2255/2255 2256/2256/2256 2158/2158/2158 
f 2158/2158/2158 2256/2256/2256 2159/2159/2159 
f 2256/2256/2256 2257/2257/2257 2159/2159/2159 
f 2159/2159/2159 2257/2257/2257 2160/2160/2160 
f 2257/2257/2257 2258/2258/2258 2160/2160/2160 
f 2160/2160/2160 2258/2258/2258 2161/2161/2161 
f 2258/2258/2258 2259/2259/2259 2161/2161/2161 
f 2161/2161/2161 2259/2259/2259 2162/2162/2162 
f 2259/2259/2259 2260/2260/2260 2162/2162/2162 
f 2162/2162/2162 2260/2260/2260 2163/2163/2163 
f 2260/2260/2260 2261/2261/2261 2163/2163/2163 
f 2163/2163/2163 2261/2261/2261 2164/2164/2164 
f 2261/2261/2261 2262/2262/2262 2164/2164/2164 
f 2164/2164/2164 2262/2262/2262 2165/2165/2165 
f 2262/2262/2262 2262/2262/2262 2165/2165/2165 
f 2165/2165/2165 2262/2262/2262 2166/2166/2166 
f 2262/2262/2262 2263/2263/2263 2166/2166/2166 
f 2166/2166/2166 2263/2263/2263 2167/2167/2167 
f 2263/2263/2263 2264/2264/2264 2167/2167/2167 
f 2167/2167/2167 2264/2264/2264 2168/2168/2168 
f 2264/2264/2264 2265/2265/2265 2168/2168/2168 
f 2168/2168/2168 2265/2265/2265 2169/2169/2169 
f 2265/2265/2265 2266/2266/2266 2169/2169/2169 
f 2169/2169/2169 2266/2266/2266 2170/2170/2170 
f 2266/2266/2266 2267/2267/2267 2170/2170/2170 
f 2170/2170/2170 2267/2267/2267 2171/2171/2171 
f 2267/2267/2267 2268/2268/2268 2171/2171/2171 
f 2171/2171/2171 2268/2268/2268 2172/2172/2172 
f 2268/2268/2268 2269/2269/2269 2172/2172/2172 
f 2172/2172/2172 2269/2269/2269 2173/2173/2173 
f 2269/2269/2269 2270/2270/2270 2173/2173/2173 
f 2173/2173/2173 2270/2270/2270 2173/2173/2173 
f 2270/2270/2270 2271/2271/2271 2173/2173/2173 
f 2173/2173/2173 2271/2271/2271 2174/2174/2174 
f 2271/2271/2271 2272/2272/2272 2174/2174/2174 
f 2174/2174/2174 2272/2272/2272 2175/2175/2175 
f 2272/2272/2272 2273/2273/2273 2175/2175/2175 
f 2175/2175/2175 2273/2273/2273 2176/2176/2176 
f 2273/2273/2273 2274/2274/2274 2176/2176/2176 
f 2176/2176/2176 2274/2274/2274 2177/2177/2177 
f 2274/2274/2274 2274/2274/2274 2177/2177/2177 
f 2177/2177/2177 2274/2274/2274 2178/2178/2178 
f 2274/2274/2274 2275/2275/2275 2178/2178/2178 
f 2178/2178/2178 2275/2275/2275 2179/2179/2179 
f 2275/2275/2275 2276/2276/2276 2179/2179/2179 
f 2179/2179/2179 2276/2276/2276 2180/2180/2180 
f 2276/2276/2276 2277/2277/2277 2180/2180/2180 
f 2180/2180/2180 2277/2277/2277 2181/2181/2181 
f 2277/2277/2277 2278/2278/2278 2181/2181/2181 
f 2181/2181/2181 2278/2278/2278 2182/2182/2182 
f 2278/2278/2278 2279/2279/2279 2182/2182/2182 
f 2182/2182/2182 2279/2279/2279 2183/2183/2183 
f 2279/2279/2279 2280/2280/2280 2183/2183/2183 
f 2183/2183/2183 2280/2280/2280 2184/2184/2184 
f 2280/2280/2280 2281/2281/2281 2184/2184/2184 
f 2184/2184/2184 2281/2281/2281 2185/2185/2185 
f 2281/2281/2281 2282/2282/2282 2185/2185/2185 
f 2185/2185/2185 2282/2282/2282 2186/2186/2186 
f 2282/2282/2282 2283/2283/2283 2186/2186/2186 
f 2186/2186/2186 2283/2283/2283 2187/2187/2187 
f 2283/2283/2283 2284/2284/2284 2187/2187/2187 
f 2187/2187/2187 2284/2284/2284 2188/2188/2188 
f 2284/2284/2284 2285/2285/2285 2188/2188/2188 
f 2188/2188/2188 2285/2285/2285 2189/2189/2189 
f 2285/2285/2285 2286/2286/2286 2189/2189/2189 
f 2189/2189/2189 2286/2286/2286 2190/2190/2190 
f 2286/2286/2286 2286/2286/2286 2190/2190/2190 
f 2190/2190/2190 2286/2286/2286 2191/2191/2191 
f 2286/2286/2286 2287/2287/2287 2191/2191/2191 
f 2191/2191/2191 2287/2287/2287 2191/2191/2191 
f 2287/2287/2287 2288/2288/2288 2191/2191/2191 
f 2191/2191/2191 2288/2288/2288 2192/2192/2192 
f 2288/2288/2288 2289/2289/2289 2192/2192/2192 
f 2192/2192/2192 2289/2289/2289 2193/2193/2193 
f 2289/2289/2289 2290/2290/2290 2193/2193/2193 
f 2193/2193/2193 2290/2290/2290 2194/2194/2194 
f 2290/2290/2290 2291/2291/2291 2194/2194/2194 
f 2194/2194/2194 2291/2291/2291 2195/2195/2195 
f 2291/2291/2291 2292/2292/2292 2195/2195/2195 
f 2195/2195/2195 2292/2292/2292 2196/2196/2196 
f 2292/2292/2292 2293/2293/2293 2196/2196/2196 
f 2196/2196/2196 2293/2293/2293 2197/2197/2197 
f 2293/2293/2293 2294/2294/2294 2197/2197/2197 
f 2197/2197/2197 2294/2294/2294 2198/2198/2198 
f 2294/2294/2294 2295/2295/2295 2198/2198/2198 
f 2198/2198/2198 2295/2295/2295 2199/2199/2199 
f 2295/2295/2295 2296/2296/2296 2199/2199/2199 
f 2199/2199/2199 2296/2296/2296 2200/2200/2200 
f 2296/2296/2296 2297/2297/2297 2200/2200/2200 
f 2200/2200/2200 2297/2297/2297 2201/2201/2201 
f 2297/2297/2297 2298/2298/2298 2201/2201/2201 
f 2201/2201/2201 2298/2298/2298 2202/2202/2202 
f 2298/2298/2298 2299/2299/2299 2202/2202/2202 
f 2202/2202/2202 2299/2299/2299 2203/2203/2203 
f 2299/2299/2299 2300/2300/2300 2203/2203/2203 
f 2203/2203/2203 2300/2300/2300 2204/2204/2204 
f 2300/2300/2300 2301/2301/2301 2204/2204/2204 
f 2204/2204/2204 2301/2301/2301 2205/2205/2205 
f 2301/2301/2301 2302/2302/2302 2205/2205/2205 
f 2205/2205/2205 2302/2302/2302 2206/2206/2206 
f 2302/2302/2302 2303/2303/2303 2206/2206/2206 
f 2206/2206/2206 2303/2303/2303 2206/2206/2206 
f 2303/2303/2303 2304/2304/2304 2206/2206/2206 
f 2206/2206/2206 2304/2304/2304 2207/2207/2207 
f 2304/2304/2304 2305/2305/2305 2207/2207/2207 
f 2207/2207/2207 2305/2305/2305 2208/2208/2208 
f 2305/2305/2305 2306/2306/2306 2208/2208/2208 
f 2208/2208/2208 2306/2306/2306 2209/2209/2209 
f 2306/2306/2306 2307/2307/2307 2209/2209/2209 
f 2209/2209/2209 2307/2307/2307 2210/2210/2210 
f 2307/2307/2307 2308/2308/2308 2210/2210/2210 
f 2210/2210/2210 2308/2308/2308 2211/2211/2211 
f 2308/2308/2308 2309/2309/2309 2211/2211/2211 
f 2211/2211/2211 2309/2309/2309 2212/2212/2212 
f 2309/2309/2309 2310/2310/2310 2212/2212/2212 
f 2212/2212/2212 2310/2310/2310 2213/2213/2213 
f 2310/2310/2310 2311/2311/2311 2213/2213/2213 
f 2213/2213/2213 2311/2311/2311 2214/2214/2214 
f 2311/2311/2311 2311/2311/2311 2214/2214/2214 
f 2214/2214/2214 2311/2311/2311 2215/2215/2215 
f 2311/2311/2311 2312/2312/2312 2215/2215/2215 
f 2215/2215/2215 2312/2312/2312 2216/2216/2216 
f 2312/2312/2312 2313/2313/2313 2216/2216/2216 
f 2216/2216/2216 2313/2313/2313 2217/2217/2217 
f 2313/2313/2313 2314/2314/2314 2217/2217/2217 
f 2217/2217/2217 2314/2314/2314 2218/2218/2218 
f 2314/2314/2314 2315/2315/2315 2218/2218/2218 
f 2218/2218/2218 2315/2315/2315 2219/2219/2219 
f 2315/2315/2315 2316/2316/2316 2219/2219/2219 
f 2219/2219/2219 2316/2316/2316 2220/2220/2220 
f 2316/2316/2316 2317/2317/2317 2220/2220/2220 
f 2220/2220/2220 2317/2317/2317 2221/2221/2221 
f 2317/2317/2317 2318/2318/2318 2221/2221/2221 
f 2221/2221/2221 2318/2318/2318 2222/2222/2222 
f 2318/2318/2318 2319/2319/2319 2222/2222/2222 
f 2222/2222/2222 2319/2319/2319 2223/2223/2223 
f 2319/2319/2319 2320/2320/2320 2223/2223/2223 
f 2223/2223/2223 2320/2320/2320 2224/2224/2224 
f 2320/2320/2320 2321/2321/2321 2224/2224/2224 
f 2224/2224/2224 2321/2321/2321 2225/2225/2225 
f 2321/2321/2321 2322/2322/2322 2225/2225/2225 
f 2225/2225/2225 2322/2322/2322 2226/2226/2226 
f 2322/2322/2322 2323/2323/2323 2226/2226/2226 
f 2226/2226/2226 2323/2323/2323 2227/2227/2227 
f 2323/2323/2323 2324/2324/2324 2227/2227/2227 
f 2227/2227/2227 2324/2324/2324 2228/2228/2228 
f 2324/2324/2324 2325/2325/2325 2228/2228/2228 
f 2228/2228/2228 2325/2325/2325 2229/2229/2229 
f 2325/2325/2325 2326/2326/2326 2229/2229/2229 
f 2229/2229/2229 2326/2326/2326 2230/2230/2230 
f 2326/2326/2326 2327/2327/2327 2230/2230/2230 
f 2230/2230/2230 2327/2327/2327 2231/2231/2231 
f 2327/2327/2327 2328/2328/2328 2231/2231/2231 
f 2231/2231/2231 2328/2328/2328 2232/2232/2232 
f 2328/2328/2328 2329/2329/2329 2232/2232/2232 
f 2232/2232/2232 2329/2329/2329 2233/2233/2233 
f 2329/2329/2329 2330/2330/2330 2233/2233/2233 
f 2233/2233/2233 2330/2330/2330 2234/2234/2234 
f 2330/2330/2330 2331/2331/2331 2234/2234/2234 
f 2234/2234/2234 2331/2331/2331 2235/2235/2235 
f 2331/2331/2331 2332/2332/2332 2235/2235/2235 
f 2235/2235/2235 2332/2332/2332 2236/2236/2236 
f 2332/2332/2332 2333/2333/2333 2236/2236/2236 
f 2236/2236/2236 2333/2333/2333 2237/2237/2237 
f 2333/2333/2333 2334/2334/2334 2237/2237/2237 
f 2237/2237/2237 2334/2334/2334 2238/2238/2238 
f 2334/2334/2334 2335/2335/2335 2238/2238/2238 
f 2238/2238/2238 2335/2335/2335 2239/2239/2239 
f 2335/2335/2335 2336/2336/2336 2239/2239/2239 
f 2239/2239/2239 2336/2336/2336 2240/2240/2240 
f 2336/2336/2336 2337/2337/2337 2240/2240/2240 
f 2240/2240/2240 2337/2337/2337 2241/2241/2241 
f 2337/2337/2337 2338/2338/2338 2241/2241/2241 
f 2241/2241/2241 2338/2338/2338 2242/2242/2242 
f 2338/2338/2338 2339/2339/2339 2242/2242/2242 
f 2242/2242/2242 2339/2339/2339 2243/2243/2243 
f 2339/2339/2339 2340/2340/2340 2243/2243/2243 
f 2243/2243/2243 2340/2340/2340 2244/2244/2244 
f 2340/2340/2340 2341/2341/2341 2244/2244/2244 
f 2244/2244/2244 2341/2341/2341 2245/2245/2245 
f 2341/2341/2341 2342/2342/2342 2245/2245/2245 
f 2245/2245/2245 2342/2342/2342 2246/2246/2246 
f 2342/2342/2342 2343/2343/2343 2246/2246/2246 
f 2246/2246/2246 2343/2343/2343 2247/2247/2247 
f 2343/2343/2343 2344/2344/2344 2247/2247/2247 
f 2247/2247/2247 2344/2344/2344 2248/2248/2248 
f 2344/2344/2344 2345/2345/2345 2248/2248/2248 
f 2248/2248/2248 2345/2345/2345 2249/2249/2249 
f 2345/2345/2345 2346/2346/2346 2249/2249/2249 
f 2249/2249/2249 2346/2346/2346 2250/2250/2250 
f 2346/2346/2346 2347/2347/2347 2250/2250/2250 
f 2250/2250/2250 2347/2347/2347 2251/2251/2251 
f 2347/2347/2347 2348/2348/2348 2251/2251/2251 
f 2251/2251/2251 2348/2348/2348 2252/2252/2252 
f 2348/2348/2348 2349/2349/2349 2252/2252/2252 
f 2252/2252/2252 2349/2349/2349 2253/2253/2253 
f 2349/2349/2349 2350/2350/2350 2253/2253/2253 
f 2253/2253/2253 2350/2350/2350 2254/2254/2254 
f 2350/2350/2350 2351/2351/2351 2254/2254/2254 
f 2254/2254/2254 2351/2351/2351 2254/2254/2254 
f 2351/2351/2351 2352/2352/2352 2254/2254/2254 
f 2254/2254/2254 2352/2352/2352 2255/2255/2255 
f 2352/2352/2352 2353/2353/2353 2255/2255/2255 
f 2255/2255/2255 2353/2353/2353 2256/2256/2256 
f 2353/2353/2353 2354/2354/2354 2256/2256/2256 
f 2256/2256/2256 2354/2354/2354 2257/2257/2257 
f 2354/2354/2354 2355/2355/2355 2257/2257/2257 
f 2257/2257/2257 2355/2355/2355 2258/2258/2258 
f 2355/2355/2355 2356/2356/2356 2258/2258/2258 
f 2258/2258/2258 2356/2356/2356 2259/2259/2259 
f 2356/2356/2356 2357/2357/2357 2259/2259/2259 
f 2259/2259/2259 2357/2357/2357 2260/2260/2260 
f 2357/2357/2357 2358/2358/2358 2260/2260/2260 
f 2260/2260/2260 2358/2358/2358 2261/2261/2261 
f 2358/2358/2358 2359/2359/2359 2261/2261/2261 
f 2261/2261/2261 2359/2359/2359 2262/2262/2262 
f 2359/2359/2359 2359/2359/2359 2262/2262/2262 
f 2262/2262/2262 2359/2359/2359 2263/2263/2263 
f 2359/2359/2359 2360/2360/2360 2263/2263/2263 
f 2263/2263/2263 2360/2360/2360 2264/2264/2264 
f 2360/2360/2360 2361/2361/2361 2264/2264/2264 
f 2264/2264/2264 2361/2361/2361 2265/2265/2265 
f 2361/2361/2361 2362/2362/2362 2265/2265/2265 
f 2265/2265/2265 2362/2362/2362 2266/2266/2266 
f 2362/2362/2362 2363/2363/2363 2266/2266/2266 
f 2266/2266/2266 2363/2363/2363 2267/2267/2267 
f 2363/2363/2363 2364/2364/2364 2267/2267/2267 
f 2267/2267/2267 2364/2364/2364 2268/2268/2268 
f 2364/2364/2364 2365/2365/2365 2268/2268/2268 
f 2268/2268/2268 2365/2365/2365 2269/2269/2269 
f 2365/2365/2365 2366/2366/2366 2269/2269/2269 
f 2269/2269/2269 2366/2366/2366 2270/2270/2270 
f 2366/2366/2366 2367/2367/2367 2270/2270/2270 
f 2270/2270/2270 2367/2367/2367 2270/2270/2270 
f 2367/2367/2367 2368/2368/2368 2270/2270/2270 
f 2270/2270/2270 2368/2368/2368 2271/2271/2271 
f 2368/2368/2368 2369/2369/2369 2271/2271/2271 
f 2271/2271/2271 2369/2369/2369 2272/2272/2272 
f 2369/2369/2369 2370/2370/2370 2272/2272/2272 
f 2272/2272/2272 2370/2370/2370 2273/2273/2273 
f 2370/2370/2370 2371/2371/2371 2273/2273/2273 
f 2273/2273/2273 2371/2371/2371 2274/2274/2274 
f 2371/2371/2371 2371/2371/2371 2274/2274/2274 
f 2274/2274/2274 2371/2371/2371 2275/2275/2275 
f 2371/2371/2371 2372/2372/2372 2275/2275/2275 
f 2275/2275/2275 2372/2372/2372 2276/2276/2276 
f 2372/2372/2372 2373/2373/2373 2276/2276/2276 
f 2276/2276/2276 2373/2373/2373 2277/2277/2277 
f 2373/2373/2373 2374/2374/2374 2277/2277/2277 
f 2277/2277/2277 2374/2374/2374 2278/2278/2278 
f 2374/2374/2374 2375/2375/2375 2278/2278/2278 
f 2278/2278/2278 2375/2375/2375 2279/2279/2279 
f 2375/2375/2375 2376/2376/2376 2279/2279/2279 
f 2279/2279/2279 2376/2376/2376 2280/2280/2280 
f 2376/2376/2376 2377/2377/2377 2280/2280/2280 
f 2280/2280/2280 2377/2377/2377 2281/2281/2281 
f 2377/2377/2377 2378/2378/2378 2281/2281/2281 
f 2281/2281/2281 2378/2378/2378 2282/2282/2282 
f 2378/2378/2378 2379/2379/2379 2282/2282/2282 
f 2282/2282/2282 2379/2379/2379 2283/2283/2283 
f 2379/2379/2379 2380/2380/2380 2283/2283/2283 
f 2283/2283/2283 2380/2380/2380 2284/2284/2284 
f 2380/2380/2380 2381/2381/2381 2284/2284/2284 
f 2284/2284/2284 2381/2381/2381 2285/2285/2285 
f 2381/2381/2381 2382/2382/2382 2285/2285/2285 
f 2285/2285/2285 2382/2382/2382 2286/2286/2286 
f 2382/2382/2382 2382/2382/2382 2286/2286/2286 
f 2286/2286/2286 2382/2382/2382 2287/2287/2287 
f 2382/2382/2382 2383/2383/2383 2287/2287/2287 
f 2287/2287/2287 2383/2383/2383 2287/2287/2287 
f 2383/2383/2383 2384/2384/2384 2287/2287/2287 
f 2287/2287/2287 2384/2384/2384 2288/2288/2288 
f 2384/2384/2384 2385/2385/2385 2288/2288/2288 
f 2288/2288/2288 2385/2385/2385 2289/2289/2289 
f 2385/2385/2385 2386/2386/2386 2289/2289/2289 
f 2289/2289/2289 2386/2386/2386 2290/2290/2290 
f 2386/2386/2386 2387/2387/2387 2290/2290/2290 
f 2290/2290/2290 2387/2387/2387 2291/2291/2291 
f 2387/2387/2387 2388/2388/2388 2291/2291/2291 
f 2291/2291/2291 2388/2388/2388 2292/2292/2292 
f 2388/2388/2388 2389/2389/2389 2292/2292/2292 
f 2292/2292/2292 2389/2389/2389 2293/2293/2293 
f 2389/2389/2389 2390/2390/2390 2293/2293/2293 
f 2293/2293/2293 2390/2390/2390 2294/2294/2294 
f 2390/2390/2390 2391/2391/2391 2294/2294/2294 
f 2294/2294/2294 2391/2391/2391 2295/2295/2295 
f 2391/2391/2391 2392/2392/2392 2295/2295/2295 
f 2295/2295/2295 2392/2392/2392 2296/2296/2296 
f 2392/2392/2392 2393/2393/2393 2296/2296/2296 
f 2296/2296/2296 2393/2393/2393 2297/2297/2297 
f 2393/2393/2393 2394/2394/2394 2297/2297/2297 
f 2297/2297/2297 2394/2394/2394 2298/2298/2298 
f 2394/2394/2394 2395/2395/2395 2298/2298/2298 
f 2298/2298/2298 2395/2395/2395 2299/2299/2299 
f 2395/2395/2395 2396/2396/2396 2299/2299/2299 
f 2299/2299/2299 2396/2396/2396 2300/2300/2300 
f 2396/2396/2396 2397/2397/2397 2300/2300/2300 
f 2300/2300/2300 2397/2397/2397 2301/2301/2301 
f 2397/2397/2397 2398/2398/2398 2301/2301/2301 
f 2301/2301/2301 2398/2398/2398 2302/2302/2302 
f 2398/2398/2398 2399/2399/2399 2302/2302/2302 
f 2302/2302/2302 2399/2399/2399 2303/2303/2303 
f 2399/2399/2399 2400/2400/2400 2303/2303/2303 
f 2303/2303/2303 2400/2400/2400 2303/2303/2303 
f 2400/2400/2400 2401/2401/2401 2303/2303/2303 
f 2303/2303/2303 2401/2401/2401 2304/2304/2304 
f 2401/2401/2401 2402/2402/2402 2304/2304/2304 
f 2304/2304/2304 2402/2402/2402 2305/2305/2305 
f 2402/2402/2402 2403/2403/2403 2305/2305/2305 
f 2305/2305/2305 2403/2403/2403 2306/2306/2306 
f 2403/2403/2403 2404/2404/2404 2306/2306/2306 
f 2306/2306/2306 2404/2404/2404 2307/2307/2307 
f 2404/2404/2404 2405/2405/2405 2307/2307/2307 
f 2307/2307/2307 2405/2405/2405 2308/2308/2308 
f 2405/2405/2405 2406/2406/2406 2308/2308/2308 
f 2308/2308/2308 2406/2406/2406 2309/2309/2309 
f 2406/2406/2406 2407/2407/2407 2309/2309/2309 
f 2309/2309/2309 2407/2407/2407 2310/2310/2310 
f 2407/2407/2407 2408/2408/2408 2310/2310/2310 
f 2310/2310/2310 2408/2408/2408 2311/2311/2311 
f 2408/2408/2408 2408/2408/2408 2311/2311/2311 
f 2311/2311/2311 2408/2408/2408 2312/2312/2312 
f 2408/2408/2408 2409/2409/2409 2312/2312/2312 
f 2312/2312/2312 2409/2409/2409 2313/2313/2313 
f 2409/2409/2409 2410/2410/2410 2313/2313/2313 
f 2313/2313/2313 2410/2410/2410 2314/2314/2314 
f 2410/2410/2410 2411/2411/2411 2314/2314/2314 
f 2314/2314/2314 2411/2411/2411 2315/2315/2315 
f 2411/2411/2411 2412/2412/2412 2315/2315/2315 
f 2315/2315/2315 2412/2412/2412 2316/2316/2316 
f 2412/2412/2412 2413/2413/2413 2316/2316/2316 
f 2316/2316/2316 2413/2413/2413 2317/2317/2317 
f 2413/2413/2413 2414/2414/2414 2317/2317/2317 
f 2317/2317/2317 2414/2414/2414 2318/2318/2318 
f 2414/2414/2414 2415/2415/2415 2318/2318/2318 
f 2318/2318/2318 2415/2415/2415 2319/2319/2319 
f 2415/2415/2415 2416/2416/2416 2319/2319/2319 
f 2319/2319/2319 2416/2416/2416 2320/2320/2320 
f 2416/2416/2416 2417/2417/2417 2320/2320/2320 
f 2320/2320/2320 2417/2417/2417 2321/2321/2321 
f 2417/2417/2417 2418/2418/2418 2321/2321/2321 
f 2321/2321/2321 2418/2418/2418 2322/2322/2322 
f 2418/2418/2418 2419/2419/2419 2322/2322/2322 
f 2322/2322/2322 2419/2419/2419 2323/2323/2323 
f 2419/2419/2419 2420/2420/2420 2323/2323/2323 
f 2323/2323/2323 2420/2420/2420 2324/2324/2324 
f 2420/2420/2420 2421/2421/2421 2324/2324/2324 
f 2324/2324/2324 2421/2421/2421 2325/2325/2325 
f 2421/2421/2421 2422/2422/2422 2325/2325/2325 
f 2325/2325/2325 2422/2422/2422 2326/2326/2326 
f 2422/2422/2422 2423/2423/2423 2326/2326/2326 
f 2326/2326/2326 2423/2423/2423 2327/2327/2327 
f 2423/2423/2423 2424/2424/2424 2327/2327/2327 
f 2327/2327/2327 2424/2424/2424 2328/2328/2328 
f 2424/2424/2424 2425/2425/2425 2328/2328/2328 
f 2328/2328/2328 2425/2425/2425 2329/2329/2329 
f 2425/2425/2425 2426/2426/2426 2329/2329/2329 
f 2329/2329/2329 2426/2426/2426 2330/2330/2330 
f 2426/2426/2426 2427/2427/2427 2330/2330/2330 
f 2330/2330/2330 2427/2427/2427 2331/2331/2331 
f 2427/2427/2427 2428/2428/2428 2331/2331/2331 
f 2331/2331/2331 2428/2428/2428 2332/2332/2332 
f 2428/2428/2428 2429/2429/2429 2332/2332/2332 
f 2332/2332/2332 2429/2429/2429 2333/2333/2333 
f 2429/2429/2429 2430/2430/2430 2333/2333/2333 
f 2333/2333/2333 2430/2430/2430 2334/2334/2334 
f 2430/2430/2430 2431/2431/2431 2334/2334/2334 
f 2334/2334/2334 2431/2431/2431 2335/2335/2335 
f 2431/2431/2431 2432/2432/2432 2335/2335/2335 
f 2335/2335/2335 2432/2432/2432 2336/2336/2336 
f 2432/2432/2432 2433/2433/2433 2336/2336/2336 
f 2336/2336/2336 2433/2433/2433 2337/2337/2337 
f 2433/2433/2433 2434/2434/2434 2337/2337/2337 
f 2337/2337/2337 2434/2434/2434 2338/2338/2338 
f 2434/2434/2434 2435/2435/2435 2338/2338/2338 
f 2338/2338/2338 2435/2435/2435 2339/2339/2339 
f 2435/2435/2435 2436/2436/2436 2339/2339/2339 
f 2339/2339/2339 2436/2436/2436 2340/2340/2340 
f 2436/2436/2436 2437/2437/2437 2340/2340/2340 
f 2340/2340/2340 2437/2437/2437 2341/2341/2341 
f 2437/2437/2437 2438/2438/2438 2341/2341/2341 
f 2341/2341/2341 2438/2438/2438 2342/2342/2342 
f 2438/2438/2438 2439/2439/2439 2342/2342/2342 
f 2342/2342/2342 2439/2439/2439 2343/2343/2343 
f 2439/2439/2439 2440/2440/2440 2343/2343/2343 
f 2343/2343/2343 2440/2440/2440 2344/2344/2344 
f 2440/2440/2440 2441/2441/2441 2344/2344/2344 
f 2344/2344/2344 2441/2441/2441 2345/2345/2345 
f 2441/2441/2441 2442/2442/2442 2345/2345/2345 
f 2345/2345/2345 2442/2442/2442 2346/2346/2346 
f 2442/2442/2442 2443/2443/2443 2346/2346/2346 
f 2346/2346/2346 2443/2443/2443 2347/2347/2347 
f 2443/2443/2443 2444/2444/2444 2347/2347/2347 
f 2347/2347/2347 2444/2444/2444 2348/2348/2348 
f 2444/2444/2444 2445/2445/2445 2348/2348/2348 
f 2348/2348/2348 2445/2445/2445 2349/2349/2349 
f 2445/2445/2445 2446/2446/2446 2349/2349/2349 
f 2349/2349/2349 2446/2446/2446 2350/2350/2350 
f 2446/2446/2446 2447/2447/2447 2350/2350/2350 
f 2350/2350/2350 2447/2447/2447 2351/2351/2351 
f 2447/2447/2447 2448/2448/2448 2351/2351/2351 
f 2351/2351/2351 2448/2448/2448 2351/2351/2351 
f 2448/2448/2448 2449/2449/2449 2351/2351/2351 
f 2351/2351/2351 2449/2449/2449 2352/2352/2352 
f 2449/2449/2449 2450/2450/2450 2352/2352/2352 
f 2352/2352/2352 2450/2450/2450 2353/2353/2353 
f 2450/2450/2450 2451/2451/2451 2353/2353/2353 
f 2353/2353/2353 2451/2451/2451 2354/2354/2354 
f 2451/2451/2451 2452/2452/2452 2354/2354/2354 
f 2354/2354/2354 2452/2452/2452 2355/2355/2355 
f 2452/2452/2452 2453/2453/2453 2355/2355/2355 
f 2355/2355/2355 2453/2453/2453 2356/2356/2356 
f 2453/2453/2453 2454/2454/2454 2356/2356/2356 
f 2356/2356/2356 2454/2454/2454 2357/2357/2357 
f 2454/2454/2454 2455/2455/2455 2357/2357/2357 
f 2357/2357/2357 2455/2455/2455 2358/2358/2358 
f 2455/2455/2455 2456/2456/2456 2358/2358/2358 
f 2358/2358/2358 2456/2456/2456 2359/2359/2359 
f 2456/2456/2456 2456/2456/2456 2359/2359/2359 
f 2359/2359/2359 2456/2456/2456 2360/2360/2360 
f 2456/2456/2456 2457/2457/2457 2360/2360/2360 
f 2360/2360/2360 2457/2457/2457 2361/2361/2361 
f 2457/2457/2457 2458/2458/2458 2361/2361/2361 
f 2361/2361/2361 2458/2458/2458 2362/2362/2362 
f 2458/2458/2458 2459/2459/2459 2362/2362/2362 
f 2362/2362/2362 2459/2459/2459 2363/2363/2363 
f 2459/2459/2459 2460/2460/2460 2363/2363/2363 
f 2363/2363/2363 2460/2460/2460 2364/2364/2364 
f 2460/2460/2460 2461/2461/2461 2364/2364/2364 
f 2364/2364/2364 2461/2461/2461 2365/2365/2365 
f 2461/2461/2461 2462/2462/2462 2365/2365/2365 
f 2365/2365/2365 2462/2462/2462 2366/2366/2366 
f 2462/2462/2462 2463/2463/2463 2366/2366/2366 
f 2366/2366/2366 2463/2463/2463 2367/2367/2367 
f 2463/2463/2463 2464/2464/2464 2367/2367/2367 
f 2367/2367/2367 2464/2464/2464 2367/2367/2367 
f 2464/2464/2464 2465/2465/2465 2367/2367/2367 
f 2367/2367/2367 2465/2465/2465 2368/2368/2368 
f 2465/2465/2465 2466/2466/2466 2368/2368/2368 
f 2368/2368/2368 2466/2466/2466 2369/2369/2369 
f 2466/2466/2466 2467/2467/2467 2369/2369/2369 
f 2369/2369/2369 2467/2467/2467 2370/2370/2370 
f 2467/2467/2467 2468/2468/2468 2370/2370/2370 
f 2370/2370/2370 2468/2468/2468 2371/2371/2371 
f 2468/2468/2468 2468/2468/2468 2371/2371/2371 
f 2371/2371/2371 2468/2468/2468 2372/2372/2372 
f 2468/2468/2468 2469/2469/2469 2372/2372/2372 
f 2372/2372/2372 2469/2469/2469 2373/2373/2373 
f 2469/2469/2469 2470/2470/2470 2373/2373/2373 
f 2373/2373/2373 2470/2470/2470 2374/2374/2374 
f 2470/2470/2470 2471/2471/2471 2374/2374/2374 
f 2374/2374/2374 2471/2471/2471 2375/2375/2375 
f 2471/2471/2471 2472/2472/2472 2375/2375/2375 
f 2375/2375/2375 2472/2472/2472 2376/2376/2376 
f 2472/2472/2472 2473/2473/2473 2376/2376/2376 
f 2376/2376/2376 2473/2473/2473 2377/2377/2377 
f 2473/2473/2473 2474/2474/2474 2377/2377/2377 
f 2377/2377/2377 2474/2474/2474 2378/2378/2378 
f 2474/2474/2474 2475/2475/2475 2378/2378/2378 
f 2378/2378/2378 2475/2475/2475 2379/2379/2379 
f 2475/2475/2475 2476/2476/2476 2379/2379/2379 
f 2379/2379/2379 2476/2476/2476 2380/2380/2380 
f 2476/2476/2476 2477/2477/2477 2380/2380/2380 
f 2380/2380/2380 2477/2477/2477 2381/2381/2381 
f 2477/2477/2477 2478/2478/2478 2381/2381/2381 
f 2381/2381/2381 2478/2478/2478 2382/2382/2382 
f 2478/2478/2478 2478/2478/2478 2382/2382/2382 
f 2382/2382/2382 2478/2478/2478 2383/2383/2383 
f 2478/2478/2478 2479/2479/2479 2383/2383/2383 
f 2383/2383/2383 2479/2479/2479 2383/2383/2383 
f 2479/2479/2479 2480/2480/2480 2383/2383/2383 
f 2383/2383/2383 2480/2480/2480 2384/2384/2384 
f 2480/2480/2480 2481/2481/2481 2384/2384/2384 
f 2384/2384/2384 2481/2481/2481 2385/2385/2385 
f 2481/2481/2481 2482/2482/2482 2385/2385/2385 
f 2385/2385/2385 2482/2482/2482 2386/2386/2386 
f 2482/2482/2482 2483/2483/2483 2386/2386/2386 
f 2386/2386/2386 2483/2483/2483 2387/2387/2387 
f 2483/2483/2483 2484/2484/2484 2387/2387/2387 
f 2387/2387/2387 2484/2484/2484 2388/2388/2388 
f 2484/2484/2484 2485/2485/2485 2388/2388/2388 
f 2388/2388/2388 2485/2485/2485 2389/2389/2389 
f 2485/2485/2485 2486/2486/2486 2389/2389/2389 
f 2389/2389/2389 2486/2486/2486 2390/2390/2390 
f 2486/2486/2486 2487/2487/2487 2390/2390/2390 
f 2390/2390/2390 2487/2487/2487 2391/2391/2391 
f 2487/2487/2487 2488/2488/2488 2391/2391/2391 
f 2391/2391/2391 2488/2488/2488 2392/2392/2392 
f 2488/2488/2488 2489/2489/2489 2392/2392/2392 
f 2392/2392/2392 2489/2489/2489 2393/2393/2393 
f 2489/2489/2489 2490/2490/2490 2393/2393/2393 
f 2393/2393/2393 2490/2490/2490 2394/2394/2394 
f 2490/2490/2490 2491/2491/2491 2394/2394/2394 
f 2394/2394/2394 2491/2491/2491 2395/2395/2395 
f 2491/2491/2491 2492/2492/2492 2395/2395/2395 
f 2395/2395/2395 2492/2492/2492 2396/2396/2396 
f 2492/2492/2492 2493/2493/2493 2396/2396/2396 
f 2396/2396/2396 2493/2493/2493 2397/2397/2397 
f 2493/2493/2493 2494/2494/2494 2397/2397/2397 
f 2397/2397/2397 2494/2494/2494 2398/2398/2398 
f 2494/2494/2494 2495/2495/2495 2398/2398/2398 
f 2398/2398/2398 2495/2495/2495 2399/2399/2399 
f 2495/2495/2495 2496/2496/2496 2399/2399/2399 
f 2399/2399/2399 2496/2496/2496 2400/2400/2400 
f 2496/2496/2496 2497/2497/2497 2400/2400/2400 
f 2400/2400/2400 2497/2497/2497 2400/2400/2400 
f 2497/2497/2497 2498/2498/2498 2400/2400/2400 
f 2400/2400/2400 2498/2498/2498 2401/2401/2401 
f 2498/2498/2498 2499/2499/2499 2401/2401/2401 
f 2401/2401/2401 2499/2499/2499 2402/2402/2402 
f 2499/2499/2499 2500/2500/2500 2402/2402/2402 
f 2402/2402/2402 2500/2500/2500 2403/2403/2403 
f 2500/2500/2500 2501/2501/2501 2403/2403/2403 
f 2403/2403/2403 2501/2501/2501 2404/2404/2404 
f 2501/2501/2501 2502/2502/2502 2404/2404/2404 
f 2404/2404/2404 2502/2502/2502 2405/2405/2405 
f 2502/2502/2502 2503/2503/2503 2405/2405/2405 
f 2405/2405/2405 2503/2503/2503 2406/2406/2406 
f 2503/2503/2503 2504/2504/2504 2406/2406/2406 
f 2406/2406/2406 2504/2504/2504 2407/2407/2407 
f 2504/2504/2504 2505/2505/2505 2407/2407/2407 
f 2407/2407/2407 2505/2505/2505 2408/2408/2408 
f 2505/2505/2505 2505/2505/2505 2408/2408/2408 
f 2408/2408/2408 2505/2505/2505 2409/2409/2409 
f 2505/2505/2505 2506/2506/2506 2409/2409/2409 
f 2409/2409/2409 2506/2506/2506 2410/2410/2410 
f 2506/2506/2506 2507/2507/2507 2410/2410/2410 
f 2410/2410/2410 2507/2507/2507 2411/2411/2411 
f 2507/2507/2507 2508/2508/2508 2411/2411/2411 
f 2411/2411/2411 2508/2508/2508 2412/2412/2412 
f 2508/2508/2508 2509/2509/2509 2412/2412/2412 
f 2412/2412/2412 2509/2509/2509 2413/2413/2413 
f 2509/2509/2509 2510/2510/2510 2413/2413/2413 
f 2413/2413/2413 2510/2510/2510 2414/2414/2414 
f 2510/2510/2510 2511/2511/2511 2414/2414/2414 
f 2414/2414/2414 2511/2511/2511 2415/2415/2415 
f 2511/2511/2511 2512/2512/2512 2415/2415/2415 
f 2415/2415/2415 2512/2512/2512 2416/2416/2416 
f 2512/2512/2512 2513/2513/2513 2416/2416/2416 
f 2416/2416/2416 2513/2513/2513 2417/2417/2417 
f 2513/2513/2513 2514/2514/2514 2417/2417/2417 
f 2417/2417/2417 2514/2514/2514 2418/2418/2418 
f 2514/2514/2514 2515/2515/2515 2418/2418/2418 
f 2418/2418/2418 2515/2515/2515 2419/2419/2419 
f 2515/2515/2515 2516/2516/2516 2419/2419/2419 
f 2419/2419/2419 2516/2516/2516 2420/2420/2420 
f 2516/2516/2516 2517/2517/2517 2420/2420/2420 
f 2420/2420/2420 2517/2517/2517 2421/2421/2421 
f 2517/2517/2517 2518/2518/2518 2421/2421/2421 
f 2421/2421/2421 2518/2518/2518 2422/2422/2422 
f 2518/2518/2518 2519/2519/2519 2422/2422/2422 
f 2422/2422/2422 2519/2519/2519 2423/2423/2423 
f 2519/2519/2519 2520/2520/2520 2423/2423/2423 
f 2423/2423/2423 2520/2520/2520 2424/2424/2424 
f 2520/2520/2520 2521/2521/2521 2424/2424/2424 
f 2424/2424/2424 2521/2521/2521 2425/2425/2425 
f 2521/2521/2521 2522/2522/2522 2425/2425/2425 
f 2425/2425/2425 2522/2522/2522 2426/2426/2426 
f 2522/2522/2522 2523/2523/2523 2426/2426/2426 
f 2426/2426/2426 2523/2523/2523 2427/2427/2427 
f 2523/2523/2523 2524/2524/2524 2427/2427/2427 
f 2427/2427/2427 2524/2524/2524 2428/2428/2428 
f 2524/2524/2524 2525/2525/2525 2428/2428/2428 
f 2428/2428/2428 2525/2525/2525 2429/2429/2429 
f 2525/2525/2525 2526/2526/2526 2429/2429/2429 
f 2429/2429/2429 2526/2526/2526 2430/2430/2430 
f 2526/2526/2526 2527/2527/2527 2430/2430/2430 
f 2430/2430/2430 2527/2527/2527 2431/2431/2431 
f 2527/2527/2527 2528/2528/2528 2431/2431/2431 
f 2431/2431/2431 2528/2528/2528 2432/2432/2432 
f 2528/2528/2528 2529/2529/2529 2432/2432/2432 
f 2432/2432/2432 2529/2529/2529 2433/2433/2433 
f 2529/2529/2529 2530/2530/2530 2433/2433/2433 
f 2433/2433/2433 2530/2530/2530 2434/2434/2434 
f 2530/2530/2530 2531/2531/2531 2434/2434/2434 
f 2434/2434/2434 2531/2531/2531 2435/2435/2435 
f 2531/2531/2531 2532/2532/2532 2435/2435/2435 
f 2435/2435/2435 2532/2532/2532 2436/2436/2436 
f 2532/2532/2532 2533/2533/2533 2436/2436/2436 
f 2436/2436/2436 2533/2533/2533 2437/2437/2437 
f 2533/2533/2533 2534/2534/2534 2437/2437/2437 
f 2437/2437/2437 2534/2534/2534 2438/2438/2438 
f 2534/2534/2534 2535/2535/2535 2438/2438/2438 
f 2438/2438/2438 2535/2535/2535 2439/2439/2439 
f 2535/2535/2535 2536/2536/2536 2439/2439/2439 
f 2439/2439/2439 2536/2536/2536 2440/2440/2440 
f 2536/2536/2536 2537/2537/2537 2440/2440/2440 
f 2440/2440/2440 2537/2537/2537 2441/2441/2441 
f 2537/2537/2537 2538/2538/2538 2441/2441/2441 
f 2441/2441/2441 2538/2538/2538 2442/2442/2442 
f 2538/2538/2538 2539/2539/2539 2442/2442/2442 
f 2442/2442/2442 2539/2539/2539 2443/2443/2443 
f 2539/2539/2539 2540/2540/2540 2443/2443/2443 
f 2443/2443/2443 2540/2540/2540 2444/2444/2444 
f 2540/2540/2540 2541/2541/2541 2444/2444/2444 
f 2444/2444/2444 2541/2541/2541 2445/2445/2445 
f 2541/2541/2541 2542/2542/2542 2445/2445/2445 
f 2445/2445/2445 2542/2542/2542 2446/2446/2446 
f 2542/2542/2542 2543/2543/2543 2446/2446/2446 
f 2446/2446/2446 2543/2543/2543 2447/2447/2447 
f 2543/2543/2543 2544/2544/2544 2447/2447/2447 
f 2447/2447/2447 2544/2544/2544 2448/2448/2448 
f 2544/2544/2544 2545/2545/2545 2448/2448/2448 
f 2448/2448/2448 2545/2545/2545 2448/2448/2448 
f 2545/2545/2545 2546/2546/2546 2448/2448/2448 
f 2448/2448/2448 2546/2546/2546 2449/2449/2449 
f 2546/2546/2546 2547/2547/2547 2449/2449/2449 
f 2449/2449/2449 2547/2547/2547 2450/2450/2450 
f 2547/2547/2547 2548/2548/2548 2450/2450/2450 
f 2450/2450/2450 2548/2548/2548 2451/2451/2451 
f 2548/2548/2548 2549/2549/2549 2451/2451/2451 
f 2451/2451/2451 2549/2549/2549 2452/2452/2452 
f 2549/2549/2549 2550/2550/2550 2452/2452/2452 
f 2452/2452/2452 2550/2550/2550 2453/2453/2453 
f 2550/2550/2550 2551/2551/2551 2453/2453/2453 
f 2453/2453/2453 2551/2551/2551 2454/2454/2454 
f 2551/2551/2551 2552/2552/2552 2454/2454/2454 
f 2454/2454/2454 2552/2552/2552 2455/2455/2455 
f 2552/2552/2552 2553/2553/2553 2455/2455/2455 
f 2455/2455/2455 2553/2553/2553 2456/2456/2456 
f 2553/2553/2553 2553/2553/2553 2456/2456/2456 
f 2456/2456/2456 2553/2553/2553 2457/2457/2457 
f 2553/2553/2553 2554/2554/2554 2457/2457/2457 
f 2457/2457/2457 2554/2554/2554 2458/2458/2458 
f 2554/2554/2554 2555/2555/2555 2458/2458/2458 
f 2458/2458/2458 2555/2555/2555 2459/2459/2459 
f 2555/2555/2555 2556/2556/2556 2459/2459/2459 
f 2459/2459/2459 2556/2556/2556 2460/2460/2460 
f 2556/2556/2556 2557/2557/2557 2460/2460/2460 
f 2460/2460/2460 2557/2557/2557 2461/2461/2461 
f 2557/2557/2557 2558/2558/2558 2461/2461/2461 
f 2461/2461/2461 2558/2558/2558 2462/2462/2462 
f 2558/2558/2558 2559/2559/2559 2462/2462/2462 
f 2462/2462/2462 2559/2559/2559 2463/2463/2463 
f 2559/2559/2559 2560/2560/2560 2463/2463/2463 
f 2463/2463/2463 2560/2560/2560 2464/2464/2464 
f 2560/2560/2560 2561/2561/2561 2464/2464/2464 
f 2464/2464/2464 2561/2561/2561 2464/2464/2464 
f 2561/2561/2561 2562/2562/2562 2464/2464/2464 
f 2464/2464/2464 2562/2562/2562 2465/2465/2465 
f 2562/2562/2562 2563/2563/2563 2465/2465/2465 
f 2465/2465/2465 2563/2563/2563 2466/2466/2466 
f 2563/2563/2563 2564/2564/2564 2466/2466/2466 
f 2466/2466/2466 2564/2564/2564 2467/2467/2467 
f 2564/2564/2564 2565/2565/2565 2467/2467/2467 
f 2467/2467/2467 2565/2565/2565 2468/2468/2468 
f 2565/2565/2565 2565/2565/2565 2468/2468/2468 
f 2468/2468/2468 2565/2565/2565 2469/2469/2469 
f 2565/2565/2565 2566/2566/2566 2469/2469/2469 
f 2469/2469/2469 2566/2566/2566 2470/2470/2470 
f 2566/2566/2566 2567/2567/2567 2470/2470/2470 
f 2470/2470/2470 2567/2567/2567 2471/2471/2471 
f 2567/2567/2567 2568/2568/2568 2471/2471/2471 
f 2471/2471/2471 2568/2568/2568 2472/2472/2472 
f 2568/2568/2568 2569/2569/2569 2472/2472/2472 
f 2472/2472/2472 2569/2569/2569 2473/2473/2473 
f 2569/2569/2569 2570/2570/2570 2473/2473/2473 
f 2473/2473/2473 2570/2570/2570 2474/2474/2474 
f 2570/2570/2570 2571/2571/2571 2474/2474/2474 
f 2474/2474/2474 2571/2571/2571 2475/2475/2475 
f 2571/2571/2571 2572/2572/2572 2475/2475/2475 
f 2475/2475/2475 2572/2572/2572 2476/2476/2476 
f 2572/2572/2572 2573/2573/2573 2476/2476/2476 
f 2476/2476/2476 2573/2573/2573 2477/2477/2477 
f 2573/2573/2573 2574/2574/2574 2477/2477/2477 
f 2477/2477/2477 2574/2574/2574 2478/2478/2478 
f 2574/2574/2574 2574/2574/2574 2478/2478/2478 
f 2478/2478/2478 2574/2574/2574 2479/2479/2479 
f 2574/2574/2574 2575/2575/2575 2479/2479/2479 
f 2479/2479/2479 2575/2575/2575 2479/2479/2479 
f 2575/2575/2575 2576/2576/2576 2479/2479/2479 
f 2479/2479/2479 2576/2576/2576 2480/2480/2480 
f 2576/2576/2576 2577/2577/2577 2480/2480/2480 
f 2480/2480/2480 2577/2577/2577 2481/2481/2481 
f 2577/2577/2577 2578/2578/2578 2481/2481/2481 
f 2481/2481/2481 2578/2578/2578 2482/2482/2482 
f 2578/2578/2578 2579/2579/2579 2482/2482/2482 
f 2482/2482/2482 2579/2579/2579 2483/2483/2483 
f 2579/2579/2579 2580/2580/2580 2483/2483/2483 
f 2483/2483/2483 2580/2580/2580 2484/2484/2484 
f 2580/2580/2580 2581/2581/2581 2484/2484/2484 
f 2484/2484/2484 2581/2581/2581 2485/2485/2485 
f 2581/2581/2581 2582/2582/2582 2485/2485/2485 
f 2485/2485/2485 2582/2582/2582 2486/2486/2486 
f 2582/2582/2582 2583/2583/2583 2486/2486/2486 
f 2486/2486/2486 2583/2583/2583 2487/2487/2487 
f 2583/2583/2583 2584/2584/2584 2487/2487/2487 
f 2487/2487/2487 2584/2584/2584 2488/2488/2488 
f 2584/2584/2584 2585/2585/2585 2488/2488/2488 
f 2488/2488/2488 2585/2585/2585 2489/2489/2489 
f 2585/2585/2585 2586/2586/2586 2489/2489/2489 
f 2489/2489/2489 2586/2586/2586 2490/2490/2490 
f 2586/2586/2586 2587/2587/2587 2490/2490/2490 
f 2490/2490/2490 2587/2587/2587 2491/2491/2491 
f 2587/2587/2587 2588/2588/2588 2491/2491/2491 
f 2491/2491/2491 2588/2588/2588 2492/2492/2492 
f 2588/2588/2588 2589/2589/2589 2492/2492/2492 
f 2492/2492/2492 2589/2589/2589 2493/2493/2493 
f 2589/2589/2589 2590/2590/2590 2493/2493/2493 
f 2493/2493/2493 2590/2590/2590 2494/2494/2494 
f 2590/2590/2590 2591/2591/2591 2494/2494/2494 
f 2494/2494/2494 2591/2591/2591 2495/2495/2495 
f 2591/2591/2591 2592/2592/2592 2495/2495/2495 
f 2495/2495/2495 2592/2592/2592 2496/2496/2496 
f 2592/2592/2592 2593/2593/2593 2496/2496/2496 
f 2496/2496/2496 2593/2593/2593 2497/2497/2497 
f 2593/2593/2593 2594/2594/2594 2497/2497/2497 
f 2497/2497/2497 2594/2594/2594 2497/2497/2497 
f 2594/2594/2594 2595/2595/2595 2497/2497/2497 
f 2497/2497/2497 2595/2595/2595 2498/2498/2498 
f 2595/2595/2595 2596/2596/2596 2498/2498/2498 
f 2498/2498/2498 2596/2596/2596 2499/2499/2499 
f 2596/2596/2596 2597/2597/2597 2499/2499/2499 
f 2499/2499/2499 2597/2597/2597 2500/2500/2500 
f 2597/2597/2597 2598/2598/2598 2500/2500/2500 
f 2500/2500/2500 2598/2598/2598 2501/2501/2501 
f 2598/2598/2598 2599/2599/2599 2501/2501/2501 
f 2501/2501/2501 2599/2599/2599 2502/2502/2502 
f 2599/2599/2599 2600/2600/2600 2502/2502/2502 
f 2502/2502/2502 2600/2600/2600 2503/2503/2503 
f 2600/2600/2600 2601/2601/2601 2503/2503/2503 
f 2503/2503/2503 2601/2601/2601 2504/2504/2504 
f 2601/2601/2601 2602/2602/2602 2504/2504/2504 
f 2504/2504/2504 2602/2602/2602 2505/2505/2505 
f 2602/2602/2602 2602/2602/2602 2505/2505/2505 
f 2505/2505/2505 2602/2602/2602 2506/2506/2506 
f 2602/2602/2602 2603/2603/2603 2506/2506/2506 
f 2506/2506/2506 2603/2603/2603 2507/2507/2507 
f 2603/2603/2603 2604/2604/2604 2507/2507/2507 
f 2507/2507/2507 2604/2604/2604 2508/2508/2508 
f 2604/2604/2604 2605/2605/2605 2508/2508/2508 
f 2508/2508/2508 2605/2605/2605 2509/2509/2509 
f 2605/2605/2605 2606/2606/2606 2509/2509/2509 
f 2509/2509/2509 2606/2606/2606 2510/2510/2510 
f 2606/2606/2606 2607/2607/2607 2510/2510/2510 
f 2510/2510/2510 2607/2607/2607 2511/2511/2511 
f 2607/2607/2607 2608/2608/2608 2511/2511/2511 
f 2511/2511/2511 2608/2608/2608 2512/2512/2512 
f 2608/2608/2608 2609/2609/2609 2512/2512/2512 
f 2512/2512/2512 2609/2609/2609 2513/2513/2513 
f 2609/2609/2609 2610/2610/2610 2513/2513/2513 
f 2513/2513/2513 2610/2610/2610 2514/2514/2514 
f 2610/2610/2610 2611/2611/2611 2514/2514/2514 
f 2514/2514/2514 2611/2611/2611 2515/2515/2515 
f 2611/2611/2611 2612/2612/2612 2515/2515/2515 
f 2515/2515/2515 2612/2612/2612 2516/2516/2516 
f 2612/2612/2612 2613/2613/2613 2516/2516/2516 
f 2516/2516/2516 2613/2613/2613 2517/2517/2517 
f 2613/2613/2613 2614/2614/2614 2517/2517/2517 
f 2517/2517/2517 2614/2614/2614 2518/2518/2518 
f 2614/2614/2614 2615/2615/2615 2518/2518/2518 
f 2518/2518/2518 2615/2615/2615 2519/2519/2519 
f 2615/2615/2615 2616/2616/2616 2519/2519/2519 
f 2519/2519/2519 2616/2616/2616 2520/2520/2520 
f 2616/2616/2616 2617/2617/2617 2520/2520/2520 
f 2520/2520/2520 2617/2617/2617 2521/2521/2521 
f 2617/2617/2617 2618/2618/2618 2521/2521/2521 
f 2521/2521/2521 2618/2618/2618 2522/2522/2522 
f 2618/2618/2618 2619/2619/2619 2522/2522/2522 
f 2522/2522/2522 2619/2619/2619 2523/2523/2523 
f 2619/2619/2619 2620/2620/2620 2523/2523/2523 
f 2523/2523/2523 2620/2620/2620 2524/2524/2524 
f 2620/2620/2620 2621/2621/2621 2524/2524/2524 
f 2524/2524/2524 2621/2621/2621 2525/2525/2525 
f 2621/2621/2621 2622/2622/2622 2525/2525/2525 
f 2525/2525/2525 2622/2622/2622 2526/2526/2526 
f 2622/2622/2622 2623/2623/2623 2526/2526/2526 
f 2526/2526/2526 2623/2623/2623 2527/2527/2527 
f 2623/2623/2623 2624/2624/2624 2527/2527/2527 
f 2527/2527/2527 2624/2624/2624 2528/2528/2528 
f 2624/2624/2624 2625/2625/2625 2528/2528/2528 
f 2528/2528/2528 2625/2625/2625 2529/2529/2529 
f 2625/2625/2625 2626/2626/2626 2529/2529/2529 
f 2529/2529/2529 2626/2626/2626 2530/2530/2530 
f 2626/2626/2626 2627/2627/2627 2530/2530/2530 
f 2530/2530/2530 2627/2627/2627 2531/2531/2531 
f 2627/2627/2627 2628/2628/2628 2531/2531/2531 
f 2531/2531/2531 2628/2628/2628 2532/2532/2532 
f 2628/2628/2628 2629/2629/2629 2532/2532/2532 
f 2532/2532/2532 2629/2629/2629 2533/2533/2533 
f 2629/2629/2629 2630/2630/2630 2533/2533/2533 
f 2533/2533/2533 2630/2630/2630 2534/2534/2534 
f 2630/2630/2630 2631/2631/2631 2534/2534/2534 
f 2534/2534/2534 2631/2631/2631 2535/2535/2535 
f 2631/2631/2631 2632/2632/2632 2535/2535/2535 
f 2535/2535/2535 2632/2632/2632 2536/2536/2536 
f 2632/2632/2632 2633/2633/2633 2536/2536/2536 
f 2536/2536/2536 2633/2633/2633 2537/2537/2537 
f 2633/2633/2633 2634/2634/2634 2537/2537/2537 
f 2537/2537/2537 2634/2634/2634 2538/2538/2538 
f 2634/2634/2634 2635/2635/2635 2538/2538/2538 
f 2538/2538/2538 2635/2635/2635 2539/2539/2539 
f 2635/2635/2635 2636/2636/2636 2539/2539/2539 
f 2539/2539/2539 2636/2636/2636 2540/2540/2540 
f 2636/2636/2636 2637/2637/2637 2540/2540/2540 
f 2540/2540/2540 2637/2637/2637 2541/2541/2541 
f 2637/2637/2637 2638/2638/2638 2541/2541/2541 
f 2541/2541/2541 2638/2638/2638 2542/2542/2542 
f 2638/2638/2638 2639/2639/2639 2542/2542/2542 
f 2542/2542/2542 2639/2639/2639 2543/2543/2543 
f 2639/2639/2639 2640/2640/2640 2543/2543/2543 
f 2543/2543/2543 2640/2640/2640 2544/2544/2544 
f 2640/2640/2640 2641/2641/2641 2544/2544/2544 
f 2544/2544/2544 2641/2641/2641 2545/2545/2545 
f 2641/2641/2641 2642/2642/2642 2545/2545/2545 
f 2545/2545/2545 2642/2642/2642 2545/2545/2545 
f 2642/2642/2642 2643/2643/2643 2545/2545/2545 
f 2545/2545/2545 2643/2643/2643 2546/2546/2546 
f 2643/2643/2643 2644/2644/2644 2546/2546/2546 
f 2546/2546/2546 2644/2644/2644 2547/2547/2547 
f 2644/2644/2644 2645/2645/2645 2547/2547/2547 
f 2547/2547/2547 2645/2645/2645 2548/2548/2548 
f 2645/2645/2645 2646/2646/2646 2548/2548/2548 
f 2548/2548/2548 2646/2646/2646 2549/2549/2549 
f 2646/2646/2646 2647/2647/2647 2549/2549/2549 
f 2549/2549/2549 2647/2647/2647 2550/2550/2550 
f 2647/2647/2647 2648/2648/2648 2550/2550/2550 
f 2550/2550/2550 2648/2648/2648 2551/2551/2551 
f 2648/2648/2648 2649/2649/2649 2551/2551/2551 
f 2551/2551/2551 2649/2649/2649 2552/2552/2552 
f 2649/2649/2649 2650/2650/2650 2552/2552/2552 
f 2552/2552/2552 2650/2650/2650 2553/2553/2553 
f 2650/2650/2650 2650/2650/2650 2553/2553/2553 
f 2553/2553/2553 2650/2650/2650 2554/2554/2554 
f 2650/2650/2650 2651/2651/2651 2554/2554/2554 
f 2554/2554/2554 2651/2651/2651 2555/2555/2555 
f 2651/2651/2651 2652/2652/2652 2555/2555/2555 
f 2555/2555/2555 2652/2652/2652 2556/2556/2556 
f 2652/2652/2652 2653/2653/2653 2556/2556/2556 
f 2556/2556/2556 2653/2653/2653 2557/2557/2557 
f 2653/2653/2653 2654/2654/2654 2557/2557/2557 
f 2557/2557/2557 2654/2654/2654 2558/2558/2558 
f 2654/2654/2654 2655/2655/2655 2558/2558/2558 
f 2558/2558/2558 2655/2655/2655 2559/2559/2559 
f 2655/2655/2655 2656/2656/2656 2559/2559/2559 
f 2559/2559/2559 2656/2656/2656 2560/2560/2560 
f 2656/2656/2656 2657/2657/2657 2560/2560/2560 
f 2560/2560/2560 2657/2657/2657 2561/2561/2561 
f 2657/2657/2657 2658/2658/2658 2561/2561/2561 
f 2561/2561/2561 2658/2658/2658 2561/2561/2561 
f 2658/2658/2658 2659/2659/2659 2561/2561/2561 
f 2561/2561/2561 2659/2659/2659 2562/2562/2562 
f 2659/2659/2659 2660/2660/2660 2562/2562/2562 
f 2562/2562/2562 2660/2660/2660 2563/2563/2563 
f 2660/2660/2660 2661/2661/2661 2563/2563/2563 
f 2563/2563/2563 2661/2661/2661 2564/2564/2564 
f 2661/2661/2661 2662/2662/2662 2564/2564/2564 
f 2564/2564/2564 2662/2662/2662 2565/2565/2565 
f 2662/2662/2662 2662/2662/2662 2565/2565/2565 
f 2565/2565/2565 2662/2662/2662 2566/2566/2566 
f 2662/2662/2662 2663/2663/2663 2566/2566/2566 
f 2566/2566/2566 2663/2663/2663 2567/2567/2567 
f 2663/2663/2663 2664/2664/2664 2567/2567/2567 
f 2567/2567/2567 2664/2664/2664 2568/2568/2568 
f 2664/2664/2664 2665/2665/2665 2568/2568/2568 
f 2568/2568/2568 2665/2665/2665 2569/2569/2569 
f 2665/2665/2665 2666/2666/2666 2569/2569/2569 
f 2569/2569/2569 2666/2666/2666 2570/2570/2570 
f 2666/2666/2666 2667/2667/2667 2570/2570/2570 
f 2570/2570/2570 2667/2667/2667 2571/2571/2571 
f 2667/2667/2667 2668/2668/2668 2571/2571/2571 
f 2571/2571/2571 2668/2668/2668 2572/2572/2572 
f 2668/2668/2668 2669/2669/2669 2572/2572/2572 
f 2572/2572/2572 2669/2669/2669 2573/2573/2573 
f 2669/2669/2669 2670/2670/2670 2573/2573/2573 
f 2573/2573/2573 2670/2670/2670 2574/2574/2574 
f 2670/2670/2670 2670/2670/2670 2574/2574/2574 
f 2574/2574/2574 2670/2670/2670 2575/2575/2575 
f 2670/2670/2670 2670/2670/2670 2575/2575/2575 
f 2575/2575/2575 2670/2670/2670 2671/2671/2671 
f 2670/2670/2670 2670/2670/2670 2671/2671/2671 
f 2671/2671/2671 2670/2670/2670 2672/2672/2672 
f 2670/2670/2670 2669/2669/2669 2672/2672/2672 
f 2672/2672/2672 2669/2669/2669 2673/2673/2673 
f 2669/2669/2669 2668/2668/2668 2673/2673/2673 
f 2673/2673/2673 2668/2668/2668 2674/2674/2674 
f 2668/2668/2668 2667/2667/2667 2674/2674/2674 
f 2674/2674/2674 2667/2667/2667 2675/2675/2675 
f 2667/2667/2667 2666/2666/2666 2675/2675/2675 
f 2675/2675/2675 2666/2666/2666 2676/2676/2676 
f 2666/2666/2666 2665/2665/2665 2676/2676/2676 
f 2676/2676/2676 2665/2665/2665 2677/2677/2677 
f 2665/2665/2665 2664/2664/2664 2677/2677/2677 
f 2677/2677/2677 2664/2664/2664 2678/2678/2678 
f 2664/2664/2664 2663/2663/2663 2678/2678/2678 
f 2678/2678/2678 2663/2663/2663 2679/2679/2679 
f 2663/2663/2663 2662/2662/2662 2679/2679/2679 
f 2679/2679/2679 2662/2662/2662 2679/2679/2679 
f 2662/2662/2662 2661/2661/2661 2679/2679/2679 
f 2679/2679/2679 2661/2661/2661 2680/2680/2680 
f 2661/2661/2661 2660/2660/2660 2680/2680/2680 
f 2680/2680/2680 2660/2660/2660 2660/2660/2660 
f 2660/2660/2660 2680/2680/2680 2660/2660/2660 
f 2660/2660/2660 2680/2680/2680 2680/2680/2680 
f 2680/2680/2680 2681/2681/2681 2680/2680/2680 
f 2680/2680/2680 2681/2681/2681 2679/2679/2679 
f 2681/2681/2681 2681/2681/2681 2679/2679/2679 
f 2679/2679/2679 2681/2681/2681 2678/2678/2678 
f 2681/2681/2681 2682/2682/2682 2678/2678/2678 
f 2678/2678/2678 2682/2682/2682 2677/2677/2677 
f 2682/2682/2682 2683/2683/2683 2677/2677/2677 
f 2677/2677/2677 2683/2683/2683 2676/2676/2676 
f 2683/2683/2683 2684/2684/2684 2676/2676/2676 
f 2676/2676/2676 2684/2684/2684 2675/2675/2675 
f 2684/2684/2684 2685/2685/2685 2675/2675/2675 
f 2675/2675/2675 2685/2685/2685 2674/2674/2674 
f 2685/2685/2685 2686/2686/2686 2674/2674/2674 
f 2674/2674/2674 2686/2686/2686 2673/2673/2673 
f 2686/2686/2686 2687/2687/2687 2673/2673/2673 
f 2673/2673/2673 2687/2687/2687 2672/2672/2672 
f 2687/2687/2687 2688/2688/2688 2672/2672/2672 
f 2672/2672/2672 2688/2688/2688 2671/2671/2671 
f 2688/2688/2688 2689/2689/2689 2671/2671/2671 
f 2671/2671/2671 2689/2689/2689 2671/2671/2671 
f 2689/2689/2689 2690/2690/2690 2671/2671/2671 
f 2671/2671/2671 2690/2690/2690 2575/2575/2575 
f 2690/2690/2690 2690/2690/2690 2575/2575/2575 
f 2575/2575/2575 2690/2690/2690 2576/2576/2576 
f 2690/2690/2690 2691/2691/2691 2576/2576/2576 
f 2576/2576/2576 2691/2691/2691 2577/2577/2577 
f 2691/2691/2691 2692/2692/2692 2577/2577/2577 
f 2577/2577/2577 2692/2692/2692 2578/2578/2578 
f 2692/2692/2692 2693/2693/2693 2578/2578/2578 
f 2578/2578/2578 2693/2693/2693 2579/2579/2579 
f 2693/2693/2693 2694/2694/2694 2579/2579/2579 
f 2579/2579/2579 2694/2694/2694 2580/2580/2580 
f 2694/2694/2694 2695/2695/2695 2580/2580/2580 
f 2580/2580/2580 2695/2695/2695 2581/2581/2581 
f 2695/2695/2695 2696/2696/2696 2581/2581/2581 
f 2581/2581/2581 2696/2696/2696 2582/2582/2582 
f 2696/2696/2696 2697/2697/2697 2582/2582/2582 
f 2582/2582/2582 2697/2697/2697 2583/2583/2583 
f 2697/2697/2697 2698/2698/2698 2583/2583/2583 
f 2583/2583/2583 2698/2698/2698 2584/2584/2584 
f 2698/2698/2698 2699/2699/2699 2584/2584/2584 
f 2584/2584/2584 2699/2699/2699 2585/2585/2585 
f 2699/2699/2699 2700/2700/2700 2585/2585/2585 
f 2585/2585/2585 2700/2700/2700 2586/2586/2586 
f 2700/2700/2700 2701/2701/2701 2586/2586/2586 
f 2586/2586/2586 2701/2701/2701 2587/2587/2587 
f 2701/2701/2701 2702/2702/2702 2587/2587/2587 
f 2587/2587/2587 2702/2702/2702 2588/2588/2588 
f 2702/2702/2702 2703/2703/2703 2588/2588/2588 
f 2588/2588/2588 2703/2703/2703 2589/2589/2589 
f 2703/2703/2703 2704/2704/2704 2589/2589/2589 
f 2589/2589/2589 2704/2704/2704 2590/2590/2590 
f 2704/2704/2704 2705/2705/2705 2590/2590/2590 
f 2590/2590/2590 2705/2705/2705 2591/2591/2591 
f 2705/2705/2705 2706/2706/2706 2591/2591/2591 
f 2591/2591/2591 2706/2706/2706 2592/2592/2592 
f 2706/2706/2706 2707/2707/2707 2592/2592/2592 
f 2592/2592/2592 2707/2707/2707 2593/2593/2593 
f 2707/2707/2707 2708/2708/2708 2593/2593/2593 
f 2593/2593/2593 2708/2708/2708 2594/2594/2594 
f 2708/2708/2708 2709/2709/2709 2594/2594/2594 
f 2594/2594/2594 2709/2709/2709 2594/2594/2594 
f 2709/2709/2709 2710/2710/2710 2594/2594/2594 
f 2594/2594/2594 2710/2710/2710 2595/2595/2595 
f 2710/2710/2710 2711/2711/2711 2595/2595/2595 
f 2595/2595/2595 2711/2711/2711 2596/2596/2596 
f 2711/2711/2711 2712/2712/2712 2596/2596/2596 
f 2596/2596/2596 2712/2712/2712 2597/2597/2597 
f 2712/2712/2712 2713/2713/2713 2597/2597/2597 
f 2597/2597/2597 2713/2713/2713 2598/2598/2598 
f 2713/2713/2713 2714/2714/2714 2598/2598/2598 
f 2598/2598/2598 2714/2714/2714 2599/2599/2599 
f 2714/2714/2714 2715/2715/2715 2599/2599/2599 
f 2599/2599/2599 2715/2715/2715 2600/2600/2600 
f 2715/2715/2715 2716/2716/2716 2600/2600/2600 
f 2600/2600/2600 2716/2716/2716 2601/2601/2601 
f 2716/2716/2716 2717/2717/2717 2601/2601/2601 
f 2601/2601/2601 2717/2717/2717 2602/2602/2602 
f 2717/2717/2717 2717/2717/2717 2602/2602/2602 
f 2602/2602/2602 2717/2717/2717 2603/2603/2603 
f 2717/2717/2717 2718/2718/2718 2603/2603/2603 
f 2603/2603/2603 2718/2718/2718 2604/2604/2604 
f 2718/2718/2718 2719/2719/2719 2604/2604/2604 
f 2604/2604/2604 2719/2719/2719 2605/2605/2605 
f 2719/2719/2719 2720/2720/2720 2605/2605/2605 
f 2605/2605/2605 2720/2720/2720 2606/2606/2606 
f 2720/2720/2720 2721/2721/2721 2606/2606/2606 
f 2606/2606/2606 2721/2721/2721 2607/2607/2607 
f 2721/2721/2721 2722/2722/2722 2607/2607/2607 
f 2607/2607/2607 2722/2722/2722 2608/2608/2608 
f 2722/2722/2722 2723/2723/2723 2608/2608/2608 
f 2608/2608/2608 2723/2723/2723 2609/2609/2609 
f 2723/2723/2723 2724/2724/2724 2609/2609/2609 
f 2609/2609/2609 2724/2724/2724 2610/2610/2610 
f 2724/2724/2724 2725/2725/2725 2610/2610/2610 
f 2610/2610/2610 2725/2725/2725 2611/2611/2611 
f 2725/2725/2725 2726/2726/2726 2611/2611/2611 
f 2611/2611/2611 2726/2726/2726 2612/2612/2612 
f 2726/2726/2726 2727/2727/2727 2612/2612/2612 
f 2612/2612/2612 2727/2727/2727 2613/2613/2613 
f 2727/2727/2727 2728/2728/2728 2613/2613/2613 
f 2613/2613/2613 2728/2728/2728 2614/2614/2614 
f 2728/2728/2728 2729/2729/2729 2614/2614/2614 
f 2614/2614/2614 2729/2729/2729 2615/2615/2615 
f 2729/2729/2729 2730/2730/2730 2615/2615/2615 
f 2615/2615/2615 2730/2730/2730 2616/2616/2616 
f 2730/2730/2730 2731/2731/2731 2616/2616/2616 
f 2616/2616/2616 2731/2731/2731 2617/2617/2617 
f 2731/2731/2731 2732/2732/2732 2617/2617/2617 
f 2617/2617/2617 2732/2732/2732 2618/2618/2618 
f 2732/2732/2732 2733/2733/2733 2618/2618/2618 
f 2618/2618/2618 2733/2733/2733 2619/2619/2619 
f 2733/2733/2733 2734/2734/2734 2619/2619/2619 
f 2619/2619/2619 2734/2734/2734 2620/2620/2620 
f 2734/2734/2734 2735/2735/2735 2620/2620/2620 
f 2620/2620/2620 2735/2735/2735 2621/2621/2621 
f 2735/2735/2735 2736/2736/2736 2621/2621/2621 
f 2621/2621/2621 2736/2736/2736 2622/2622/2622 
f 2736/2736/2736 2737/2737/2737 2622/2622/2622 
f 2622/2622/2622 2737/2737/2737 2623/2623/2623 
f 2737/2737/2737 2738/2738/2738 2623/2623/2623 
f 2623/2623/2623 2738/2738/2738 2624/2624/2624 
f 2738/2738/2738 2739/2739/2739 2624/2624/2624 
f 2624/2624/2624 2739/2739/2739 2625/2625/2625 
f 2739/2739/2739 2740/2740/2740 2625/2625/2625 
f 2625/2625/2625 2740/2740/2740 2626/2626/2626 
f 2740/2740/2740 2741/2741/2741 2626/2626/2626 
f 2626/2626/2626 2741/2741/2741 2627/2627/2627 
f 2741/2741/2741 2742/2742/2742 2627/2627/2627 
f 2627/2627/2627 2742/2742/2742 2628/2628/2628 
f 2742/2742/2742 2743/2743/2743 2628/2628/2628 
f 2628/2628/2628 2743/2743/2743 2629/2629/2629 
f 2743/2743/2743 2744/2744/2744 2629/2629/2629 
f 2629/2629/2629 2744/2744/2744 2630/2630/2630 
f 2744/2744/2744 2745/2745/2745 2630/2630/2630 
f 2630/2630/2630 2745/2745/2745 2631/2631/2631 
f 2745/2745/2745 2746/2746/2746 2631/2631/2631 
f 2631/2631/2631 2746/2746/2746 2632/2632/2632 
f 2746/2746/2746 2747/2747/2747 2632/2632/2632 
f 2632/2632/2632 2747/2747/2747 2633/2633/2633 
f 2747/2747/2747 2748/2748/2748 2633/2633/2633 
f 2633/2633/2633 2748/2748/2748 2634/2634/2634 
f 2748/2748/2748 2749/2749/2749 2634/2634/2634 
f 2634/2634/2634 2749/2749/2749 2635/2635/2635 
f 2749/2749/2749 2750/2750/2750 2635/2635/2635 
f 2635/2635/2635 2750/2750/2750 2636/2636/2636 
f 2750/2750/2750 2751/2751/2751 2636/2636/2636 
f 2636/2636/2636 2751/2751/2751 2637/2637/2637 
f 2751/2751/2751 2752/2752/2752 2637/2637/2637 
f 2637/2637/2637 2752/2752/2752 2638/2638/2638 
f 2752/2752/2752 2753/2753/2753 2638/2638/2638 
f 2638/2638/2638 2753/2753/2753 2639/2639/2639 
f 2753/2753/2753 2754/2754/2754 2639/2639/2639 
f 2639/2639/2639 2754/2754/2754 2640/2640/2640 
f 2754/2754/2754 2755/2755/2755 2640/2640/2640 
f 2640/2640/2640 2755/2755/2755 2641/2641/2641 
f 2755/2755/2755 2756/2756/2756 2641/2641/2641 
f 2641/2641/2641 2756/2756/2756 2642/2642/2642 
f 2756/2756/2756 2757/2757/2757 2642/2642/2642 
f 2642/2642/2642 2757/2757/2757 2642/2642/2642 
f 2757/2757/2757 2758/2758/2758 2642/2642/2642 
f 2642/2642/2642 2758/2758/2758 2643/2643/2643 
f 2758/2758/2758 2759/2759/2759 2643/2643/2643 
f 2643/2643/2643 2759/2759/2759 2644/2644/2644 
f 2759/2759/2759 2760/2760/2760 2644/2644/2644 
f 2644/2644/2644 2760/2760/2760 2645/2645/2645 
f 2760/2760/2760 2761/2761/2761 2645/2645/2645 
f 2645/2645/2645 2761/2761/2761 2646/2646/2646 
f 2761/2761/2761 2762/2762/2762 2646/2646/2646 
f 2646/2646/2646 2762/2762/2762 2647/2647/2647 
f 2762/2762/2762 2763/2763/2763 2647/2647/2647 
f 2647/2647/2647 2763/2763/2763 2648/2648/2648 
f 2763/2763/2763 2764/2764/2764 2648/2648/2648 
f 2648/2648/2648 2764/2764/2764 2649/2649/2649 
f 2764/2764/2764 2765/2765/2765 2649/2649/2649 
f 2649/2649/2649 2765/2765/2765 2650/2650/2650 
f 2765/2765/2765 2765/2765/2765 2650/2650/2650 
f 2650/2650/2650 2765/2765/2765 2651/2651/2651 
f 2765/2765/2765 2766/2766/2766 2651/2651/2651 
f 2651/2651/2651 2766/2766/2766 2652/2652/2652 
f 2766/2766/2766 2767/2767/2767 2652/2652/2652 
f 2652/2652/2652 2767/2767/2767 2653/2653/2653 
f 2767/2767/2767 2768/2768/2768 2653/2653/2653 
f 2653/2653/2653 2768/2768/2768 2654/2654/2654 
f 2768/2768/2768 2769/2769/2769 2654/2654/2654 
f 2654/2654/2654 2769/2769/2769 2655/2655/2655 
f 2769/2769/2769 2770/2770/2770 2655/2655/2655 
f 2655/2655/2655 2770/2770/2770 2656/2656/2656 
f 2770/2770/2770 2771/2771/2771 2656/2656/2656 
f 2656/2656/2656 2771/2771/2771 2657/2657/2657 
f 2771/2771/2771 2772/2772/2772 2657/2657/2657 
f 2657/2657/2657 2772/2772/2772 2658/2658/2658 
f 2772/2772/2772 2773/2773/2773 2658/2658/2658 
f 2658/2658/2658 2773/2773/2773 2658/2658/2658 
f 2773/2773/2773 2774/2774/2774 2658/2658/2658 
f 2658/2658/2658 2774/2774/2774 2659/2659/2659 
f 2774/2774/2774 2775/2775/2775 2659/2659/2659 
f 2659/2659/2659 2775/2775/2775 2660/2660/2660 
f 2775/2775/2775 2775/2775/2775 2660/2660/2660 
f 2660/2660/2660 2775/2775/2775 2680/2680/2680 
f 2775/2775/2775 2776/2776/2776 2680/2680/2680 
f 2680/2680/2680 2776/2776/2776 2681/2681/2681 
f 2776/2776/2776 2777/2777/2777 2681/2681/2681 
f 2681/2681/2681 2777/2777/2777 2682/2682/2682 
f 2777/2777/2777 2778/2778/2778 2682/2682/2682 
f 2682/2682/2682 2778/2778/2778 2683/2683/2683 
f 2778/2778/2778 2779/2779/2779 2683/2683/2683 
f 2683/2683/2683 2779/2779/2779 2684/2684/2684 
f 2779/2779/2779 2780/2780/2780 2684/2684/2684 
f 2684/2684/2684 2780/2780/2780 2685/2685/2685 
f 2780/2780/2780 2781/2781/2781 2685/2685/2685 
f 2685/2685/2685 2781/2781/2781 2686/2686/2686 
f 2781/2781/2781 2782/2782/2782 2686/2686/2686 
f 2686/2686/2686 2782/2782/2782 2687/2687/2687 
f 2782/2782/2782 2783/2783/2783 2687/2687/2687 
f 2687/2687/2687 2783/2783/2783 2688/2688/2688 
f 2783/2783/2783 2784/2784/2784 2688/2688/2688 
f 2688/2688/2688 2784/2784/2784 2689/2689/2689 
f 2784/2784/2784 2785/2785/2785 2689/2689/2689 
f 2689/2689/2689 2785/2785/2785 2689/2689/2689 
f 2785/2785/2785 2786/2786/2786 2689/2689/2689 
f 2689/2689/2689 2786/2786/2786 2690/2690/2690 
f 2786/2786/2786 2786/2786/2786 2690/2690/2690 
f 2690/2690/2690 2786/2786/2786 2691/2691/2691 
f 2786/2786/2786 2787/2787/2787 2691/2691/2691 
f 2691/2691/2691 2787/2787/2787 2692/2692/2692 
f 2787/2787/2787 2788/2788/2788 2692/2692/2692 
f 2692/2692/2692 2788/2788/2788 2693/2693/2693 
f 2788/2788/2788 2789/2789/2789 2693/2693/2693 
f 2693/2693/2693 2789/2789/2789 2694/2694/2694 
f 2789/2789/2789 2790/2790/2790 2694/2694/2694 
f 2694/2694/2694 2790/2790/2790 2695/2695/2695 
f 2790/2790/2790 2791/2791/2791 2695/2695/2695 
f 2695/2695/2695 2791/2791/2791 2696/2696/2696 
f 2791/2791/2791 2792/2792/2792 2696/2696/2696 
f 2696/2696/2696 2792/2792/2792 2697/2697/2697 
f 2792/2792/2792 2793/2793/2793 2697/2697/2697 
f 2697/2697/2697 2793/2793/2793 2698/2698/2698 
f 2793/2793/2793 2794/2794/2794 2698/2698/2698 
f 2698/2698/2698 2794/2794/2794 2699/2699/2699 
f 2794/2794/2794 2795/2795/2795 2699/2699/2699 
f 2699/2699/2699 2795/2795/2795 2700/2700/2700 
f 2795/2795/2795 2796/2796/2796 2700/2700/2700 
f 2700/2700/2700 2796/2796/2796 2701/2701/2701 
f 2796/2796/2796 2797/2797/2797 2701/2701/2701 
f 2701/2701/2701 2797/2797/2797 2702/2702/2702 
f 2797/2797/2797 2798/2798/2798 2702/2702/2702 
f 2702/2702/2702 2798/2798/2798 2703/2703/2703 
f 2798/2798/2798 2799/2799/2799 2703/2703/2703 
f 2703/2703/2703 2799/2799/2799 2704/2704/2704 
f 2799/2799/2799 2800/2800/2800 2704/2704/2704 
f 2704/2704/2704 2800/2800/2800 2705/2705/2705 
f 2800/2800/2800 2801/2801/2801 2705/2705/2705 
f 2705/2705/2705 2801/2801/2801 2706/2706/2706 
f 2801/2801/2801 2802/2802/2802 2706/2706/2706 
f 2706/2706/2706 2802/2802/2802 2707/2707/2707 
f 2802/2802/2802 2803/2803/2803 2707/2707/2707 
f 2707/2707/2707 2803/2803/2803 2708/2708/2708 
f 2803/2803/2803 2804/2804/2804 2708/2708/2708 
f 2708/2708/2708 2804/2804/2804 2709/2709/2709 
f 2804/2804/2804 2805/2805/2805 2709/2709/2709 
f 2709/2709/2709 2805/2805/2805 2709/2709/2709 
f 2805/2805/2805 2806/2806/2806 2709/2709/2709 
f 2709/2709/2709 2806/2806/2806 2710/2710/2710 
f 2806/2806/2806 2807/2807/2807 2710/2710/2710 
f 2710/2710/2710 2807/2807/2807 2711/2711/2711 
f 2807/2807/2807 2808/2808/2808 2711/2711/2711 
f 2711/2711/2711 2808/2808/2808 2712/2712/2712 
f 2808/2808/2808 2809/2809/2809 2712/2712/2712 
f 2712/2712/2712 2809/2809/2809 2713/2713/2713 
f 2809/2809/2809 2810/2810/2810 2713/2713/2713 
f 2713/2713/2713 2810/2810/2810 2714/2714/2714 
f 2810/2810/2810 2811/2811/2811 2714/2714/2714 
f 2714/2714/2714 2811/2811/2811 2715/2715/2715 
f 2811/2811/2811 2812/2812/2812 2715/2715/2715 
f 2715/2715/2715 2812/2812/2812 2716/2716/2716 
f 2812/2812/2812 2813/2813/2813 2716/2716/2716 
f 2716/2716/2716 2813/2813/2813 2717/2717/2717 
f 2813/2813/2813 2813/2813/2813 2717/2717/2717 
f 2717/2717/2717 2813/2813/2813 2718/2718/2718 
f 2813/2813/2813 2814/2814/2814 2718/2718/2718 
f 2718/2718/2718 2814/2814/2814 2719/2719/2719 
f 2814/2814/2814 2815/2815/2815 2719/2719/2719 
f 2719/2719/2719 2815/2815/2815 2720/2720/2720 
f 2815/2815/2815 2816/2816/2816 2720/2720/2720 
f 2720/2720/2720 2816/2816/2816 2721/2721/2721 
f 2816/2816/2816 2817/2817/2817 2721/2721/2721 
f 2721/2721/2721 2817/2817/2817 2722/2722/2722 
f 2817/2817/2817 2818/2818/2818 2722/2722/2722 
f 2722/2722/2722 2818/2818/2818 2723/2723/2723 
f 2818/2818/2818 2819/2819/2819 2723/2723/2723 
f 2723/2723/2723 2819/2819/2819 2724/2724/2724 
f 2819/2819/2819 2820/2820/2820 2724/2724/2724 
f 2724/2724/2724 2820/2820/2820 2725/2725/2725 
f 2820/2820/2820 2821/2821/2821 2725/2725/2725 
f 2725/2725/2725 2821/2821/2821 2726/2726/2726 
f 2821/2821/2821 2822/2822/2822 2726/2726/2726 
f 2726/2726/2726 2822/2822/2822 2727/2727/2727 
f 2822/2822/2822 2823/2823/2823 2727/2727/2727 
f 2727/2727/2727 2823/2823/2823 2728/2728/2728 
f 2823/2823/2823 2824/2824/2824 2728/2728/2728 
f 2728/2728/2728 2824/2824/2824 2729/2729/2729 
f 2824/2824/2824 2825/2825/2825 2729/2729/2729 
f 2729/2729/2729 2825/2825/2825 2730/2730/2730 
f 2825/2825/2825 2826/2826/2826 2730/2730/2730 
f 2730/2730/2730 2826/2826/2826 2731/2731/2731 
f 2826/2826/2826 2827/2827/2827 2731/2731/2731 
f 2731/2731/2731 2827/2827/2827 2732/2732/2732 
f 2827/2827/2827 2828/2828/2828 2732/2732/2732 
f 2732/2732/2732 2828/2828/2828 2733/2733/2733 
f 2828/2828/2828 2829/2829/2829 2733/2733/2733 
f 2733/2733/2733 2829/2829/2829 2734/2734/2734 
f 2829/2829/2829 2830/2830/2830 2734/2734/2734 
f 2734/2734/2734 2830/2830/2830 2735/2735/2735 
f 2830/2830/2830 2831/2831/2831 2735/2735/2735 
f 2735/2735/2735 2831/2831/2831 2736/2736/2736 
f 2831/2831/2831 2832/2832/2832 2736/2736/2736 
f 2736/2736/2736 2832/2832/2832 2737/2737/2737 
f 2832/2832/2832 2833/2833/2833 2737/2737/2737 
f 2737/2737/2737 2833/2833/2833 2738/2738/2738 
f 2833/2833/2833 2834/2834/2834 2738/2738/2738 
f 2738/2738/2738 2834/2834/2834 2739/2739/2739 
f 2834/2834/2834 2835/2835/2835 2739/2739/2739 
f 2739/2739/2739 2835/2835/2835 2740/2740/2740 
f 2835/2835/2835 2836/2836/2836 2740/2740/2740 
f 2740/2740/2740 2836/2836/2836 2741/2741/2741 
f 2836/2836/2836 2837/2837/2837 2741/2741/2741 
f 2741/2741/2741 2837/2837/2837 2742/2742/2742 
f 2837/2837/2837 2838/2838/2838 2742/2742/2742 
f 2742/2742/2742 2838/2838/2838 2743/2743/2743 
f 2838/2838/2838 2839/2839/2839 2743/2743/2743 
f 2743/2743/2743 2839/2839/2839 2744/2744/2744 
f 2839/2839/2839 2840/2840/2840 2744/2744/2744 
f 2744/2744/2744 2840/2840/2840 2745/2745/2745 
f 2840/2840/2840 2841/2841/2841 2745/2745/2745 
f 2745/2745/2745 2841/2841/2841 2746/2746/2746 
f 2841/2841/2841 2842/2842/2842 2746/2746/2746 
f 2746/2746/2746 2842/2842/2842 2747/2747/2747 
f 2842/2842/2842 2843/2843/2843 2747/2747/2747 
f 2747/2747/2747 2843/2843/2843 2748/2748/2748 
f 2843/2843/2843 2844/2844/2844 2748/2748/2748 
f 2748/2748/2748 2844/2844/2844 2749/2749/2749 
f 2844/2844/2844 2845/2845/2845 2749/2749/2749 
f 2749/2749/2749 2845/2845/2845 2750/2750/2750 
f 2845/2845/2845 2846/2846/2846 2750/2750/2750 
f 2750/2750/2750 2846/2846/2846 2751/2751/2751 
f 2846/2846/2846 2847/2847/2847 2751/2751/2751 
f 2751/2751/2751 2847/2847/2847 2752/2752/2752 
f 2847/2847/2847 2848/2848/2848 2752/2752/2752 
f 2752/2752/2752 2848/2848/2848 2753/2753/2753 
f 2848/2848/2848 2849/2849/2849 2753/2753/2753 
f 2753/2753/2753 2849/2849/2849 2754/2754/2754 
f 2849/2849/2849 2850/2850/2850 2754/2754/2754 
f 2754/2754/2754 2850/2850/2850 2755/2755/2755 
f 2850/2850/2850 2851/2851/2851 2755/2755/2755 
f 2755/2755/2755 2851/2851/2851 2756/2756/2756 
f 2851/2851/2851 2852/2852/2852 2756/2756/2756 
f 2756/2756/2756 2852/2852/2852 2757/2757/2757 
f 2852/2852/2852 2853/2853/2853 2757/2757/2757 
f 2757/2757/2757 2853/2853/2853 2757/2757/2757 
f 2853/2853/2853 2854/2854/2854 2757/2757/2757 
f 2757/2757/2757 2854/2854/2854 2758/2758/2758 
f 2854/2854/2854 2855/2855/2855 2758/2758/2758 
f 2758/2758/2758 2855/2855/2855 2759/2759/2759 
f 2855/2855/2855 2856/2856/2856 2759/2759/2759 
f 2759/2759/2759 2856/2856/2856 2760/2760/2760 
f 2856/2856/2856 2857/2857/2857 2760/2760/2760 
f 2760/2760/2760 2857/2857/2857 2761/2761/2761 
f 2857/2857/2857 2858/2858/2858 2761/2761/2761 
f 2761/2761/2761 2858/2858/2858 2762/2762/2762 
f 2858/2858/2858 2859/2859/2859 2762/2762/2762 
f 2762/2762/2762 2859/2859/2859 2763/2763/2763 
f 2859/2859/2859 2860/2860/2860 2763/2763/2763 
f 2763/2763/2763 2860/2860/2860 2764/2764/2764 
f 2860/2860/2860 2861/2861/2861 2764/2764/2764 
f 2764/2764/2764 2861/2861/2861 2765/2765/2765 
f 2861/2861/2861 2861/2861/2861 2765/2765/2765 
f 2765/2765/2765 2861/2861/2861 2766/2766/2766 
f 2861/2861/2861 2862/2862/2862 2766/2766/2766 
f 2766/2766/2766 2862/2862/2862 2767/2767/2767 
f 2862/2862/2862 2863/2863/2863 2767/2767/2767 
f 2767/2767/2767 2863/2863/2863 2768/2768/2768 
f 2863/2863/2863 2864/2864/2864 2768/2768/2768 
f 2768/2768/2768 2864/2864/2864 2769/2769/2769 
f 2864/2864/2864 2865/2865/2865 2769/2769/2769 
f 2769/2769/2769 2865/2865/2865 2770/2770/2770 
f 2865/2865/2865 2866/2866/2866 2770/2770/2770 
f 2770/2770/2770 2866/2866/2866 2771/2771/2771 
f 2866/2866/2866 2867/2867/2867 2771/2771/2771 
f 2771/2771/2771 2867/2867/2867 2772/2772/2772 
f 2867/2867/2867 2868/2868/2868 2772/2772/2772 
f 2772/2772/2772 2868/2868/2868 2773/2773/2773 
f 2868/2868/2868 2869/2869/2869 2773/2773/2773 
f 2773/2773/2773 2869/2869/2869 2773/2773/2773 
f 2869/2869/2869 2870/2870/2870 2773/2773/2773 
f 2773/2773/2773 2870/2870/2870 2774/2774/2774 
f 2870/2870/2870 2871/2871/2871 2774/2774/2774 
f 2774/2774/2774 2871/2871/2871 2775/2775/2775 
f 2871/2871/2871 2871/2871/2871 2775/2775/2775 
f 2775/2775/2775 2871/2871/2871 2776/2776/2776 
f 2871/2871/2871 2872/2872/2872 2776/2776/2776 
f 2776/2776/2776 2872/2872/2872 2777/2777/2777 
f 2872/2872/2872 2873/2873/2873 2777/2777/2777 
f 2777/2777/2777 2873/2873/2873 2778/2778/2778 
f 2873/2873/2873 2874/2874/2874 2778/2778/2778 
f 2778/2778/2778 2874/2874/2874 2779/2779/2779 
f 2874/2874/2874 2875/2875/2875 2779/2779/2779 
f 2779/2779/2779 2875/2875/2875 2780/2780/2780 
f 2875/2875/2875 2876/2876/2876 2780/2780/2780 
f 2780/2780/2780 2876/2876/2876 2781/2781/2781 
f 2876/2876/2876 2877/2877/2877 2781/2781/2781 
f 2781/2781/2781 2877/2877/2877 2782/2782/2782 
f 2877/2877/2877 2878/2878/2878 2782/2782/2782 
f 2782/2782/2782 2878/2878/2878 2783/2783/2783 
f 2878/2878/2878 2879/2879/2879 2783/2783/2783 
f 2783/2783/2783 2879/2879/2879 2784/2784/2784 
f 2879/2879/2879 2880/2880/2880 2784/2784/2784 
f 2784/2784/2784 2880/2880/2880 2785/2785/2785 
f 2880/2880/2880 2881/2881/2881 2785/2785/2785 
f 2785/2785/2785 2881/2881/2881 2785/2785/2785 
f 2881/2881/2881 2882/2882/2882 2785/2785/2785 
f 2785/2785/2785 2882/2882/2882 2786/2786/2786 
f 2882/2882/2882 2882/2882/2882 2786/2786/2786 
f 2786/2786/2786 2882/2882/2882 2787/2787/2787 
f 2882/2882/2882 2883/2883/2883 2787/2787/2787 
f 2787/2787/2787 2883/2883/2883 2788/2788/2788 
f 2883/2883/2883 2884/2884/2884 2788/2788/2788 
f 2788/2788/2788 2884/2884/2884 2789/2789/2789 
f 2884/2884/2884 2885/2885/2885 2789/2789/2789 
f 2789/2789/2789 2885/2885/2885 2790/2790/2790 
f 2885/2885/2885 2886/2886/2886 2790/2790/2790 
f 2790/2790/2790 2886/2886/2886 2791/2791/2791 
f 2886/2886/2886 2887/2887/2887 2791/2791/2791 
f 2791/2791/2791 2887/2887/2887 2792/2792/2792 
f 2887/2887/2887 2888/2888/2888 2792/2792/2792 
f 2792/2792/2792 2888/2888/2888 2793/2793/2793 
f 2888/2888/2888 2889/2889/2889 2793/2793/2793 
f 2793/2793/2793 2889/2889/2889 2794/2794/2794 
f 2889/2889/2889 2890/2890/2890 2794/2794/2794 
f 2794/2794/2794 2890/2890/2890 2795/2795/2795 
f 2890/2890/2890 2891/2891/2891 2795/2795/2795 
f 2795/2795/2795 2891/2891/2891 2796/2796/2796 
f 2891/2891/2891 2892/2892/2892 2796/2796/2796 
f 2796/2796/2796 2892/2892/2892 2797/2797/2797 
f 2892/2892/2892 2893/2893/2893 2797/2797/2797 
f 2797/2797/2797 2893/2893/2893 2798/2798/2798 
f 2893/2893/2893 2894/2894/2894 2798/2798/2798 
f 2798/2798/2798 2894/2894/2894 2799/2799/2799 
f 2894/2894/2894 2895/2895/2895 2799/2799/2799 
f 2799/2799/2799 2895/2895/2895 2800/2800/2800 
f 2895/2895/2895 2896/2896/2896 2800/2800/2800 
f 2800/2800/2800 2896/2896/2896 2801/2801/2801 
f 2896/2896/2896 2897/2897/2897 2801/2801/2801 
f 2801/2801/2801 2897/2897/2897 2802/2802/2802 
f 2897/2897/2897 2898/2898/2898 2802/2802/2802 
f 2802/2802/2802 2898/2898/2898 2803/2803/2803 
f 2898/2898/2898 2899/2899/2899 2803/2803/2803 
f 2803/2803/2803 2899/2899/2899 2804/2804/2804 
f 2899/2899/2899 2900/2900/2900 2804/2804/2804 
f 2804/2804/2804 2900/2900/2900 2805/2805/2805 
f 2900/2900/2900 2901/2901/2901 2805/2805/2805 
f 2805/2805/2805 2901/2901/2901 2805/2805/2805 
f 2901/2901/2901 2902/2902/2902 2805/2805/2805 
f 2805/2805/2805 2902/2902/2902 2806/2806/2806 
f 2902/2902/2902 2903/2903/2903 2806/2806/2806 
f 2806/2806/2806 2903/2903/2903 2807/2807/2807 
f 2903/2903/2903 2904/2904/2904 2807/2807/2807 
f 2807/2807/2807 2904/2904/2904 2808/2808/2808 
f 2904/2904/2904 2905/2905/2905 2808/2808/2808 
f 2808/2808/2808 2905/2905/2905 2809/2809/2809 
f 2905/2905/2905 2906/2906/2906 2809/2809/2809 
f 2809/2809/2809 2906/2906/2906 2810/2810/2810 
f 2906/2906/2906 2907/2907/2907 2810/2810/2810 
f 2810/2810/2810 2907/2907/2907 2811/2811/2811 
f 2907/2907/2907 2908/2908/2908 2811/2811/2811 
f 2811/2811/2811 2908/2908/2908 2812/2812/2812 
f 2908/2908/2908 2909/2909/2909 2812/2812/2812 
f 2812/2812/2812 2909/2909/2909 2813/2813/2813 
f 2909/2909/2909 2909/2909/2909 2813/2813/2813 
f 2813/2813/2813 2909/2909/2909 2814/2814/2814 
f 2909/2909/2909 2910/2910/2910 2814/2814/2814 
f 2814/2814/2814 2910/2910/2910 2815/2815/2815 
f 2910/2910/2910 2911/2911/2911 2815/2815/2815 
f 2815/2815/2815 2911/2911/2911 2816/2816/2816 
f 2911/2911/2911 2912/2912/2912 2816/2816/2816 
f 2816/2816/2816 2912/2912/2912 2817/2817/2817 
f 2912/2912/2912 2913/2913/2913 2817/2817/2817 
f 2817/2817/2817 2913/2913/2913 2818/2818/2818 
f 2913/2913/2913 2914/2914/2914 2818/2818/2818 
f 2818/2818/2818 2914/2914/2914 2819/2819/2819 
f 2914/2914/2914 2915/2915/2915 2819/2819/2819 
f 2819/2819/2819 2915/2915/2915 2820/2820/2820 
f 2915/2915/2915 2916/2916/2916 2820/2820/2820 
f 2820/2820/2820 2916/2916/2916 2821/2821/2821 
f 2916/2916/2916 2917/2917/2917 2821/2821/2821 
f 2821/2821/2821 2917/2917/2917 2822/2822/2822 
f 2917/2917/2917 2918/2918/2918 2822/2822/2822 
f 2822/2822/2822 2918/2918/2918 2823/2823/2823 
f 2918/2918/2918 2919/2919/2919 2823/2823/2823 
f 2823/2823/2823 2919/2919/2919 2824/2824/2824 
f 2919/2919/2919 2920/2920/2920 2824/2824/2824 
f 2824/2824/2824 2920/2920/2920 2825/2825/2825 
f 2920/2920/2920 2921/2921/2921 2825/2825/2825 
f 2825/2825/2825 2921/2921/2921 2826/2826/2826 
f 2921/2921/2921 2922/2922/2922 2826/2826/2826 
f 2826/2826/2826 2922/2922/2922 2827/2827/2827 
f 2922/2922/2922 2923/2923/2923 2827/2827/2827 
f 2827/2827/2827 2923/2923/2923 2828/2828/2828 
f 2923/2923/2923 2924/2924/2924 2828/2828/2828 
f 2828/2828/2828 2924/2924/2924 2829/2829/2829 
f 2924/2924/2924 2925/2925/2925 2829/2829/2829 
f 2829/2829/2829 2925/2925/2925 2830/2830/2830 
f 2925/2925/2925 2926/2926/2926 2830/2830/2830 
f 2830/2830/2830 2926/2926/2926 2831/2831/2831 
f 2926/2926/2926 2927/2927/2927 2831/2831/2831 
f 2831/2831/2831 2927/2927/2927 2832/2832/2832 
f 2927/2927/2927 2928/2928/2928 2832/2832/2832 
f 2832/2832/2832 2928/2928/2928 2833/2833/2833 
f 2928/2928/2928 2929/2929/2929 2833/2833/2833 
f 2833/2833/2833 2929/2929/2929 2834/2834/2834 
f 2929/2929/2929 2930/2930/2930 2834/2834/2834 
f 2834/2834/2834 2930/2930/2930 2835/2835/2835 
f 2930/2930/2930 2931/2931/2931 2835/2835/2835 
f 2835/2835/2835 2931/2931/2931 2836/2836/2836 
f 2931/2931/2931 2932/2932/2932 2836/2836/2836 
f 2836/2836/2836 2932/2932/2932 2837/2837/2837 
f 2932/2932/2932 2933/2933/2933 2837/2837/2837 
f 2837/2837/2837 2933/2933/2933 2838/2838/2838 
f 2933/2933/2933 2934/2934/2934 2838/2838/2838 
f 2838/2838/2838 2934/2934/2934 2839/2839/2839 
f 2934/2934/2934 2935/2935/2935 2839/2839/2839 
f 2839/2839/2839 2935/2935/2935 2840/2840/2840 
f 2935/2935/2935 2936/2936/2936 2840/2840/2840 
f 2840/2840/2840 2936/2936/2936 2841/2841/2841 
f 2936/2936/2936 2937/2937/2937 2841/2841/2841 
f 2841/2841/2841 2937/2937/2937 2842/2842/2842 
f 2937/2937/2937 2938/2938/2938 2842/2842/2842 
f 2842/2842/2842 2938/2938/2938 2843/2843/2843 
f 2938/2938/2938 2939/2939/2939 2843/2843/2843 
f 2843/2843/2843 2939/2939/2939 2844/2844/2844 
f 2939/2939/2939 2940/2940/2940 2844/2844/2844 
f 2844/2844/2844 2940/2940/2940 2845/2845/2845 
f 2940/2940/2940 2941/2941/2941 2845/2845/2845 
f 2845/2845/2845 2941/2941/2941 2846/2846/2846 
f 2941/2941/2941 2942/2942/2942 2846/2846/2846 
f 2846/2846/2846 2942/2942/2942 2847/2847/2847 
f 2942/2942/2942 2943/2943/2943 2847/2847/2847 
f 2847/2847/2847 2943/2943/2943 2848/2848/2848 
f 2943/2943/2943 2944/2944/2944 2848/2848/2848 
f 2848/2848/2848 2944/2944/2944 2849/2849/2849 
f 2944/2944/2944 2945/2945/2945 2849/2849/2849 
f 2849/2849/2849 2945/2945/2945 2850/2850/2850 
f 2945/2945/2945 2946/2946/2946 2850/2850/2850 
f 2850/2850/2850 2946/2946/2946 2851/2851/2851 
f 2946/2946/2946 2947/2947/2947 2851/2851/2851 
f 2851/2851/2851 2947/2947/2947 2852/2852/2852 
f 2947/2947/2947 2948/2948/2948 2852/2852/2852 
f 2852/2852/2852 2948/2948/2948 2853/2853/2853 
f 2948/2948/2948 2949/2949/2949 2853/2853/2853 
f 2853/2853/2853 2949/2949/2949 2853/2853/2853 
f 2949/2949/2949 2950/2950/2950 2853/2853/2853 
f 2853/2853/2853 2950/2950/2950 2854/2854/2854 
f 2950/2950/2950 2951/2951/2951 2854/2854/2854 
f 2854/2854/2854 2951/2951/2951 2855/2855/2855 
f 2951/2951/2951 2952/2952/2952 2855/2855/2855 
f 2855/2855/2855 2952/2952/2952 2856/2856/2856 
f 2952/2952/2952 2953/2953/2953 2856/2856/2856 
f 2856/2856/2856 2953/2953/2953 2857/2857/2857 
f 2953/2953/2953 2954/2954/2954 2857/2857/2857 
f 2857/2857/2857 2954/2954/2954 2858/2858/2858 
f 2954/2954/2954 2955/2955/2955 2858/2858/2858 
f 2858/2858/2858 2955/2955/2955 2859/2859/2859 
f 2955/2955/2955 2956/2956/2956 2859/2859/2859 
f 2859/2859/2859 2956/2956/2956 2860/2860/2860 
f 2956/2956/2956 2957/2957/2957 2860/2860/2860 
f 2860/2860/2860 2957/2957/2957 2861/2861/2861 
f 2957/2957/2957 2957/2957/2957 2861/2861/2861 
f 2861/2861/2861 2957/2957/2957 2862/2862/2862 
f 2957/2957/2957 2958/2958/2958 2862/2862/2862 
f 2862/2862/2862 2958/2958/2958 2863/2863/2863 
f 2958/2958/2958 2959/2959/2959 2863/2863/2863 
f 2863/2863/2863 2959/2959/2959 2864/2864/2864 
f 2959/2959/2959 2960/2960/2960 2864/2864/2864 
f 2864/2864/2864 2960/2960/2960 2865/2865/2865 
f 2960/2960/2960 2961/2961/2961 2865/2865/2865 
f 2865/2865/2865 2961/2961/2961 2866/2866/2866 
f 2961/2961/2961 2962/2962/2962 2866/2866/2866 
f 2866/2866/2866 2962/2962/2962 2867/2867/2867 
f 2962/2962/2962 2963/2963/2963 2867/2867/2867 
f 2867/2867/2867 2963/2963/2963 2868/2868/2868 
f 2963/2963/2963 2964/2964/2964 2868/2868/2868 
f 2868/2868/2868 2964/2964/2964 2869/2869/2869 
f 2964/2964/2964 2965/2965/2965 2869/2869/2869 
f 2869/2869/2869 2965/2965/2965 2869/2869/2869 
f 2965/2965/2965 2966/2966/2966 2869/2869/2869 
f 2869/2869/2869 2966/2966/2966 2870/2870/2870 
f 2966/2966/2966 2967/2967/2967 2870/2870/2870 
f 2870/2870/2870 2967/2967/2967 2871/2871/2871 
f 2967/2967/2967 2967/2967/2967 2871/2871/2871 
f 2871/2871/2871 2967/2967/2967 2872/2872/2872 
f 2967/2967/2967 2968/2968/2968 2872/2872/2872 
f 2872/2872/2872 2968/2968/2968 2873/2873/2873 
f 2968/2968/2968 2969/2969/2969 2873/2873/2873 
f 2873/2873/2873 2969/2969/2969 2874/2874/2874 
f 2969/2969/2969 2970/2970/2970 2874/2874/2874 
f 2874/2874/2874 2970/2970/2970 2875/2875/2875 
f 2970/2970/2970 2971/2971/2971 2875/2875/2875 
f 2875/2875/2875 2971/2971/2971 2876/2876/2876 
f 2971/2971/2971 2972/2972/2972 2876/2876/2876 
f 2876/2876/2876 2972/2972/2972 2877/2877/2877 
f 2972/2972/2972 2973/2973/2973 2877/2877/2877 
f 2877/2877/2877 2973/2973/2973 2878/2878/2878 
f 2973/2973/2973 2974/2974/2974 2878/2878/2878 
f 2878/2878/2878 2974/2974/2974 2879/2879/2879 
f 2974/2974/2974 2975/2975/2975 2879/2879/2879 
f 2879/2879/2879 2975/2975/2975 2880/2880/2880 
f 2975/2975/2975 2976/2976/2976 2880/2880/2880 
f 2880/2880/2880 2976/2976/2976 2881/2881/2881 
f 2976/2976/2976 2977/2977/2977 2881/2881/2881 
f 2881/2881/2881 2977/2977/2977 2881/2881/2881 
f 2977/2977/2977 2978/2978/2978 2881/2881/2881 
f 2881/2881/2881 2978/2978/2978 2882/2882/2882 
f 2978/2978/2978 2978/2978/2978 2882/2882/2882 
f 2882/2882/2882 2978/2978/2978 2883/2883/2883 
f 2978/2978/2978 2979/2979/2979 2883/2883/2883 
f 2883/2883/2883 2979/2979/2979 2884/2884/2884 
f 2979/2979/2979 2980/2980/2980 2884/2884/2884 
f 2884/2884/2884 2980/2980/2980 2885/2885/2885 
f 2980/2980/2980 2981/2981/2981 2885/2885/2885 
f 2885/2885/2885 2981/2981/2981 2886/2886/2886 
f 2981/2981/2981 2982/2982/2982 2886/2886/2886 
f 2886/2886/2886 2982/2982/2982 2887/2887/2887 
f 2982/2982/2982 2983/2983/2983 2887/2887/2887 
f 2887/2887/2887 2983/2983/2983 2888/2888/2888 
f 2983/2983/2983 2984/2984/2984 2888/2888/2888 
f 2888/2888/2888 2984/2984/2984 2889/2889/2889 
f 2984/2984/2984 2985/2985/2985 2889/2889/2889 
f 2889/2889/2889 2985/2985/2985 2890/2890/2890 
f 2985/2985/2985 2986/2986/2986 2890/2890/2890 
f 2890/2890/2890 2986/2986/2986 2891/2891/2891 
f 2986/2986/2986 2987/2987/2987 2891/2891/2891 
f 2891/2891/2891 2987/2987/2987 2892/2892/2892 
f 2987/2987/2987 2988/2988/2988 2892/2892/2892 
f 2892/2892/2892 2988/2988/2988 2893/2893/2893 
f 2988/2988/2988 2989/2989/2989 2893/2893/2893 
f 2893/2893/2893 2989/2989/2989 2894/2894/2894 
f 2989/2989/2989 2990/2990/2990 2894/2894/2894 
f 2894/2894/2894 2990/2990/2990 2895/2895/2895 
f 2990/2990/2990 2991/2991/2991 2895/2895/2895 
f 2895/2895/2895 2991/2991/2991 2896/2896/2896 
f 2991/2991/2991 2992/2992/2992 2896/2896/2896 
f 2896/2896/2896 2992/2992/2992 2897/2897/2897 
f 2992/2992/2992 2993/2993/2993 2897/2897/2897 
f 2897/2897/2897 2993/2993/2993 2898/2898/2898 
f 2993/2993/2993 2994/2994/2994 2898/2898/2898 
f 2898/2898/2898 2994/2994/2994 2899/2899/2899 
f 2994/2994/2994 2995/2995/2995 2899/2899/2899 
f 2899/2899/2899 2995/2995/2995 2900/2900/2900 
f 2995/2995/2995 2996/2996/2996 2900/2900/2900 
f 2900/2900/2900 2996/2996/2996 2901/2901/2901 
f 2996/2996/2996 2997/2997/2997 2901/2901/2901 
f 2901/2901/2901 2997/2997/2997 2901/2901/2901 
f 2997/2997/2997 2998/2998/2998 2901/2901/2901 
f 2901/2901/2901 2998/2998/2998 2902/2902/2902 
f 2998/2998/2998 2999/2999/2999 2902/2902/2902 
f 2902/2902/2902 2999/2999/2999 2903/2903/2903 
f 2999/2999/2999 3000/3000/3000 2903/2903/2903 
f 2903/2903/2903 3000/3000/3000 2904/2904/2904 
f 3000/3000/3000 3001/3001/3001 2904/2904/2904 
f 2904/2904/2904 3001/3001/3001 2905/2905/2905 
f 3001/3001/3001 3002/3002/3002 2905/2905/2905 
f 2905/2905/2905 3002/3002/3002 2906/2906/2906 
f 3002/3002/3002 3003/3003/3003 2906/2906/2906 
f 2906/2906/2906 3003/3003/3003 2907/2907/2907 
f 3003/3003/3003 3004/3004/3004 2907/2907/2907 
f 2907/2907/2907 3004/3004/3004 2908/2908/2908 
f 3004/3004/3004 3005/3005/3005 2908/2908/2908 
f 2908/2908/2908 3005/3005/3005 2909/2909/2909 
f 3005/3005/3005 3005/3005/3005 2909/2909/2909 
f 2909/2909/2909 3005/3005/3005 2910/2910/2910 
f 3005/3005/3005 3006/3006/3006 2910/2910/2910 
f 2910/2910/2910 3006/3006/3006 2911/2911/2911 
f 3006/3006/3006 3007/3007/3007 2911/2911/2911 
f 2911/2911/2911 3007/3007/3007 2912/2912/2912 
f 3007/3007/3007 3008/3008/3008 2912/2912/2912 
f 2912/2912/2912 3008/3008/3008 2913/2913/2913 
f 3008/3008/3008 3009/3009/3009 2913/2913/2913 
f 2913/2913/2913 3009/3009/3009 2914/2914/2914 
f 3009/3009/3009 3010/3010/3010 2914/2914/2914 
f 2914/2914/2914 3010/3010/3010 2915/2915/2915 
f 3010/3010/3010 3011/3011/3011 2915/2915/2915 
f 2915/2915/2915 3011/3011/3011 2916/2916/2916 
f 3011/3011/3011 3012/3012/3012 2916/2916/2916 
f 2916/2916/2916 3012/3012/3012 2917/2917/2917 
f 3012/3012/3012 3013/3013/3013 2917/2917/2917 
f 2917/2917/2917 3013/3013/3013 2918/2918/2918 
f 3013/3013/3013 3014/3014/3014 2918/2918/2918 
f 2918/2918/2918 3014/3014/3014 2919/2919/2919 
f 3014/3014/3014 3015/3015/3015 2919/2919/2919 
f 2919/2919/2919 3015/3015/3015 2920/2920/2920 
f 3015/3015/3015 3016/3016/3016 2920/2920/2920 
f 2920/2920/2920 3016/3016/3016 2921/2921/2921 
f 3016/3016/3016 3017/3017/3017 2921/2921/2921 
f 2921/2921/2921 3017/3017/3017 2922/2922/2922 
f 3017/3017/3017 3018/3018/3018 2922/2922/2922 
f 2922/2922/2922 3018/3018/3018 2923/2923/2923 
f 3018/3018/3018 3019/3019/3019 2923/2923/2923 
f 2923/2923/2923 3019/3019/3019 2924/2924/2924 
f 3019/3019/3019 3020/3020/3020 2924/2924/2924 
f 2924/2924/2924 3020/3020/3020 2925/2925/2925 
f 3020/3020/3020 3021/3021/3021 2925/2925/2925 
f 2925/2925/2925 3021/3021/3021 2926/2926/2926 
f 3021/3021/3021 3022/3022/3022 2926/2926/2926 
f 2926/2926/2926 3022/3022/3022 2927/2927/2927 
f 3022/3022/3022 3023/3023/3023 2927/2927/2927 
f 2927/2927/2927 3023/3023/3023 2928/2928/2928 
f 3023/3023/3023 3024/3024/3024 2928/2928/2928 
f 2928/2928/2928 3024/3024/3024 2929/2929/2929 
f 3024/3024/3024 3025/3025/3025 2929/2929/2929 
f 2929/2929/2929 3025/3025/3025 2930/2930/2930 
f 3025/3025/3025 3026/3026/3026 2930/2930/2930 
f 2930/2930/2930 3026/3026/3026 2931/2931/2931 
f 3026/3026/3026 3027/3027/3027 2931/2931/2931 
f 2931/2931/2931 3027/3027/3027 2932/2932/2932 
f 3027/3027/3027 3028/3028/3028 2932/2932/2932 
f 2932/2932/2932 3028/3028/3028 2933/2933/2933 
f 3028/3028/3028 3029/3029/3029 2933/2933/2933 
f 2933/2933/2933 3029/3029/3029 2934/2934/2934 
f 3029/3029/3029 3030/3030/3030 2934/2934/2934 
f 2934/2934/2934 3030/3030/3030 2935/2935/2935 
f 3030/3030/3030 3031/3031/3031 2935/2935/2935 
f 2935/2935/2935 3031/3031/3031 2936/2936/2936 
f 3031/3031/3031 3032/3032/3032 2936/2936/2936 
f 2936/2936/2936 3032/3032/3032 2937/2937/2937 
f 3032/3032/3032 3033/3033/3033 2937/2937/2937 
f 2937/2937/2937 3033/3033/3033 2938/2938/2938 
f 3033/3033/3033 3034/3034/3034 2938/2938/2938 
f 2938/2938/2938 3034/3034/3034 2939/2939/2939 
f 3034/3034/3034 3035/3035/3035 2939/2939/2939 
f 2939/2939/2939 3035/3035/3035 2940/2940/2940 
f 3035/3035/3035 3036/3036/3036 2940/2940/2940 
f 2940/2940/2940 3036/3036/3036 2941/2941/2941 
f 3036/3036/3036 3037/3037/3037 2941/2941/2941 
f 2941/2941/2941 3037/3037/3037 2942/2942/2942 
f 3037/3037/3037 3038/3038/3038 2942/2942/2942 
f 2942/2942/2942 3038/3038/3038 2943/2943/2943 
f 3038/3038/3038 3039/3039/3039 2943/2943/2943 
f 2943/2943/2943 3039/3039/3039 2944/2944/2944 
f 3039/3039/3039 3040/3040/3040 2944/2944/2944 
f 2944/2944/2944 3040/3040/3040 2945/2945/2945 
f 3040/3040/3040 3041/3041/3041 2945/2945/2945 
f 2945/2945/2945 3041/3041/3041 2946/2946/2946 
f 3041/3041/3041 3042/3042/3042 2946/2946/2946 
f 2946/2946/2946 3042/3042/3042 2947/2947/2947 
f 3042/3042/3042 3043/3043/3043 2947/2947/2947 
f 2947/2947/2947 3043/3043/3043 2948/2948/2948 
f 3043/3043/3043 3044/3044/3044 2948/2948/2948 
f 2948/2948/2948 3044/3044/3044 2949/2949/2949 
f 3044/3044/3044 3045/3045/3045 2949/2949/2949 
f 2949/2949/2949 3045/3045/3045 2949/2949/2949 
f 3045/3045/3045 3046/3046/3046 2949/2949/2949 
f 2949/2949/2949 3046/3046/3046 2950/2950/2950 
f 3046/3046/3046 3047/3047/3047 2950/2950/2950 
f 2950/2950/2950 3047/3047/3047 2951/2951/2951 
f 3047/3047/3047 3048/3048/3048 2951/2951/2951 
f 2951/2951/2951 3048/3048/3048 2952/2952/2952 
f 3048/3048/3048 3049/3049/3049 2952/2952/2952 
f 2952/2952/2952 3049/3049/3049 2953/2953/2953 
f 3049/3049/3049 3050/3050/3050 2953/2953/2953 
f 2953/2953/2953 3050/3050/3050 2954/2954/2954 
f 3050/3050/3050 3051/3051/3051 2954/2954/2954 
f 2954/2954/2954 3051/3051/3051 2955/2955/2955 
f 3051/3051/3051 3052/3052/3052 2955/2955/2955 
f 2955/2955/2955 3052/3052/3052 2956/2956/2956 
f 3052/3052/3052 3053/3053/3053 2956/2956/2956 
f 2956/2956/2956 3053/3053/3053 2957/2957/2957 
f 3053/3053/3053 3053/3053/3053 2957/2957/2957 
f 2957/2957/2957 3053/3053/3053 2958/2958/2958 
f 3053/3053/3053 3054/3054/3054 2958/2958/2958 
f 2958/2958/2958 3054/3054/3054 2959/2959/2959 
f 3054/3054/3054 3055/3055/3055 2959/2959/2959 
f 2959/2959/2959 3055/3055/3055 2960/2960/2960 
f 3055/3055/3055 3056/3056/3056 2960/2960/2960 
f 2960/2960/2960 3056/3056/3056 2961/2961/2961 
f 3056/3056/3056 3057/3057/3057 2961/2961/2961 
f 2961/2961/2961 3057/3057/3057 2962/2962/2962 
f 3057/3057/3057 3058/3058/3058 2962/2962/2962 
f 2962/2962/2962 3058/3058/3058 2963/2963/2963 
f 3058/3058/3058 3059/3059/3059 2963/2963/2963 
f 2963/2963/2963 3059/3059/3059 2964/2964/2964 
f 3059/3059/3059 3060/3060/3060 2964/2964/2964 
f 2964/2964/2964 3060/3060/3060 2965/2965/2965 
f 3060/3060/3060 3061/3061/3061 2965/2965/2965 
f 2965/2965/2965 3061/3061/3061 2965/2965/2965 
f 3061/3061/3061 3062/3062/3062 2965/2965/2965 
f 2965/2965/2965 3062/3062/3062 2966/2966/2966 
f 3062/3062/3062 3063/3063/3063 2966/2966/2966 
f 2966/2966/2966 3063/3063/3063 2967/2967/2967 
f 3063/3063/3063 3063/3063/3063 2967/2967/2967 
f 2967/2967/2967 3063/3063/3063 2968/2968/2968 
f 3063/3063/3063 3064/3064/3064 2968/2968/2968 
f 2968/2968/2968 3064/3064/3064 2969/2969/2969 
f 3064/3064/3064 2969/2969/2969 2969/2969/2969 
f 2969/2969/2969 2969/2969/2969 3064/3064/3064 
f 2969/2969/2969 3064/3064/3064 3064/3064/3064 
f 3064/3064/3064 3064/3064/3064 3065/3065/3065 
f 3064/3064/3064 3063/3063/3063 3065/3065/3065 
f 3065/3065/3065 3063/3063/3063 3065/3065/3065 
f 3063/3063/3063 3062/3062/3062 3065/3065/3065 
f 3065/3065/3065 3062/3062/3062 3066/3066/3066 
f 3062/3062/3062 3061/3061/3061 3066/3066/3066 
f 3066/3066/3066 3061/3061/3061 3067/3067/3067 
f 3061/3061/3061 3061/3061/3061 3067/3067/3067 
f 3067/3067/3067 3061/3061/3061 3068/3068/3068 
f 3061/3061/3061 3060/3060/3060 3068/3068/3068 
f 3068/3068/3068 3060/3060/3060 3069/3069/3069 
f 3060/3060/3060 3059/3059/3059 3069/3069/3069 
f 3069/3069/3069 3059/3059/3059 3070/3070/3070 
f 3059/3059/3059 3058/3058/3058 3070/3070/3070 
f 3070/3070/3070 3058/3058/3058 3071/3071/3071 
f 3058/3058/3058 3057/3057/3057 3071/3071/3071 
f 3071/3071/3071 3057/3057/3057 3072/3072/3072 
f 3057/3057/3057 3056/3056/3056 3072/3072/3072 
f 3072/3072/3072 3056/3056/3056 3073/3073/3073 
f 3056/3056/3056 3055/3055/3055 3073/3073/3073 
f 3073/3073/3073 3055/3055/3055 3074/3074/3074 
f 3055/3055/3055 3054/3054/3054 3074/3074/3074 
f 3074/3074/3074 3054/3054/3054 3075/3075/3075 
f 3054/3054/3054 3053/3053/3053 3075/3075/3075 
f 3075/3075/3075 3053/3053/3053 3075/3075/3075 
f 3053/3053/3053 3052/3052/3052 3075/3075/3075 
f 3075/3075/3075 3052/3052/3052 3076/3076/3076 
f 3052/3052/3052 3051/3051/3051 3076/3076/3076 
f 3076/3076/3076 3051/3051/3051 3077/3077/3077 
f 3051/3051/3051 3050/3050/3050 3077/3077/3077 
f 3077/3077/3077 3050/3050/3050 3078/3078/3078 
f 3050/3050/3050 3049/3049/3049 3078/3078/3078 
f 3078/3078/3078 3049/3049/3049 3079/3079/3079 
f 3049/3049/3049 3048/3048/3048 3079/3079/3079 
f 3079/3079/3079 3048/3048/3048 3080/3080/3080 
f 3048/3048/3048 3047/3047/3047 3080/3080/3080 
f 3080/3080/3080 3047/3047/3047 3081/3081/3081 
f 3047/3047/3047 3046/3046/3046 3081/3081/3081 
f 3081/3081/3081 3046/3046/3046 3082/3082/3082 
f 3046/3046/3046 3045/3045/3045 3082/3082/3082 
f 3082/3082/3082 3045/3045/3045 3083/3083/3083 
f 3045/3045/3045 3045/3045/3045 3083/3083/3083 
f 3083/3083/3083 3045/3045/3045 3084/3084/3084 
f 3045/3045/3045 3044/3044/3044 3084/3084/3084 
f 3084/3084/3084 3044/3044/3044 3085/3085/3085 
f 3044/3044/3044 3043/3043/3043 3085/3085/3085 
f 3085/3085/3085 3043/3043/3043 3086/3086/3086 
f 3043/3043/3043 3042/3042/3042 3086/3086/3086 
f 3086/3086/3086 3042/3042/3042 3087/3087/3087 
f 3042/3042/3042 3041/3041/3041 3087/3087/3087 
f 3087/3087/3087 3041/3041/3041 3088/3088/3088 
f 3041/3041/3041 3040/3040/3040 3088/3088/3088 
f 3088/3088/3088 3040/3040/3040 3040/3040/3040 
f 3040/3040/3040 3088/3088/3088 3040/3040/3040 
f 3040/3040/3040 3088/3088/3088 3088/3088/3088 
f 3088/3088/3088 3089/3089/3089 3088/3088/3088 
f 3088/3088/3088 3089/3089/3089 3087/3087/3087 
f 3089/3089/3089 3089/3089/3089 3087/3087/3087 
f 3087/3087/3087 3089/3089/3089 3086/3086/3086 
f 3089/3089/3089 3090/3090/3090 3086/3086/3086 
f 3086/3086/3086 3090/3090/3090 3085/3085/3085 
f 3090/3090/3090 3091/3091/3091 3085/3085/3085 
f 3085/3085/3085 3091/3091/3091 3084/3084/3084 
f 3091/3091/3091 3092/3092/3092 3084/3084/3084 
f 3084/3084/3084 3092/3092/3092 3083/3083/3083 
f 3092/3092/3092 3093/3093/3093 3083/3083/3083 
f 3083/3083/3083 3093/3093/3093 3082/3082/3082 
f 3093/3093/3093 3094/3094/3094 3082/3082/3082 
f 3082/3082/3082 3094/3094/3094 3081/3081/3081 
f 3094/3094/3094 3095/3095/3095 3081/3081/3081 
f 3081/3081/3081 3095/3095/3095 3080/3080/3080 
f 3095/3095/3095 3096/3096/3096 3080/3080/3080 
f 3080/3080/3080 3096/3096/3096 3079/3079/3079 
f 3096/3096/3096 3097/3097/3097 3079/3079/3079 
f 3079/3079/3079 3097/3097/3097 3078/3078/3078 
f 3097/3097/3097 3098/3098/3098 3078/3078/3078 
f 3078/3078/3078 3098/3098/3098 3077/3077/3077 
f 3098/3098/3098 3099/3099/3099 3077/3077/3077 
f 3077/3077/3077 3099/3099/3099 3076/3076/3076 
f 3099/3099/3099 3100/3100/3100 3076/3076/3076 
f 3076/3076/3076 3100/3100/3100 3075/3075/3075 
f 3100/3100/3100 3101/3101/3101 3075/3075/3075 
f 3075/3075/3075 3101/3101/3101 3074/3074/3074 
f 3101/3101/3101 3102/3102/3102 3074/3074/3074 
f 3074/3074/3074 3102/3102/3102 3073/3073/3073 
f 3102/3102/3102 3103/3103/3103 3073/3073/3073 
f 3073/3073/3073 3103/3103/3103 3072/3072/3072 
f 3103/3103/3103 3104/3104/3104 3072/3072/3072 
f 3072/3072/3072 3104/3104/3104 3071/3071/3071 
f 3104/3104/3104 3105/3105/3105 3071/3071/3071 
f 3071/3071/3071 3105/3105/3105 3070/3070/3070 
f 3105/3105/3105 3106/3106/3106 3070/3070/3070 
f 3070/3070/3070 3106/3106/3106 3069/3069/3069 
f 3106/3106/3106 3107/3107/3107 3069/3069/3069 
f 3069/3069/3069 3107/3107/3107 3068/3068/3068 
f 3107/3107/3107 3108/3108/3108 3068/3068/3068 
f 3068/3068/3068 3108/3108/3108 3067/3067/3067 
f 3108/3108/3108 3109/3109/3109 3067/3067/3067 
f 3067/3067/3067 3109/3109/3109 3066/3066/3066 
f 3109/3109/3109 3110/3110/3110 3066/3066/3066 
f 3066/3066/3066 3110/3110/3110 3065/3065/3065 
f 3110/3110/3110 3111/3111/3111 3065/3065/3065 
f 3065/3065/3065 3111/3111/3111 3064/3064/3064 
f 3111/3111/3111 3112/3112/3112 3064/3064/3064 
f 3064/3064/3064 3112/3112/3112 2969/2969/2969 
f 3112/3112/3112 3113/3113/3113 2969/2969/2969 
f 2969/2969/2969 3113/3113/3113 2970/2970/2970 
f 3113/3113/3113 3114/3114/3114 2970/2970/2970 
f 2970/2970/2970 3114/3114/3114 2971/2971/2971 
f 3114/3114/3114 3115/3115/3115 2971/2971/2971 
f 2971/2971/2971 3115/3115/3115 2972/2972/2972 
f 3115/3115/3115 3116/3116/3116 2972/2972/2972 
f 2972/2972/2972 3116/3116/3116 2973/2973/2973 
f 3116/3116/3116 3117/3117/3117 2973/2973/2973 
f 2973/2973/2973 3117/3117/3117 2974/2974/2974 
f 3117/3117/3117 3118/3118/3118 2974/2974/2974 
f 2974/2974/2974 3118/3118/3118 2975/2975/2975 
f 3118/3118/3118 3119/3119/3119 2975/2975/2975 
f 2975/2975/2975 3119/3119/3119 2976/2976/2976 
f 3119/3119/3119 3120/3120/3120 2976/2976/2976 
f 2976/2976/2976 3120/3120/3120 2977/2977/2977 
f 3120/3120/3120 3120/3120/3120 2977/2977/2977 
f 2977/2977/2977 3120/3120/3120 2978/2978/2978 
f 3120/3120/3120 3120/3120/3120 2978/2978/2978 
f 2978/2978/2978 3120/3120/3120 2979/2979/2979 
f 3120/3120/3120 3121/3121/3121 2979/2979/2979 
f 2979/2979/2979 3121/3121/3121 2980/2980/2980 
f 3121/3121/3121 3122/3122/3122 2980/2980/2980 
f 2980/2980/2980 3122/3122/3122 2981/2981/2981 
f 3122/3122/3122 3123/3123/3123 2981/2981/2981 
f 2981/2981/2981 3123/3123/3123 2982/2982/2982 
f 3123/3123/3123 3124/3124/3124 2982/2982/2982 
f 2982/2982/2982 3124/3124/3124 2983/2983/2983 
f 3124/3124/3124 3125/3125/3125 2983/2983/2983 
f 2983/2983/2983 3125/3125/3125 2984/2984/2984 
f 3125/3125/3125 3126/3126/3126 2984/2984/2984 
f 2984/2984/2984 3126/3126/3126 2985/2985/2985 
f 3126/3126/3126 3127/3127/3127 2985/2985/2985 
f 2985/2985/2985 3127/3127/3127 2986/2986/2986 
f 3127/3127/3127 3128/3128/3128 2986/2986/2986 
f 2986/2986/2986 3128/3128/3128 2987/2987/2987 
f 3128/3128/3128 3129/3129/3129 2987/2987/2987 
f 2987/2987/2987 3129/3129/3129 2988/2988/2988 
f 3129/3129/3129 3130/3130/3130 2988/2988/2988 
f 2988/2988/2988 3130/3130/3130 2989/2989/2989 
f 3130/3130/3130 3131/3131/3131 2989/2989/2989 
f 2989/2989/2989 3131/3131/3131 2990/2990/2990 
f 3131/3131/3131 3132/3132/3132 2990/2990/2990 
f 2990/2990/2990 3132/3132/3132 2991/2991/2991 
f 3132/3132/3132 3133/3133/3133 2991/2991/2991 
f 2991/2991/2991 3133/3133/3133 2992/2992/2992 
f 3133/3133/3133 3134/3134/3134 2992/2992/2992 
f 2992/2992/2992 3134/3134/3134 2993/2993/2993 
f 3134/3134/3134 3135/3135/3135 2993/2993/2993 
f 2993/2993/2993 3135/3135/3135 2994/2994/2994 
f 3135/3135/3135 3136/3136/3136 2994/2994/2994 
f 2994/2994/2994 3136/3136/3136 2995/2995/2995 
f 3136/3136/3136 3137/3137/3137 2995/2995/2995 
f 2995/2995/2995 3137/3137/3137 2996/2996/2996 
f 3137/3137/3137 3138/3138/3138 2996/2996/2996 
f 2996/2996/2996 3138/3138/3138 2997/2997/2997 
f 3138/3138/3138 3139/3139/3139 2997/2997/2997 
f 2997/2997/2997 3139/3139/3139 2997/2997/2997 
f 3139/3139/3139 3140/3140/3140 2997/2997/2997 
f 2997/2997/2997 3140/3140/3140 2998/2998/2998 
f 3140/3140/3140 3141/3141/3141 2998/2998/2998 
f 2998/2998/2998 3141/3141/3141 2999/2999/2999 
f 3141/3141/3141 3142/3142/3142 2999/2999/2999 
f 2999/2999/2999 3142/3142/3142 3000/3000/3000 
f 3142/3142/3142 3143/3143/3143 3000/3000/3000 
f 3000/3000/3000 3143/3143/3143 3001/3001/3001 
f 3143/3143/3143 3144/3144/3144 3001/3001/3001 
f 3001/3001/3001 3144/3144/3144 3002/3002/3002 
f 3144/3144/3144 3145/3145/3145 3002/3002/3002 
f 3002/3002/3002 3145/3145/3145 3003/3003/3003 
f 3145/3145/3145 3146/3146/3146 3003/3003/3003 
f 3003/3003/3003 3146/3146/3146 3004/3004/3004 
f 3146/3146/3146 3147/3147/3147 3004/3004/3004 
f 3004/3004/3004 3147/3147/3147 3005/3005/3005 
f 3147/3147/3147 3147/3147/3147 3005/3005/3005 
f 3005/3005/3005 3147/3147/3147 3006/3006/3006 
f 3147/3147/3147 3148/3148/3148 3006/3006/3006 
f 3006/3006/3006 3148/3148/3148 3007/3007/3007 
f 3148/3148/3148 3149/3149/3149 3007/3007/3007 
f 3007/3007/3007 3149/3149/3149 3008/3008/3008 
f 3149/3149/3149 3150/3150/3150 3008/3008/3008 
f 3008/3008/3008 3150/3150/3150 3009/3009/3009 
f 3150/3150/3150 3151/3151/3151 3009/3009/3009 
f 3009/3009/3009 3151/3151/3151 3010/3010/3010 
f 3151/3151/3151 3152/3152/3152 3010/3010/3010 
f 3010/3010/3010 3152/3152/3152 3011/3011/3011 
f 3152/3152/3152 3153/3153/3153 3011/3011/3011 
f 3011/3011/3011 3153/3153/3153 3012/3012/3012 
f 3153/3153/3153 3154/3154/3154 3012/3012/3012 
f 3012/3012/3012 3154/3154/3154 3013/3013/3013 
f 3154/3154/3154 3155/3155/3155 3013/3013/3013 
f 3013/3013/3013 3155/3155/3155 3014/3014/3014 
f 3155/3155/3155 3156/3156/3156 3014/3014/3014 
f 3014/3014/3014 3156/3156/3156 3015/3015/3015 
f 3156/3156/3156 3157/3157/3157 3015/3015/3015 
f 3015/3015/3015 3157/3157/3157 3016/3016/3016 
f 3157/3157/3157 3158/3158/3158 3016/3016/3016 
f 3016/3016/3016 3158/3158/3158 3017/3017/3017 
f 3158/3158/3158 3159/3159/3159 3017/3017/3017 
f 3017/3017/3017 3159/3159/3159 3018/3018/3018 
f 3159/3159/3159 3160/3160/3160 3018/3018/3018 
f 3018/3018/3018 3160/3160/3160 3019/3019/3019 
f 3160/3160/3160 3161/3161/3161 3019/3019/3019 
f 3019/3019/3019 3161/3161/3161 3020/3020/3020 
f 3161/3161/3161 3162/3162/3162 3020/3020/3020 
f 3020/3020/3020 3162/3162/3162 3021/3021/3021 
f 3162/3162/3162 3163/3163/3163 3021/3021/3021 
f 3021/3021/3021 3163/3163/3163 3022/3022/3022 
f 3163/3163/3163 3164/3164/3164 3022/3022/3022 
f 3022/3022/3022 3164/3164/3164 3023/3023/3023 
f 3164/3164/3164 3165/3165/3165 3023/3023/3023 
f 3023/3023/3023 3165/3165/3165 3024/3024/3024 
f 3165/3165/3165 3166/3166/3166 3024/3024/3024 
f 3024/3024/3024 3166/3166/3166 3025/3025/3025 
f 3166/3166/3166 3167/3167/3167 3025/3025/3025 
f 3025/3025/3025 3167/3167/3167 3026/3026/3026 
f 3167/3167/3167 3168/3168/3168 3026/3026/3026 
f 3026/3026/3026 3168/3168/3168 3027/3027/3027 
f 3168/3168/3168 3027/3027/3027 3027/3027/3027 
f 3027/3027/3027 3027/3027/3027 3120/3120/3120 
f 3027/3027/3027 3120/3120/3120 3120/3120/3120 
f 3120/3120/3120 3120/3120/3120 3121/3121/3121 
f 3120/3120/3120 3119/3119/3119 3121/3121/3121 
f 3121/3121/3121 3119/3119/3119 3169/3169/3169 
f 3119/3119/3119 3118/3118/3118 3169/3169/3169 
f 3169/3169/3169 3118/3118/3118 3118/3118/3118 
f 3118/3118/3118 3122/3122/3122 3118/3118/3118 
f 3118/3118/3118 3122/3122/3122 3122/3122/3122 
f 3122/3122/3122 3121/3121/3121 3122/3122/3122 
f 3122/3122/3122 3121/3121/3121 3169/3169/3169 
f 3121/3121/3121 3169/3169/3169 3169/3169/3169 
f 3169/3169/3169 3169/3169/3169 3167/3167/3167 
f 3169/3169/3169 3167/3167/3167 3167/3167/3167 
f 3167/3167/3167 3167/3167/3167 3168/3168/3168 
f 3167/3167/3167 3166/3166/3166 3168/3168/3168 
f 3168/3168/3168 3166/3166/3166 3170/3170/3170 
f 3166/3166/3166 3165/3165/3165 3170/3170/3170 
f 3170/3170/3170 3165/3165/3165 3171/3171/3171 
f 3165/3165/3165 3164/3164/3164 3171/3171/3171 
f 3171/3171/3171 3164/3164/3164 3172/3172/3172 
f 3164/3164/3164 3163/3163/3163 3172/3172/3172 
f 3172/3172/3172 3163/3163/3163 3173/3173/3173 
f 3163/3163/3163 3162/3162/3162 3173/3173/3173 
f 3173/3173/3173 3162/3162/3162 3174/3174/3174 
f 3162/3162/3162 3161/3161/3161 3174/3174/3174 
f 3174/3174/3174 3161/3161/3161 3175/3175/3175 
f 3161/3161/3161 3160/3160/3160 3175/3175/3175 
f 3175/3175/3175 3160/3160/3160 3176/3176/3176 
f 3160/3160/3160 3159/3159/3159 3176/3176/3176 
f 3176/3176/3176 3159/3159/3159 3177/3177/3177 
f 3159/3159/3159 3158/3158/3158 3177/3177/3177 
f 3177/3177/3177 3158/3158/3158 3178/3178/3178 
f 3158/3158/3158 3157/3157/3157 3178/3178/3178 
f 3178/3178/3178 3157/3157/3157 3179/3179/3179 
f 3157/3157/3157 3156/3156/3156 3179/3179/3179 
f 3179/3179/3179 3156/3156/3156 3180/3180/3180 
f 3156/3156/3156 3155/3155/3155 3180/3180/3180 
f 3180/3180/3180 3155/3155/3155 3181/3181/3181 
f 3155/3155/3155 3154/3154/3154 3181/3181/3181 
f 3181/3181/3181 3154/3154/3154 3182/3182/3182 
f 3154/3154/3154 3153/3153/3153 3182/3182/3182 
f 3182/3182/3182 3153/3153/3153 3183/3183/3183 
f 3153/3153/3153 3152/3152/3152 3183/3183/3183 
f 3183/3183/3183 3152/3152/3152 3184/3184/3184 
f 3152/3152/3152 3151/3151/3151 3184/3184/3184 
f 3184/3184/3184 3151/3151/3151 3185/3185/3185 
f 3151/3151/3151 3150/3150/3150 3185/3185/3185 
f 3185/3185/3185 3150/3150/3150 3186/3186/3186 
f 3150/3150/3150 3149/3149/3149 3186/3186/3186 
f 3186/3186/3186 3149/3149/3149 3187/3187/3187 
f 3149/3149/3149 3148/3148/3148 3187/3187/3187 
f 3187/3187/3187 3148/3148/3148 3188/3188/3188 
f 3148/3148/3148 3147/3147/3147 3188/3188/3188 
f 3188/3188/3188 3147/3147/3147 3189/3189/3189 
f 3147/3147/3147 3146/3146/3146 3189/3189/3189 
f 3189/3189/3189 3146/3146/3146 3190/3190/3190 
f 3146/3146/3146 3145/3145/3145 3190/3190/3190 
f 3190/3190/3190 3145/3145/3145 3191/3191/3191 
f 3145/3145/3145 3144/3144/3144 3191/3191/3191 
f 3191/3191/3191 3144/3144/3144 3192/3192/3192 
f 3144/3144/3144 3143/3143/3143 3192/3192/3192 
f 3192/3192/3192 3143/3143/3143 3193/3193/3193 
f 3143/3143/3143 3142/3142/3142 3193/3193/3193 
f 3193/3193/3193 3142/3142/3142 3194/3194/3194 
f 3142/3142/3142 3141/3141/3141 3194/3194/3194 
f 3194/3194/3194 3141/3141/3141 3195/3195/3195 
f 3141/3141/3141 3140/3140/3140 3195/3195/3195 
f 3195/3195/3195 3140/3140/3140 3196/3196/3196 
f 3140/3140/3140 3139/3139/3139 3196/3196/3196 
f 3196/3196/3196 3139/3139/3139 3197/3197/3197 
f 3139/3139/3139 3138/3138/3138 3197/3197/3197 
f 3197/3197/3197 3138/3138/3138 3198/3198/3198 
f 3138/3138/3138 3137/3137/3137 3198/3198/3198 
f 3198/3198/3198 3137/3137/3137 3199/3199/3199 
f 3137/3137/3137 3136/3136/3136 3199/3199/3199 
f 3199/3199/3199 3136/3136/3136 3200/3200/3200 
f 3136/3136/3136 3135/3135/3135 3200/3200/3200 
f 3200/3200/3200 3135/3135/3135 3200/3200/3200 
f 3135/3135/3135 3134/3134/3134 3200/3200/3200 
f 3200/3200/3200 3134/3134/3134 3201/3201/3201 
f 3134/3134/3134 3133/3133/3133 3201/3201/3201 
f 3201/3201/3201 3133/3133/3133 3202/3202/3202 
f 3133/3133/3133 3132/3132/3132 3202/3202/3202 
f 3202/3202/3202 3132/3132/3132 3203/3203/3203 
f 3132/3132/3132 3131/3131/3131 3203/3203/3203 
f 3203/3203/3203 3131/3131/3131 3204/3204/3204 
f 3131/3131/3131 3130/3130/3130 3204/3204/3204 
f 3204/3204/3204 3130/3130/3130 3205/3205/3205 
f 3130/3130/3130 3129/3129/3129 3205/3205/3205 
f 3205/3205/3205 3129/3129/3129 3206/3206/3206 
f 3129/3129/3129 3128/3128/3128 3206/3206/3206 
f 3206/3206/3206 3128/3128/3128 3207/3207/3207 
f 3128/3128/3128 3127/3127/3127 3207/3207/3207 
f 3207/3207/3207 3127/3127/3127 3208/3208/3208 
f 3127/3127/3127 3126/3126/3126 3208/3208/3208 
f 3208/3208/3208 3126/3126/3126 3209/3209/3209 
f 3126/3126/3126 3125/3125/3125 3209/3209/3209 
f 3209/3209/3209 3125/3125/3125 3210/3210/3210 
f 3125/3125/3125 3124/3124/3124 3210/3210/3210 
f 3210/3210/3210 3124/3124/3124 3211/3211/3211 
f 3124/3124/3124 3123/3123/3123 3211/3211/3211 
f 3211/3211/3211 3123/3123/3123 3212/3212/3212 
f 3123/3123/3123 3122/3122/3122 3212/3212/3212 
f 3212/3212/3212 3122/3122/3122 3212/3212/3212 
f 3122/3122/3122 3169/3169/3169 3212/3212/3212 
f 3212/3212/3212 3169/3169/3169 3213/3213/3213 
f 3169/3169/3169 3118/3118/3118 3213/3213/3213 
f 3213/3213/3213 3118/3118/3118 3213/3213/3213 
f 3118/3118/3118 3117/3117/3117 3213/3213/3213 
f 3213/3213/3213 3117/3117/3117 3214/3214/3214 
f 3117/3117/3117 3116/3116/3116 3214/3214/3214 
f 3214/3214/3214 3116/3116/3116 3116/3116/3116 
f 3116/3116/3116 3214/3214/3214 3116/3116/3116 
f 3116/3116/3116 3214/3214/3214 3214/3214/3214 
f 3214/3214/3214 3215/3215/3215 3214/3214/3214 
f 3214/3214/3214 3215/3215/3215 3213/3213/3213 
f 3215/3215/3215 3215/3215/3215 3213/3213/3213 
f 3213/3213/3213 3215/3215/3215 3212/3212/3212 
f 3215/3215/3215 3215/3215/3215 3212/3212/3212 
f 3212/3212/3212 3215/3215/3215 3211/3211/3211 
f 3215/3215/3215 3216/3216/3216 3211/3211/3211 
f 3211/3211/3211 3216/3216/3216 3210/3210/3210 
f 3216/3216/3216 3217/3217/3217 3210/3210/3210 
f 3210/3210/3210 3217/3217/3217 3209/3209/3209 
f 3217/3217/3217 3218/3218/3218 3209/3209/3209 
f 3209/3209/3209 3218/3218/3218 3208/3208/3208 
f 3218/3218/3218 3219/3219/3219 3208/3208/3208 
f 3208/3208/3208 3219/3219/3219 3207/3207/3207 
f 3219/3219/3219 3220/3220/3220 3207/3207/3207 
f 3207/3207/3207 3220/3220/3220 3206/3206/3206 
f 3220/3220/3220 3221/3221/3221 3206/3206/3206 
f 3206/3206/3206 3221/3221/3221 3205/3205/3205 
f 3221/3221/3221 3222/3222/3222 3205/3205/3205 
f 3205/3205/3205 3222/3222/3222 3204/3204/3204 
f 3222/3222/3222 3223/3223/3223 3204/3204/3204 
f 3204/3204/3204 3223/3223/3223 3203/3203/3203 
f 3223/3223/3223 3224/3224/3224 3203/3203/3203 
f 3203/3203/3203 3224/3224/3224 3202/3202/3202 
f 3224/3224/3224 3225/3225/3225 3202/3202/3202 
f 3202/3202/3202 3225/3225/3225 3201/3201/3201 
f 3225/3225/3225 3226/3226/3226 3201/3201/3201 
f 3201/3201/3201 3226/3226/3226 3200/3200/3200 
f 3226/3226/3226 3226/3226/3226 3200/3200/3200 
f 3200/3200/3200 3226/3226/3226 3199/3199/3199 
f 3226/3226/3226 3227/3227/3227 3199/3199/3199 
f 3199/3199/3199 3227/3227/3227 3198/3198/3198 
f 3227/3227/3227 3198/3198/3198 3198/3198/3198 
f 3198/3198/3198 3198/3198/3198 3227/3227/3227 
f 3198/3198/3198 3227/3227/3227 3227/3227/3227 
f 3227/3227/3227 3227/3227/3227 3228/3228/3228 
f 3227/3227/3227 3226/3226/3226 3228/3228/3228 
f 3228/3228/3228 3226/3226/3226 3228/3228/3228 
f 3226/3226/3226 3225/3225/3225 3228/3228/3228 
f 3228/3228/3228 3225/3225/3225 3229/3229/3229 
f 3225/3225/3225 3224/3224/3224 3229/3229/3229 
f 3229/3229/3229 3224/3224/3224 3230/3230/3230 
f 3224/3224/3224 3223/3223/3223 3230/3230/3230 
f 3230/3230/3230 3223/3223/3223 3231/3231/3231 
f 3223/3223/3223 3222/3222/3222 3231/3231/3231 
f 3231/3231/3231 3222/3222/3222 3232/3232/3232 
f 3222/3222/3222 3221/3221/3221 3232/3232/3232 
f 3232/3232/3232 3221/3221/3221 3233/3233/3233 
f 3221/3221/3221 3220/3220/3220 3233/3233/3233 
f 3233/3233/3233 3220/3220/3220 3234/3234/3234 
f 3220/3220/3220 3219/3219/3219 3234/3234/3234 
f 3234/3234/3234 3219/3219/3219 3235/3235/3235 
f 3219/3219/3219 3218/3218/3218 3235/3235/3235 
f 3235/3235/3235 3218/3218/3218 3236/3236/3236 
f 3218/3218/3218 3217/3217/3217 3236/3236/3236 
f 3236/3236/3236 3217/3217/3217 3237/3237/3237 
f 3217/3217/3217 3216/3216/3216 3237/3237/3237 
f 3237/3237/3237 3216/3216/3216 3238/3238/3238 
f 3216/3216/3216 3215/3215/3215 3238/3238/3238 
f 3238/3238/3238 3215/3215/3215 3238/3238/3238 
f 3215/3215/3215 3214/3214/3214 3238/3238/3238 
f 3238/3238/3238 3214/3214/3214 3239/3239/3239 
f 3214/3214/3214 3116/3116/3116 3239/3239/3239 
f 3239/3239/3239 3116/3116/3116 3239/3239/3239 
f 3116/3116/3116 3115/3115/3115 3239/3239/3239 
f 3239/3239/3239 3115/3115/3115 3240/3240/3240 
f 3115/3115/3115 3114/3114/3114 3240/3240/3240 
f 3240/3240/3240 3114/3114/3114 3114/3114/3114 
f 3114/3114/3114 3240/3240/3240 3114/3114/3114 
f 3114/3114/3114 3240/3240/3240 3240/3240/3240 
f 3240/3240/3240 3241/3241/3241 3240/3240/3240 
f 3240/3240/3240 3241/3241/3241 3239/3239/3239 
f 3241/3241/3241 3241/3241/3241 3239/3239/3239 
f 3239/3239/3239 3241/3241/3241 3238/3238/3238 
f 3241/3241/3241 3241/3241/3241 3238/3238/3238 
f 3238/3238/3238 3241/3241/3241 3237/3237/3237 
f 3241/3241/3241 3242/3242/3242 3237/3237/3237 
f 3237/3237/3237 3242/3242/3242 3236/3236/3236 
f 3242/3242/3242 3243/3243/3243 3236/3236/3236 
f 3236/3236/3236 3243/3243/3243 3235/3235/3235 
f 3243/3243/3243 3244/3244/3244 3235/3235/3235 
f 3235/3235/3235 3244/3244/3244 3234/3234/3234 
f 3244/3244/3244 3245/3245/3245 3234/3234/3234 
f 3234/3234/3234 3245/3245/3245 3233/3233/3233 
f 3245/3245/3245 3246/3246/3246 3233/3233/3233 
f 3233/3233/3233 3246/3246/3246 3232/3232/3232 
f 3246/3246/3246 3247/3247/3247 3232/3232/3232 
f 3232/3232/3232 3247/3247/3247 3231/3231/3231 
f 3247/3247/3247 3248/3248/3248 3231/3231/3231 
f 3231/3231/3231 3248/3248/3248 3230/3230/3230 
f 3248/3248/3248 3249/3249/3249 3230/3230/3230 
f 3230/3230/3230 3249/3249/3249 3229/3229/3229 
f 3249/3249/3249 3250/3250/3250 3229/3229/3229 
f 3229/3229/3229 3250/3250/3250 3228/3228/3228 
f 3250/3250/3250 3251/3251/3251 3228/3228/3228 
f 3228/3228/3228 3251/3251/3251 3227/3227/3227 
f 3251/3251/3251 3252/3252/3252 3227/3227/3227 
f 3227/3227/3227 3252/3252/3252 3198/3198/3198 
f 3252/3252/3252 3252/3252/3252 3198/3198/3198 
f 3198/3198/3198 3252/3252/3252 3197/3197/3197 
f 3252/3252/3252 3253/3253/3253 3197/3197/3197 
f 3197/3197/3197 3253/3253/3253 3196/3196/3196 
f 3253/3253/3253 3196/3196/3196 3196/3196/3196 
f 3196/3196/3196 3196/3196/3196 3253/3253/3253 
f 3196/3196/3196 3253/3253/3253 3253/3253/3253 
f 3253/3253/3253 3253/3253/3253 3254/3254/3254 
f 3253/3253/3253 3252/3252/3252 3254/3254/3254 
f 3254/3254/3254 3252/3252/3252 3254/3254/3254 
f 3252/3252/3252 3251/3251/3251 3254/3254/3254 
f 3254/3254/3254 3251/3251/3251 3255/3255/3255 
f 3251/3251/3251 3250/3250/3250 3255/3255/3255 
f 3255/3255/3255 3250/3250/3250 3256/3256/3256 
f 3250/3250/3250 3249/3249/3249 3256/3256/3256 
f 3256/3256/3256 3249/3249/3249 3257/3257/3257 
f 3249/3249/3249 3248/3248/3248 3257/3257/3257 
f 3257/3257/3257 3248/3248/3248 3258/3258/3258 
f 3248/3248/3248 3247/3247/3247 3258/3258/3258 
f 3258/3258/3258 3247/3247/3247 3259/3259/3259 
f 3247/3247/3247 3246/3246/3246 3259/3259/3259 
f 3259/3259/3259 3246/3246/3246 3260/3260/3260 
f 3246/3246/3246 3245/3245/3245 3260/3260/3260 
f 3260/3260/3260 3245/3245/3245 3261/3261/3261 
f 3245/3245/3245 3244/3244/3244 3261/3261/3261 
f 3261/3261/3261 3244/3244/3244 3262/3262/3262 
f 3244/3244/3244 3243/3243/3243 3262/3262/3262 
f 3262/3262/3262 3243/3243/3243 3263/3263/3263 
f 3243/3243/3243 3242/3242/3242 3263/3263/3263 
f 3263/3263/3263 3242/3242/3242 3264/3264/3264 
f 3242/3242/3242 3241/3241/3241 3264/3264/3264 
f 3264/3264/3264 3241/3241/3241 3264/3264/3264 
f 3241/3241/3241 3240/3240/3240 3264/3264/3264 
f 3264/3264/3264 3240/3240/3240 3265/3265/3265 
f 3240/3240/3240 3114/3114/3114 3265/3265/3265 
f 3265/3265/3265 3114/3114/3114 3265/3265/3265 
f 3114/3114/3114 3113/3113/3113 3265/3265/3265 
f 3265/3265/3265 3113/3113/3113 3266/3266/3266 
f 3113/3113/3113 3112/3112/3112 3266/3266/3266 
f 3266/3266/3266 3112/3112/3112 3112/3112/3112 
f 3112/3112/3112 3266/3266/3266 3112/3112/3112 
f 3112/3112/3112 3266/3266/3266 3266/3266/3266 
f 3266/3266/3266 3267/3267/3267 3266/3266/3266 
f 3266/3266/3266 3267/3267/3267 3265/3265/3265 
f 3267/3267/3267 3267/3267/3267 3265/3265/3265 
f 3265/3265/3265 3267/3267/3267 3264/3264/3264 
f 3267/3267/3267 3267/3267/3267 3264/3264/3264 
f 3264/3264/3264 3267/3267/3267 3263/3263/3263 
f 3267/3267/3267 3268/3268/3268 3263/3263/3263 
f 3263/3263/3263 3268/3268/3268 3262/3262/3262 
f 3268/3268/3268 3269/3269/3269 3262/3262/3262 
f 3262/3262/3262 3269/3269/3269 3261/3261/3261 
f 3269/3269/3269 3270/3270/3270 3261/3261/3261 
f 3261/3261/3261 3270/3270/3270 3260/3260/3260 
f 3270/3270/3270 3271/3271/3271 3260/3260/3260 
f 3260/3260/3260 3271/3271/3271 3259/3259/3259 
f 3271/3271/3271 3272/3272/3272 3259/3259/3259 
f 3259/3259/3259 3272/3272/3272 3258/3258/3258 
f 3272/3272/3272 3273/3273/3273 3258/3258/3258 
f 3258/3258/3258 3273/3273/3273 3257/3257/3257 
f 3273/3273/3273 3274/3274/3274 3257/3257/3257 
f 3257/3257/3257 3274/3274/3274 3256/3256/3256 
f 3274/3274/3274 3275/3275/3275 3256/3256/3256 
f 3256/3256/3256 3275/3275/3275 3255/3255/3255 
f 3275/3275/3275 3276/3276/3276 3255/3255/3255 
f 3255/3255/3255 3276/3276/3276 3254/3254/3254 
f 3276/3276/3276 3277/3277/3277 3254/3254/3254 
f 3254/3254/3254 3277/3277/3277 3253/3253/3253 
f 3277/3277/3277 3278/3278/3278 3253/3253/3253 
f 3253/3253/3253 3278/3278/3278 3196/3196/3196 
f 3278/3278/3278 3278/3278/3278 3196/3196/3196 
f 3196/3196/3196 3278/3278/3278 3195/3195/3195 
f 3278/3278/3278 3279/3279/3279 3195/3195/3195 
f 3195/3195/3195 3279/3279/3279 3194/3194/3194 
f 3279/3279/3279 3194/3194/3194 3194/3194/3194 
f 3194/3194/3194 3194/3194/3194 3279/3279/3279 
f 3194/3194/3194 3279/3279/3279 3279/3279/3279 
f 3279/3279/3279 3279/3279/3279 3280/3280/3280 
f 3279/3279/3279 3278/3278/3278 3280/3280/3280 
f 3280/3280/3280 3278/3278/3278 3280/3280/3280 
f 3278/3278/3278 3277/3277/3277 3280/3280/3280 
f 3280/3280/3280 3277/3277/3277 3281/3281/3281 
f 3277/3277/3277 3276/3276/3276 3281/3281/3281 
f 3281/3281/3281 3276/3276/3276 3282/3282/3282 
f 3276/3276/3276 3275/3275/3275 3282/3282/3282 
f 3282/3282/3282 3275/3275/3275 3283/3283/3283 
f 3275/3275/3275 3274/3274/3274 3283/3283/3283 
f 3283/3283/3283 3274/3274/3274 3284/3284/3284 
f 3274/3274/3274 3273/3273/3273 3284/3284/3284 
f 3284/3284/3284 3273/3273/3273 3285/3285/3285 
f 3273/3273/3273 3272/3272/3272 3285/3285/3285 
f 3285/3285/3285 3272/3272/3272 3286/3286/3286 
f 3272/3272/3272 3271/3271/3271 3286/3286/3286 
f 3286/3286/3286 3271/3271/3271 3287/3287/3287 
f 3271/3271/3271 3270/3270/3270 3287/3287/3287 
f 3287/3287/3287 3270/3270/3270 3288/3288/3288 
f 3270/3270/3270 3269/3269/3269 3288/3288/3288 
f 3288/3288/3288 3269/3269/3269 3289/3289/3289 
f 3269/3269/3269 3268/3268/3268 3289/3289/3289 
f 3289/3289/3289 3268/3268/3268 3290/3290/3290 
f 3268/3268/3268 3267/3267/3267 3290/3290/3290 
f 3290/3290/3290 3267/3267/3267 3290/3290/3290 
f 3267/3267/3267 3266/3266/3266 3290/3290/3290 
f 3290/3290/3290 3266/3266/3266 3291/3291/3291 
f 3266/3266/3266 3112/3112/3112 3291/3291/3291 
f 3291/3291/3291 3112/3112/3112 3291/3291/3291 
f 3112/3112/3112 3111/3111/3111 3291/3291/3291 
f 3291/3291/3291 3111/3111/3111 3292/3292/3292 
f 3111/3111/3111 3110/3110/3110 3292/3292/3292 
f 3292/3292/3292 3110/3110/3110 3110/3110/3110 
f 3110/3110/3110 3292/3292/3292 3110/3110/3110 
f 3110/3110/3110 3292/3292/3292 3292/3292/3292 
f 3292/3292/3292 3293/3293/3293 3292/3292/3292 
f 3292/3292/3292 3293/3293/3293 3291/3291/3291 
f 3293/3293/3293 3293/3293/3293 3291/3291/3291 
f 3291/3291/3291 3293/3293/3293 3290/3290/3290 
f 3293/3293/3293 3293/3293/3293 3290/3290/3290 
f 3290/3290/3290 3293/3293/3293 3289/3289/3289 
f 3293/3293/3293 3294/3294/3294 3289/3289/3289 
f 3289/3289/3289 3294/3294/3294 3288/3288/3288 
f 3294/3294/3294 3295/3295/3295 3288/3288/3288 
f 3288/3288/3288 3295/3295/3295 3287/3287/3287 
f 3295/3295/3295 3296/3296/3296 3287/3287/3287 
f 3287/3287/3287 3296/3296/3296 3286/3286/3286 
f 3296/3296/3296 3297/3297/3297 3286/3286/3286 
f 3286/3286/3286 3297/3297/3297 3285/3285/3285 
f 3297/3297/3297 3298/3298/3298 3285/3285/3285 
f 3285/3285/3285 3298/3298/3298 3284/3284/3284 
f 3298/3298/3298 3299/3299/3299 3284/3284/3284 
f 3284/3284/3284 3299/3299/3299 3283/3283/3283 
f 3299/3299/3299 3300/3300/3300 3283/3283/3283 
f 3283/3283/3283 3300/3300/3300 3282/3282/3282 
f 3300/3300/3300 3301/3301/3301 3282/3282/3282 
f 3282/3282/3282 3301/3301/3301 3281/3281/3281 
f 3301/3301/3301 3302/3302/3302 3281/3281/3281 
f 3281/3281/3281 3302/3302/3302 3280/3280/3280 
f 3302/3302/3302 3303/3303/3303 3280/3280/3280 
f 3280/3280/3280 3303/3303/3303 3279/3279/3279 
f 3303/3303/3303 3304/3304/3304 3279/3279/3279 
f 3279/3279/3279 3304/3304/3304 3194/3194/3194 
f 3304/3304/3304 3304/3304/3304 3194/3194/3194 
f 3194/3194/3194 3304/3304/3304 3193/3193/3193 
f 3304/3304/3304 3305/3305/3305 3193/3193/3193 
f 3193/3193/3193 3305/3305/3305 3192/3192/3192 
f 3305/3305/3305 3192/3192/3192 3192/3192/3192 
f 3192/3192/3192 3192/3192/3192 3305/3305/3305 
f 3192/3192/3192 3305/3305/3305 3305/3305/3305 
f 3305/3305/3305 3305/3305/3305 3306/3306/3306 
f 3305/3305/3305 3304/3304/3304 3306/3306/3306 
f 3306/3306/3306 3304/3304/3304 3306/3306/3306 
f 3304/3304/3304 3303/3303/3303 3306/3306/3306 
f 3306/3306/3306 3303/3303/3303 3307/3307/3307 
f 3303/3303/3303 3302/3302/3302 3307/3307/3307 
f 3307/3307/3307 3302/3302/3302 3308/3308/3308 
f 3302/3302/3302 3301/3301/3301 3308/3308/3308 
f 3308/3308/3308 3301/3301/3301 3309/3309/3309 
f 3301/3301/3301 3300/3300/3300 3309/3309/3309 
f 3309/3309/3309 3300/3300/3300 3310/3310/3310 
f 3300/3300/3300 3299/3299/3299 3310/3310/3310 
f 3310/3310/3310 3299/3299/3299 3311/3311/3311 
f 3299/3299/3299 3298/3298/3298 3311/3311/3311 
f 3311/3311/3311 3298/3298/3298 3312/3312/3312 
f 3298/3298/3298 3297/3297/3297 3312/3312/3312 
f 3312/3312/3312 3297/3297/3297 3313/3313/3313 
f 3297/3297/3297 3296/3296/3296 3313/3313/3313 
f 3313/3313/3313 3296/3296/3296 3314/3314/3314 
f 3296/3296/3296 3295/3295/3295 3314/3314/3314 
f 3314/3314/3314 3295/3295/3295 3315/3315/3315 
f 3295/3295/3295 3294/3294/3294 3315/3315/3315 
f 3315/3315/3315 3294/3294/3294 3316/3316/3316 
f 3294/3294/3294 3293/3293/3293 3316/3316/3316 
f 3316/3316/3316 3293/3293/3293 3316/3316/3316 
f 3293/3293/3293 3292/3292/3292 3316/3316/3316 
f 3316/3316/3316 3292/3292/3292 3317/3317/3317 
f 3292/3292/3292 3110/3110/3110 3317/3317/3317 
f 3317/3317/3317 3110/3110/3110 3317/3317/3317 
f 3110/3110/3110 3109/3109/3109 3317/3317/3317 
f 3317/3317/3317 3109/3109/3109 3318/3318/3318 
f 3109/3109/3109 3108/3108/3108 3318/3318/3318 
f 3318/3318/3318 3108/3108/3108 3108/3108/3108 
f 3108/3108/3108 3318/3318/3318 3108/3108/3108 
f 3108/3108/3108 3318/3318/3318 3318/3318/3318 
f 3318/3318/3318 3319/3319/3319 3318/3318/3318 
f 3318/3318/3318 3319/3319/3319 3317/3317/3317 
f 3319/3319/3319 3319/3319/3319 3317/3317/3317 
f 3317/3317/3317 3319/3319/3319 3316/3316/3316 
f 3319/3319/3319 3319/3319/3319 3316/3316/3316 
f 3316/3316/3316 3319/3319/3319 3315/3315/3315 
f 3319/3319/3319 3320/3320/3320 3315/3315/3315 
f 3315/3315/3315 3320/3320/3320 3314/3314/3314 
f 3320/3320/3320 3321/3321/3321 3314/3314/3314 
f 3314/3314/3314 3321/3321/3321 3313/3313/3313 
f 3321/3321/3321 3322/3322/3322 3313/3313/3313 
f 3313/3313/3313 3322/3322/3322 3312/3312/3312 
f 3322/3322/3322 3323/3323/3323 3312/3312/3312 
f 3312/3312/3312 3323/3323/3323 3311/3311/3311 
f 3323/3323/3323 3324/3324/3324 3311/3311/3311 
f 3311/3311/3311 3324/3324/3324 3310/3310/3310 
f 3324/3324/3324 3325/3325/3325 3310/3310/3310 
f 3310/3310/3310 3325/3325/3325 3309/3309/3309 
f 3325/3325/3325 3326/3326/3326 3309/3309/3309 
f 3309/3309/3309 3326/3326/3326 3308/3308/3308 
f 3326/3326/3326 3327/3327/3327 3308/3308/3308 
f 3308/3308/3308 3327/3327/3327 3307/3307/3307 
f 3327/3327/3327 3328/3328/3328 3307/3307/3307 
f 3307/3307/3307 3328/3328/3328 3306/3306/3306 
f 3328/3328/3328 3329/3329/3329 3306/3306/3306 
f 3306/3306/3306 3329/3329/3329 3305/3305/3305 
f 3329/3329/3329 3330/3330/3330 3305/3305/3305 
f 3305/3305/3305 3330/3330/3330 3192/3192/3192 
f 3330/3330/3330 3330/3330/3330 3192/3192/3192 
f 3192/3192/3192 3330/3330/3330 3191/3191/3191 
f 3330/3330/3330 3331/3331/3331 3191/3191/3191 
f 3191/3191/3191 3331/3331/3331 3190/3190/3190 
f 3331/3331/3331 3190/3190/3190 3190/3190/3190 
f 3190/3190/3190 3190/3190/3190 3331/3331/3331 
f 3190/3190/3190 3331/3331/3331 3331/3331/3331 
f 3331/3331/3331 3331/3331/3331 3332/3332/3332 
f 3331/3331/3331 3330/3330/3330 3332/3332/3332 
f 3332/3332/3332 3330/3330/3330 3332/3332/3332 
f 3330/3330/3330 3329/3329/3329 3332/3332/3332 
f 3332/3332/3332 3329/3329/3329 3333/3333/3333 
f 3329/3329/3329 3328/3328/3328 3333/3333/3333 
f 3333/3333/3333 3328/3328/3328 3334/3334/3334 
f 3328/3328/3328 3327/3327/3327 3334/3334/3334 
f 3334/3334/3334 3327/3327/3327 3335/3335/3335 
f 3327/3327/3327 3326/3326/3326 3335/3335/3335 
f 3335/3335/3335 3326/3326/3326 3336/3336/3336 
f 3326/3326/3326 3325/3325/3325 3336/3336/3336 
f 3336/3336/3336 3325/3325/3325 3337/3337/3337 
f 3325/3325/3325 3324/3324/3324 3337/3337/3337 
f 3337/3337/3337 3324/3324/3324 3338/3338/3338 
f 3324/3324/3324 3323/3323/3323 3338/3338/3338 
f 3338/3338/3338 3323/3323/3323 3339/3339/3339 
f 3323/3323/3323 3322/3322/3322 3339/3339/3339 
f 3339/3339/3339 3322/3322/3322 3340/3340/3340 
f 3322/3322/3322 3321/3321/3321 3340/3340/3340 
f 3340/3340/3340 3321/3321/3321 3341/3341/3341 
f 3321/3321/3321 3320/3320/3320 3341/3341/3341 
f 3341/3341/3341 3320/3320/3320 3342/3342/3342 
f 3320/3320/3320 3319/3319/3319 3342/3342/3342 
f 3342/3342/3342 3319/3319/3319 3342/3342/3342 
f 3319/3319/3319 3318/3318/3318 3342/3342/3342 
f 3342/3342/3342 3318/3318/3318 3343/3343/3343 
f 3318/3318/3318 3108/3108/3108 3343/3343/3343 
f 3343/3343/3343 3108/3108/3108 3343/3343/3343 
f 3108/3108/3108 3107/3107/3107 3343/3343/3343 
f 3343/3343/3343 3107/3107/3107 3344/3344/3344 
f 3107/3107/3107 3106/3106/3106 3344/3344/3344 
f 3344/3344/3344 3106/3106/3106 3106/3106/3106 
f 3106/3106/3106 3344/3344/3344 3106/3106/3106 
f 3106/3106/3106 3344/3344/3344 3344/3344/3344 
f 3344/3344/3344 3345/3345/3345 3344/3344/3344 
f 3344/3344/3344 3345/3345/3345 3343/3343/3343 
f 3345/3345/3345 3345/3345/3345 3343/3343/3343 
f 3343/3343/3343 3345/3345/3345 3342/3342/3342 
f 3345/3345/3345 3345/3345/3345 3342/3342/3342 
f 3342/3342/3342 3345/3345/3345 3341/3341/3341 
f 3345/3345/3345 3346/3346/3346 3341/3341/3341 
f 3341/3341/3341 3346/3346/3346 3340/3340/3340 
f 3346/3346/3346 3347/3347/3347 3340/3340/3340 
f 3340/3340/3340 3347/3347/3347 3339/3339/3339 
f 3347/3347/3347 3348/3348/3348 3339/3339/3339 
f 3339/3339/3339 3348/3348/3348 3338/3338/3338 
f 3348/3348/3348 3349/3349/3349 3338/3338/3338 
f 3338/3338/3338 3349/3349/3349 3337/3337/3337 
f 3349/3349/3349 3350/3350/3350 3337/3337/3337 
f 3337/3337/3337 3350/3350/3350 3336/3336/3336 
f 3350/3350/3350 3351/3351/3351 3336/3336/3336 
f 3336/3336/3336 3351/3351/3351 3335/3335/3335 
f 3351/3351/3351 3352/3352/3352 3335/3335/3335 
f 3335/3335/3335 3352/3352/3352 3334/3334/3334 
f 3352/3352/3352 3353/3353/3353 3334/3334/3334 
f 3334/3334/3334 3353/3353/3353 3333/3333/3333 
f 3353/3353/3353 3354/3354/3354 3333/3333/3333 
f 3333/3333/3333 3354/3354/3354 3332/3332/3332 
f 3354/3354/3354 3355/3355/3355 3332/3332/3332 
f 3332/3332/3332 3355/3355/3355 3331/3331/3331 
f 3355/3355/3355 3356/3356/3356 3331/3331/3331 
f 3331/3331/3331 3356/3356/3356 3190/3190/3190 
f 3356/3356/3356 3356/3356/3356 3190/3190/3190 
f 3190/3190/3190 3356/3356/3356 3189/3189/3189 
f 3356/3356/3356 3357/3357/3357 3189/3189/3189 
f 3189/3189/3189 3357/3357/3357 3188/3188/3188 
f 3357/3357/3357 3188/3188/3188 3188/3188/3188 
f 3188/3188/3188 3188/3188/3188 3357/3357/3357 
f 3188/3188/3188 3357/3357/3357 3357/3357/3357 
f 3357/3357/3357 3357/3357/3357 3358/3358/3358 
f 3357/3357/3357 3356/3356/3356 3358/3358/3358 
f 3358/3358/3358 3356/3356/3356 3358/3358/3358 
f 3356/3356/3356 3355/3355/3355 3358/3358/3358 
f 3358/3358/3358 3355/3355/3355 3359/3359/3359 
f 3355/3355/3355 3354/3354/3354 3359/3359/3359 
f 3359/3359/3359 3354/3354/3354 3360/3360/3360 
f 3354/3354/3354 3353/3353/3353 3360/3360/3360 
f 3360/3360/3360 3353/3353/3353 3361/3361/3361 
f 3353/3353/3353 3352/3352/3352 3361/3361/3361 
f 3361/3361/3361 3352/3352/3352 3362/3362/3362 
f 3352/3352/3352 3351/3351/3351 3362/3362/3362 
f 3362/3362/3362 3351/3351/3351 3363/3363/3363 
f 3351/3351/3351 3350/3350/3350 3363/3363/3363 
f 3363/3363/3363 3350/3350/3350 3364/3364/3364 
f 3350/3350/3350 3349/3349/3349 3364/3364/3364 
f 3364/3364/3364 3349/3349/3349 3365/3365/3365 
f 3349/3349/3349 3348/3348/3348 3365/3365/3365 
f 3365/3365/3365 3348/3348/3348 3366/3366/3366 
f 3348/3348/3348 3347/3347/3347 3366/3366/3366 
f 3366/3366/3366 3347/3347/3347 3367/3367/3367 
f 3347/3347/3347 3346/3346/3346 3367/3367/3367 
f 3367/3367/3367 3346/3346/3346 3368/3368/3368 
f 3346/3346/3346 3345/3345/3345 3368/3368/3368 
f 3368/3368/3368 3345/3345/3345 3368/3368/3368 
f 3345/3345/3345 3344/3344/3344 3368/3368/3368 
f 3368/3368/3368 3344/3344/3344 3369/3369/3369 
f 3344/3344/3344 3106/3106/3106 3369/3369/3369 
f 3369/3369/3369 3106/3106/3106 3369/3369/3369 
f 3106/3106/3106 3105/3105/3105 3369/3369/3369 
f 3369/3369/3369 3105/3105/3105 3370/3370/3370 
f 3105/3105/3105 3104/3104/3104 3370/3370/3370 
f 3370/3370/3370 3104/3104/3104 3104/3104/3104 
f 3104/3104/3104 3370/3370/3370 3104/3104/3104 
f 3104/3104/3104 3370/3370/3370 3370/3370/3370 
f 3370/3370/3370 3371/3371/3371 3370/3370/3370 
f 3370/3370/3370 3371/3371/3371 3369/3369/3369 
f 3371/3371/3371 3371/3371/3371 3369/3369/3369 
f 3369/3369/3369 3371/3371/3371 3368/3368/3368 
f 3371/3371/3371 3371/3371/3371 3368/3368/3368 
f 3368/3368/3368 3371/3371/3371 3367/3367/3367 
f 3371/3371/3371 3372/3372/3372 3367/3367/3367 
f 3367/3367/3367 3372/3372/3372 3366/3366/3366 
f 3372/3372/3372 3373/3373/3373 3366/3366/3366 
f 3366/3366/3366 3373/3373/3373 3365/3365/3365 
f 3373/3373/3373 3374/3374/3374 3365/3365/3365 
f 3365/3365/3365 3374/3374/3374 3364/3364/3364 
f 3374/3374/3374 3375/3375/3375 3364/3364/3364 
f 3364/3364/3364 3375/3375/3375 3363/3363/3363 
f 3375/3375/3375 3376/3376/3376 3363/3363/3363 
f 3363/3363/3363 3376/3376/3376 3362/3362/3362 
f 3376/3376/3376 3377/3377/3377 3362/3362/3362 
f 3362/3362/3362 3377/3377/3377 3361/3361/3361 
f 3377/3377/3377 3378/3378/3378 3361/3361/3361 
f 3361/3361/3361 3378/3378/3378 3360/3360/3360 
f 3378/3378/3378 3379/3379/3379 3360/3360/3360 
f 3360/3360/3360 3379/3379/3379 3359/3359/3359 
f 3379/3379/3379 3380/3380/3380 3359/3359/3359 
f 3359/3359/3359 3380/3380/3380 3358/3358/3358 
f 3380/3380/3380 3381/3381/3381 3358/3358/3358 
f 3358/3358/3358 3381/3381/3381 3357/3357/3357 
f 3381/3381/3381 3382/3382/3382 3357/3357/3357 
f 3357/3357/3357 3382/3382/3382 3188/3188/3188 
f 3382/3382/3382 3382/3382/3382 3188/3188/3188 
f 3188/3188/3188 3382/3382/3382 3187/3187/3187 
f 3382/3382/3382 3383/3383/3383 3187/3187/3187 
f 3187/3187/3187 3383/3383/3383 3186/3186/3186 
f 3383/3383/3383 3186/3186/3186 3186/3186/3186 
f 3186/3186/3186 3186/3186/3186 3383/3383/3383 
f 3186/3186/3186 3383/3383/3383 3383/3383/3383 
f 3383/3383/3383 3383/3383/3383 3384/3384/3384 
f 3383/3383/3383 3382/3382/3382 3384/3384/3384 
f 3384/3384/3384 3382/3382/3382 3384/3384/3384 
f 3382/3382/3382 3381/3381/3381 3384/3384/3384 
f 3384/3384/3384 3381/3381/3381 3385/3385/3385 
f 3381/3381/3381 3380/3380/3380 3385/3385/3385 
f 3385/3385/3385 3380/3380/3380 3386/3386/3386 
f 3380/3380/3380 3379/3379/3379 3386/3386/3386 
f 3386/3386/3386 3379/3379/3379 3387/3387/3387 
f 3379/3379/3379 3378/3378/3378 3387/3387/3387 
f 3387/3387/3387 3378/3378/3378 3388/3388/3388 
f 3378/3378/3378 3377/3377/3377 3388/3388/3388 
f 3388/3388/3388 3377/3377/3377 3389/3389/3389 
f 3377/3377/3377 3376/3376/3376 3389/3389/3389 
f 3389/3389/3389 3376/3376/3376 3390/3390/3390 
f 3376/3376/3376 3375/3375/3375 3390/3390/3390 
f 3390/3390/3390 3375/3375/3375 3391/3391/3391 
f 3375/3375/3375 3374/3374/3374 3391/3391/3391 
f 3391/3391/3391 3374/3374/3374 3392/3392/3392 
f 3374/3374/3374 3373/3373/3373 3392/3392/3392 
f 3392/3392/3392 3373/3373/3373 3393/3393/3393 
f 3373/3373/3373 3372/3372/3372 3393/3393/3393 
f 3393/3393/3393 3372/3372/3372 3394/3394/3394 
f 3372/3372/3372 3371/3371/3371 3394/3394/3394 
f 3394/3394/3394 3371/3371/3371 3394/3394/3394 
f 3371/3371/3371 3370/3370/3370 3394/3394/3394 
f 3394/3394/3394 3370/3370/3370 3395/3395/3395 
f 3370/3370/3370 3104/3104/3104 3395/3395/3395 
f 3395/3395/3395 3104/3104/3104 3395/3395/3395 
f 3104/3104/3104 3103/3103/3103 3395/3395/3395 
f 3395/3395/3395 3103/3103/3103 3396/3396/3396 
f 3103/3103/3103 3102/3102/3102 3396/3396/3396 
f 3396/3396/3396 3102/3102/3102 3102/3102/3102 
f 3102/3102/3102 3396/3396/3396 3102/3102/3102 
f 3102/3102/3102 3396/3396/3396 3396/3396/3396 
f 3396/3396/3396 3397/3397/3397 3396/3396/3396 
f 3396/3396/3396 3397/3397/3397 3395/3395/3395 
f 3397/3397/3397 3397/3397/3397 3395/3395/3395 
f 3395/3395/3395 3397/3397/3397 3394/3394/3394 
f 3397/3397/3397 3397/3397/3397 3394/3394/3394 
f 3394/3394/3394 3397/3397/3397 3393/3393/3393 
f 3397/3397/3397 3398/3398/3398 3393/3393/3393 
f 3393/3393/3393 3398/3398/3398 3392/3392/3392 
f 3398/3398/3398 3399/3399/3399 3392/3392/3392 
f 3392/3392/3392 3399/3399/3399 3391/3391/3391 
f 3399/3399/3399 3400/3400/3400 3391/3391/3391 
f 3391/3391/3391 3400/3400/3400 3390/3390/3390 
f 3400/3400/3400 3401/3401/3401 3390/3390/3390 
f 3390/3390/3390 3401/3401/3401 3389/3389/3389 
f 3401/3401/3401 3402/3402/3402 3389/3389/3389 
f 3389/3389/3389 3402/3402/3402 3388/3388/3388 
f 3402/3402/3402 3403/3403/3403 3388/3388/3388 
f 3388/3388/3388 3403/3403/3403 3387/3387/3387 
f 3403/3403/3403 3404/3404/3404 3387/3387/3387 
f 3387/3387/3387 3404/3404/3404 3386/3386/3386 
f 3404/3404/3404 3405/3405/3405 3386/3386/3386 
f 3386/3386/3386 3405/3405/3405 3385/3385/3385 
f 3405/3405/3405 3406/3406/3406 3385/3385/3385 
f 3385/3385/3385 3406/3406/3406 3384/3384/3384 
f 3406/3406/3406 3407/3407/3407 3384/3384/3384 
f 3384/3384/3384 3407/3407/3407 3383/3383/3383 
f 3407/3407/3407 3408/3408/3408 3383/3383/3383 
f 3383/3383/3383 3408/3408/3408 3186/3186/3186 
f 3408/3408/3408 3408/3408/3408 3186/3186/3186 
f 3186/3186/3186 3408/3408/3408 3185/3185/3185 
f 3408/3408/3408 3409/3409/3409 3185/3185/3185 
f 3185/3185/3185 3409/3409/3409 3184/3184/3184 
f 3409/3409/3409 3184/3184/3184 3184/3184/3184 
f 3184/3184/3184 3184/3184/3184 3409/3409/3409 
f 3184/3184/3184 3409/3409/3409 3409/3409/3409 
f 3409/3409/3409 3409/3409/3409 3410/3410/3410 
f 3409/3409/3409 3408/3408/3408 3410/3410/3410 
f 3410/3410/3410 3408/3408/3408 3410/3410/3410 
f 3408/3408/3408 3407/3407/3407 3410/3410/3410 
f 3410/3410/3410 3407/3407/3407 3411/3411/3411 
f 3407/3407/3407 3406/3406/3406 3411/3411/3411 
f 3411/3411/3411 3406/3406/3406 3412/3412/3412 
f 3406/3406/3406 3405/3405/3405 3412/3412/3412 
f 3412/3412/3412 3405/3405/3405 3413/3413/3413 
f 3405/3405/3405 3404/3404/3404 3413/3413/3413 
f 3413/3413/3413 3404/3404/3404 3414/3414/3414 
f 3404/3404/3404 3403/3403/3403 3414/3414/3414 
f 3414/3414/3414 3403/3403/3403 3415/3415/3415 
f 3403/3403/3403 3402/3402/3402 3415/3415/3415 
f 3415/3415/3415 3402/3402/3402 3416/3416/3416 
f 3402/3402/3402 3401/3401/3401 3416/3416/3416 
f 3416/3416/3416 3401/3401/3401 3417/3417/3417 
f 3401/3401/3401 3400/3400/3400 3417/3417/3417 
f 3417/3417/3417 3400/3400/3400 3418/3418/3418 
f 3400/3400/3400 3399/3399/3399 3418/3418/3418 
f 3418/3418/3418 3399/3399/3399 3419/3419/3419 
f 3399/3399/3399 3398/3398/3398 3419/3419/3419 
f 3419/3419/3419 3398/3398/3398 3420/3420/3420 
f 3398/3398/3398 3397/3397/3397 3420/3420/3420 
f 3420/3420/3420 3397/3397/3397 3420/3420/3420 
f 3397/3397/3397 3396/3396/3396 3420/3420/3420 
f 3420/3420/3420 3396/3396/3396 3421/3421/3421 
f 3396/3396/3396 3102/3102/3102 3421/3421/3421 
f 3421/3421/3421 3102/3102/3102 3421/3421/3421 
f 3102/3102/3102 3101/3101/3101 3421/3421/3421 
f 3421/3421/3421 3101/3101/3101 3422/3422/3422 
f 3101/3101/3101 3100/3100/3100 3422/3422/3422 
f 3422/3422/3422 3100/3100/3100 3100/3100/3100 
f 3100/3100/3100 3422/3422/3422 3100/3100/3100 
f 3100/3100/3100 3422/3422/3422 3422/3422/3422 
f 3422/3422/3422 3423/3423/3423 3422/3422/3422 
f 3422/3422/3422 3423/3423/3423 3421/3421/3421 
f 3423/3423/3423 3423/3423/3423 3421/3421/3421 
f 3421/3421/3421 3423/3423/3423 3420/3420/3420 
f 3423/3423/3423 3423/3423/3423 3420/3420/3420 
f 3420/3420/3420 3423/3423/3423 3419/3419/3419 
f 3423/3423/3423 3424/3424/3424 3419/3419/3419 
f 3419/3419/3419 3424/3424/3424 3418/3418/3418 
f 3424/3424/3424 3425/3425/3425 3418/3418/3418 
f 3418/3418/3418 3425/3425/3425 3417/3417/3417 
f 3425/3425/3425 3426/3426/3426 3417/3417/3417 
f 3417/3417/3417 3426/3426/3426 3416/3416/3416 
f 3426/3426/3426 3427/3427/3427 3416/3416/3416 
f 3416/3416/3416 3427/3427/3427 3415/3415/3415 
f 3427/3427/3427 3428/3428/3428 3415/3415/3415 
f 3415/3415/3415 3428/3428/3428 3414/3414/3414 
f 3428/3428/3428 3429/3429/3429 3414/3414/3414 
f 3414/3414/3414 3429/3429/3429 3413/3413/3413 
f 3429/3429/3429 3430/3430/3430 3413/3413/3413 
f 3413/3413/3413 3430/3430/3430 3412/3412/3412 
f 3430/3430/3430 3431/3431/3431 3412/3412/3412 
f 3412/3412/3412 3431/3431/3431 3411/3411/3411 
f 3431/3431/3431 3432/3432/3432 3411/3411/3411 
f 3411/3411/3411 3432/3432/3432 3410/3410/3410 
f 3432/3432/3432 3433/3433/3433 3410/3410/3410 
f 3410/3410/3410 3433/3433/3433 3409/3409/3409 
f 3433/3433/3433 3434/3434/3434 3409/3409/3409 
f 3409/3409/3409 3434/3434/3434 3184/3184/3184 
f 3434/3434/3434 3434/3434/3434 3184/3184/3184 
f 3184/3184/3184 3434/3434/3434 3183/3183/3183 
f 3434/3434/3434 3435/3435/3435 3183/3183/3183 
f 3183/3183/3183 3435/3435/3435 3182/3182/3182 
f 3435/3435/3435 3182/3182/3182 3182/3182/3182 
f 3182/3182/3182 3182/3182/3182 3435/3435/3435 
f 3182/3182/3182 3435/3435/3435 3435/3435/3435 
f 3435/3435/3435 3435/3435/3435 3436/3436/3436 
f 3435/3435/3435 3434/3434/3434 3436/3436/3436 
f 3436/3436/3436 3434/3434/3434 3436/3436/3436 
f 3434/3434/3434 3433/3433/3433 3436/3436/3436 
f 3436/3436/3436 3433/3433/3433 3437/3437/3437 
f 3433/3433/3433 3432/3432/3432 3437/3437/3437 
f 3437/3437/3437 3432/3432/3432 3438/3438/3438 
f 3432/3432/3432 3431/3431/3431 3438/3438/3438 
f 3438/3438/3438 3431/3431/3431 3439/3439/3439 
f 3431/3431/3431 3430/3430/3430 3439/3439/3439 
f 3439/3439/3439 3430/3430/3430 3440/3440/3440 
f 3430/3430/3430 3429/3429/3429 3440/3440/3440 
f 3440/3440/3440 3429/3429/3429 3441/3441/3441 
f 3429/3429/3429 3428/3428/3428 3441/3441/3441 
f 3441/3441/3441 3428/3428/3428 3442/3442/3442 
f 3428/3428/3428 3427/3427/3427 3442/3442/3442 
f 3442/3442/3442 3427/3427/3427 3443/3443/3443 
f 3427/3427/3427 3426/3426/3426 3443/3443/3443 
f 3443/3443/3443 3426/3426/3426 3444/3444/3444 
f 3426/3426/3426 3425/3425/3425 3444/3444/3444 
f 3444/3444/3444 3425/3425/3425 3445/3445/3445 
f 3425/3425/3425 3424/3424/3424 3445/3445/3445 
f 3445/3445/3445 3424/3424/3424 3446/3446/3446 
f 3424/3424/3424 3423/3423/3423 3446/3446/3446 
f 3446/3446/3446 3423/3423/3423 3446/3446/3446 
f 3423/3423/3423 3422/3422/3422 3446/3446/3446 
f 3446/3446/3446 3422/3422/3422 3447/3447/3447 
f 3422/3422/3422 3100/3100/3100 3447/3447/3447 
f 3447/3447/3447 3100/3100/3100 3447/3447/3447 
f 3100/3100/3100 3099/3099/3099 3447/3447/3447 
f 3447/3447/3447 3099/3099/3099 3448/3448/3448 
f 3099/3099/3099 3098/3098/3098 3448/3448/3448 
f 3448/3448/3448 3098/3098/3098 3098/3098/3098 
f 3098/3098/3098 3448/3448/3448 3098/3098/3098 
f 3098/3098/3098 3448/3448/3448 3448/3448/3448 
f 3448/3448/3448 3449/3449/3449 3448/3448/3448 
f 3448/3448/3448 3449/3449/3449 3447/3447/3447 
f 3449/3449/3449 3449/3449/3449 3447/3447/3447 
f 3447/3447/3447 3449/3449/3449 3446/3446/3446 
f 3449/3449/3449 3449/3449/3449 3446/3446/3446 
f 3446/3446/3446 3449/3449/3449 3445/3445/3445 
f 3449/3449/3449 3450/3450/3450 3445/3445/3445 
f 3445/3445/3445 3450/3450/3450 3444/3444/3444 
f 3450/3450/3450 3451/3451/3451 3444/3444/3444 
f 3444/3444/3444 3451/3451/3451 3443/3443/3443 
f 3451/3451/3451 3452/3452/3452 3443/3443/3443 
f 3443/3443/3443 3452/3452/3452 3442/3442/3442 
f 3452/3452/3452 3453/3453/3453 3442/3442/3442 
f 3442/3442/3442 3453/3453/3453 3441/3441/3441 
f 3453/3453/3453 3454/3454/3454 3441/3441/3441 
f 3441/3441/3441 3454/3454/3454 3440/3440/3440 
f 3454/3454/3454 3455/3455/3455 3440/3440/3440 
f 3440/3440/3440 3455/3455/3455 3439/3439/3439 
f 3455/3455/3455 3456/3456/3456 3439/3439/3439 
f 3439/3439/3439 3456/3456/3456 3438/3438/3438 
f 3456/3456/3456 3457/3457/3457 3438/3438/3438 
f 3438/3438/3438 3457/3457/3457 3437/3437/3437 
f 3457/3457/3457 3458/3458/3458 3437/3437/3437 
f 3437/3437/3437 3458/3458/3458 3436/3436/3436 
f 3458/3458/3458 3459/3459/3459 3436/3436/3436 
f 3436/3436/3436 3459/3459/3459 3435/3435/3435 
f 3459/3459/3459 3460/3460/3460 3435/3435/3435 
f 3435/3435/3435 3460/3460/3460 3182/3182/3182 
f 3460/3460/3460 3460/3460/3460 3182/3182/3182 
f 3182/3182/3182 3460/3460/3460 3181/3181/3181 
f 3460/3460/3460 3461/3461/3461 3181/3181/3181 
f 3181/3181/3181 3461/3461/3461 3180/3180/3180 
f 3461/3461/3461 3180/3180/3180 3180/3180/3180 
f 3180/3180/3180 3180/3180/3180 3461/3461/3461 
f 3180/3180/3180 3461/3461/3461 3461/3461/3461 
f 3461/3461/3461 3461/3461/3461 3462/3462/3462 
f 3461/3461/3461 3460/3460/3460 3462/3462/3462 
f 3462/3462/3462 3460/3460/3460 3462/3462/3462 
f 3460/3460/3460 3459/3459/3459 3462/3462/3462 
f 3462/3462/3462 3459/3459/3459 3463/3463/3463 
f 3459/3459/3459 3458/3458/3458 3463/3463/3463 
f 3463/3463/3463 3458/3458/3458 3464/3464/3464 
f 3458/3458/3458 3457/3457/3457 3464/3464/3464 
f 3464/3464/3464 3457/3457/3457 3465/3465/3465 
f 3457/3457/3457 3456/3456/3456 3465/3465/3465 
f 3465/3465/3465 3456/3456/3456 3466/3466/3466 
f 3456/3456/3456 3455/3455/3455 3466/3466/3466 
f 3466/3466/3466 3455/3455/3455 3467/3467/3467 
f 3455/3455/3455 3454/3454/3454 3467/3467/3467 
f 3467/3467/3467 3454/3454/3454 3468/3468/3468 
f 3454/3454/3454 3453/3453/3453 3468/3468/3468 
f 3468/3468/3468 3453/3453/3453 3469/3469/3469 
f 3453/3453/3453 3452/3452/3452 3469/3469/3469 
f 3469/3469/3469 3452/3452/3452 3470/3470/3470 
f 3452/3452/3452 3451/3451/3451 3470/3470/3470 
f 3470/3470/3470 3451/3451/3451 3471/3471/3471 
f 3451/3451/3451 3450/3450/3450 3471/3471/3471 
f 3471/3471/3471 3450/3450/3450 3472/3472/3472 
f 3450/3450/3450 3449/3449/3449 3472/3472/3472 
f 3472/3472/3472 3449/3449/3449 3472/3472/3472 
f 3449/3449/3449 3448/3448/3448 3472/3472/3472 
f 3472/3472/3472 3448/3448/3448 3473/3473/3473 
f 3448/3448/3448 3098/3098/3098 3473/3473/3473 
f 3473/3473/3473 3098/3098/3098 3473/3473/3473 
f 3098/3098/3098 3097/3097/3097 3473/3473/3473 
f 3473/3473/3473 3097/3097/3097 3474/3474/3474 
f 3097/3097/3097 3096/3096/3096 3474/3474/3474 
f 3474/3474/3474 3096/3096/3096 3096/3096/3096 
f 3096/3096/3096 3474/3474/3474 3096/3096/3096 
f 3096/3096/3096 3474/3474/3474 3474/3474/3474 
f 3474/3474/3474 3475/3475/3475 3474/3474/3474 
f 3474/3474/3474 3475/3475/3475 3473/3473/3473 
f 3475/3475/3475 3475/3475/3475 3473/3473/3473 
f 3473/3473/3473 3475/3475/3475 3472/3472/3472 
f 3475/3475/3475 3475/3475/3475 3472/3472/3472 
f 3472/3472/3472 3475/3475/3475 3471/3471/3471 
f 3475/3475/3475 3476/3476/3476 3471/3471/3471 
f 3471/3471/3471 3476/3476/3476 3470/3470/3470 
f 3476/3476/3476 3477/3477/3477 3470/3470/3470 
f 3470/3470/3470 3477/3477/3477 3469/3469/3469 
f 3477/3477/3477 3478/3478/3478 3469/3469/3469 
f 3469/3469/3469 3478/3478/3478 3468/3468/3468 
f 3478/3478/3478 3479/3479/3479 3468/3468/3468 
f 3468/3468/3468 3479/3479/3479 3467/3467/3467 
f 3479/3479/3479 3480/3480/3480 3467/3467/3467 
f 3467/3467/3467 3480/3480/3480 3466/3466/3466 
f 3480/3480/3480 3481/3481/3481 3466/3466/3466 
f 3466/3466/3466 3481/3481/3481 3465/3465/3465 
f 3481/3481/3481 3482/3482/3482 3465/3465/3465 
f 3465/3465/3465 3482/3482/3482 3464/3464/3464 
f 3482/3482/3482 3483/3483/3483 3464/3464/3464 
f 3464/3464/3464 3483/3483/3483 3463/3463/3463 
f 3483/3483/3483 3484/3484/3484 3463/3463/3463 
f 3463/3463/3463 3484/3484/3484 3462/3462/3462 
f 3484/3484/3484 3485/3485/3485 3462/3462/3462 
f 3462/3462/3462 3485/3485/3485 3461/3461/3461 
f 3485/3485/3485 3486/3486/3486 3461/3461/3461 
f 3461/3461/3461 3486/3486/3486 3180/3180/3180 
f 3486/3486/3486 3486/3486/3486 3180/3180/3180 
f 3180/3180/3180 3486/3486/3486 3179/3179/3179 
f 3486/3486/3486 3487/3487/3487 3179/3179/3179 
f 3179/3179/3179 3487/3487/3487 3178/3178/3178 
f 3487/3487/3487 3178/3178/3178 3178/3178/3178 
f 3178/3178/3178 3178/3178/3178 3487/3487/3487 
f 3178/3178/3178 3487/3487/3487 3487/3487/3487 
f 3487/3487/3487 3487/3487/3487 3488/3488/3488 
f 3487/3487/3487 3486/3486/3486 3488/3488/3488 
f 3488/3488/3488 3486/3486/3486 3488/3488/3488 
f 3486/3486/3486 3485/3485/3485 3488/3488/3488 
f 3488/3488/3488 3485/3485/3485 3489/3489/3489 
f 3485/3485/3485 3484/3484/3484 3489/3489/3489 
f 3489/3489/3489 3484/3484/3484 3490/3490/3490 
f 3484/3484/3484 3483/3483/3483 3490/3490/3490 
f 3490/3490/3490 3483/3483/3483 3491/3491/3491 
f 3483/3483/3483 3482/3482/3482 3491/3491/3491 
f 3491/3491/3491 3482/3482/3482 3492/3492/3492 
f 3482/3482/3482 3481/3481/3481 3492/3492/3492 
f 3492/3492/3492 3481/3481/3481 3493/3493/3493 
f 3481/3481/3481 3480/3480/3480 3493/3493/3493 
f 3493/3493/3493 3480/3480/3480 3494/3494/3494 
f 3480/3480/3480 3479/3479/3479 3494/3494/3494 
f 3494/3494/3494 3479/3479/3479 3495/3495/3495 
f 3479/3479/3479 3478/3478/3478 3495/3495/3495 
f 3495/3495/3495 3478/3478/3478 3496/3496/3496 
f 3478/3478/3478 3477/3477/3477 3496/3496/3496 
f 3496/3496/3496 3477/3477/3477 3497/3497/3497 
f 3477/3477/3477 3476/3476/3476 3497/3497/3497 
f 3497/3497/3497 3476/3476/3476 3498/3498/3498 
f 3476/3476/3476 3475/3475/3475 3498/3498/3498 
f 3498/3498/3498 3475/3475/3475 3498/3498/3498 
f 3475/3475/3475 3474/3474/3474 3498/3498/3498 
f 3498/3498/3498 3474/3474/3474 3499/3499/3499 
f 3474/3474/3474 3096/3096/3096 3499/3499/3499 
f 3499/3499/3499 3096/3096/3096 3499/3499/3499 
f 3096/3096/3096 3095/3095/3095 3499/3499/3499 
f 3499/3499/3499 3095/3095/3095 3500/3500/3500 
f 3095/3095/3095 3094/3094/3094 3500/3500/3500 
f 3500/3500/3500 3094/3094/3094 3094/3094/3094 
f 3094/3094/3094 3500/3500/3500 3094/3094/3094 
f 3094/3094/3094 3500/3500/3500 3500/3500/3500 
f 3500/3500/3500 3501/3501/3501 3500/3500/3500 
f 3500/3500/3500 3501/3501/3501 3499/3499/3499 
f 3501/3501/3501 3501/3501/3501 3499/3499/3499 
f 3499/3499/3499 3501/3501/3501 3498/3498/3498 
f 3501/3501/3501 3501/3501/3501 3498/3498/3498 
f 3498/3498/3498 3501/3501/3501 3497/3497/3497 
f 3501/3501/3501 3502/3502/3502 3497/3497/3497 
f 3497/3497/3497 3502/3502/3502 3496/3496/3496 
f 3502/3502/3502 3503/3503/3503 3496/3496/3496 
f 3496/3496/3496 3503/3503/3503 3495/3495/3495 
f 3503/3503/3503 3504/3504/3504 3495/3495/3495 
f 3495/3495/3495 3504/3504/3504 3494/3494/3494 
f 3504/3504/3504 3505/3505/3505 3494/3494/3494 
f 3494/3494/3494 3505/3505/3505 3493/3493/3493 
f 3505/3505/3505 3506/3506/3506 3493/3493/3493 
f 3493/3493/3493 3506/3506/3506 3492/3492/3492 
f 3506/3506/3506 3507/3507/3507 3492/3492/3492 
f 3492/3492/3492 3507/3507/3507 3491/3491/3491 
f 3507/3507/3507 3508/3508/3508 3491/3491/3491 
f 3491/3491/3491 3508/3508/3508 3490/3490/3490 
f 3508/3508/3508 3509/3509/3509 3490/3490/3490 
f 3490/3490/3490 3509/3509/3509 3489/3489/3489 
f 3509/3509/3509 3510/3510/3510 3489/3489/3489 
f 3489/3489/3489 3510/3510/3510 3488/3488/3488 
f 3510/3510/3510 3511/3511/3511 3488/3488/3488 
f 3488/3488/3488 3511/3511/3511 3487/3487/3487 
f 3511/3511/3511 3512/3512/3512 3487/3487/3487 
f 3487/3487/3487 3512/3512/3512 3178/3178/3178 
f 3512/3512/3512 3512/3512/3512 3178/3178/3178 
f 3178/3178/3178 3512/3512/3512 3177/3177/3177 
f 3512/3512/3512 3513/3513/3513 3177/3177/3177 
f 3177/3177/3177 3513/3513/3513 3176/3176/3176 
f 3513/3513/3513 3176/3176/3176 3176/3176/3176 
f 3176/3176/3176 3176/3176/3176 3513/3513/3513 
f 3176/3176/3176 3513/3513/3513 3513/3513/3513 
f 3513/3513/3513 3513/3513/3513 3514/3514/3514 
f 3513/3513/3513 3512/3512/3512 3514/3514/3514 
f 3514/3514/3514 3512/3512/3512 3514/3514/3514 
f 3512/3512/3512 3511/3511/3511 3514/3514/3514 
f 3514/3514/3514 3511/3511/3511 3515/3515/3515 
f 3511/3511/3511 3510/3510/3510 3515/3515/3515 
f 3515/3515/3515 3510/3510/3510 3516/3516/3516 
f 3510/3510/3510 3509/3509/3509 3516/3516/3516 
f 3516/3516/3516 3509/3509/3509 3517/3517/3517 
f 3509/3509/3509 3508/3508/3508 3517/3517/3517 
f 3517/3517/3517 3508/3508/3508 3518/3518/3518 
f 3508/3508/3508 3507/3507/3507 3518/3518/3518 
f 3518/3518/3518 3507/3507/3507 3519/3519/3519 
f 3507/3507/3507 3506/3506/3506 3519/3519/3519 
f 3519/3519/3519 3506/3506/3506 3520/3520/3520 
f 3506/3506/3506 3505/3505/3505 3520/3520/3520 
f 3520/3520/3520 3505/3505/3505 3521/3521/3521 
f 3505/3505/3505 3504/3504/3504 3521/3521/3521 
f 3521/3521/3521 3504/3504/3504 3522/3522/3522 
f 3504/3504/3504 3503/3503/3503 3522/3522/3522 
f 3522/3522/3522 3503/3503/3503 3523/3523/3523 
f 3503/3503/3503 3502/3502/3502 3523/3523/3523 
f 3523/3523/3523 3502/3502/3502 3524/3524/3524 
f 3502/3502/3502 3501/3501/3501 3524/3524/3524 
f 3524/3524/3524 3501/3501/3501 3524/3524/3524 
f 3501/3501/3501 3500/3500/3500 3524/3524/3524 
f 3524/3524/3524 3500/3500/3500 3525/3525/3525 
f 3500/3500/3500 3094/3094/3094 3525/3525/3525 
f 3525/3525/3525 3094/3094/3094 3525/3525/3525 
f 3094/3094/3094 3093/3093/3093 3525/3525/3525 
f 3525/3525/3525 3093/3093/3093 3526/3526/3526 
f 3093/3093/3093 3092/3092/3092 3526/3526/3526 
f 3526/3526/3526 3092/3092/3092 3092/3092/3092 
f 3092/3092/3092 3526/3526/3526 3092/3092/3092 
f 3092/3092/3092 3526/3526/3526 3526/3526/3526 
f 3526/3526/3526 3527/3527/3527 3526/3526/3526 
f 3526/3526/3526 3527/3527/3527 3525/3525/3525 
f 3527/3527/3527 3527/3527/3527 3525/3525/3525 
f 3525/3525/3525 3527/3527/3527 3524/3524/3524 
f 3527/3527/3527 3527/3527/3527 3524/3524/3524 
f 3524/3524/3524 3527/3527/3527 3523/3523/3523 
f 3527/3527/3527 3528/3528/3528 3523/3523/3523 
f 3523/3523/3523 3528/3528/3528 3522/3522/3522 
f 3528/3528/3528 3529/3529/3529 3522/3522/3522 
f 3522/3522/3522 3529/3529/3529 3521/3521/3521 
f 3529/3529/3529 3530/3530/3530 3521/3521/3521 
f 3521/3521/3521 3530/3530/3530 3520/3520/3520 
f 3530/3530/3530 3531/3531/3531 3520/3520/3520 
f 3520/3520/3520 3531/3531/3531 3519/3519/3519 
f 3531/3531/3531 3532/3532/3532 3519/3519/3519 
f 3519/3519/3519 3532/3532/3532 3518/3518/3518 
f 3532/3532/3532 3533/3533/3533 3518/3518/3518 
f 3518/3518/3518 3533/3533/3533 3517/3517/3517 
f 3533/3533/3533 3534/3534/3534 3517/3517/3517 
f 3517/3517/3517 3534/3534/3534 3516/3516/3516 
f 3534/3534/3534 3535/3535/3535 3516/3516/3516 
f 3516/3516/3516 3535/3535/3535 3515/3515/3515 
f 3535/3535/3535 3536/3536/3536 3515/3515/3515 
f 3515/3515/3515 3536/3536/3536 3514/3514/3514 
f 3536/3536/3536 3537/3537/3537 3514/3514/3514 
f 3514/3514/3514 3537/3537/3537 3513/3513/3513 
f 3537/3537/3537 3538/3538/3538 3513/3513/3513 
f 3513/3513/3513 3538/3538/3538 3176/3176/3176 
f 3538/3538/3538 3538/3538/3538 3176/3176/3176 
f 3176/3176/3176 3538/3538/3538 3175/3175/3175 
f 3538/3538/3538 3539/3539/3539 3175/3175/3175 
f 3175/3175/3175 3539/3539/3539 3174/3174/3174 
f 3539/3539/3539 3174/3174/3174 3174/3174/3174 
f 3174/3174/3174 3174/3174/3174 3539/3539/3539 
f 3174/3174/3174 3539/3539/3539 3539/3539/3539 
f 3539/3539/3539 3539/3539/3539 3540/3540/3540 
f 3539/3539/3539 3538/3538/3538 3540/3540/3540 
f 3540/3540/3540 3538/3538/3538 3540/3540/3540 
f 3538/3538/3538 3537/3537/3537 3540/3540/3540 
f 3540/3540/3540 3537/3537/3537 3541/3541/3541 
f 3537/3537/3537 3536/3536/3536 3541/3541/3541 
f 3541/3541/3541 3536/3536/3536 3542/3542/3542 
f 3536/3536/3536 3535/3535/3535 3542/3542/3542 
f 3542/3542/3542 3535/3535/3535 3543/3543/3543 
f 3535/3535/3535 3534/3534/3534 3543/3543/3543 
f 3543/3543/3543 3534/3534/3534 3544/3544/3544 
f 3534/3534/3534 3533/3533/3533 3544/3544/3544 
f 3544/3544/3544 3533/3533/3533 3545/3545/3545 
f 3533/3533/3533 3532/3532/3532 3545/3545/3545 
f 3545/3545/3545 3532/3532/3532 3546/3546/3546 
f 3532/3532/3532 3531/3531/3531 3546/3546/3546 
f 3546/3546/3546 3531/3531/3531 3547/3547/3547 
f 3531/3531/3531 3530/3530/3530 3547/3547/3547 
f 3547/3547/3547 3530/3530/3530 3548/3548/3548 
f 3530/3530/3530 3529/3529/3529 3548/3548/3548 
f 3548/3548/3548 3529/3529/3529 3549/3549/3549 
f 3529/3529/3529 3528/3528/3528 3549/3549/3549 
f 3549/3549/3549 3528/3528/3528 3550/3550/3550 
f 3528/3528/3528 3527/3527/3527 3550/3550/3550 
f 3550/3550/3550 3527/3527/3527 3550/3550/3550 
f 3527/3527/3527 3526/3526/3526 3550/3550/3550 
f 3550/3550/3550 3526/3526/3526 3551/3551/3551 
f 3526/3526/3526 3092/3092/3092 3551/3551/3551 
f 3551/3551/3551 3092/3092/3092 3551/3551/3551 
f 3092/3092/3092 3091/3091/3091 3551/3551/3551 
f 3551/3551/3551 3091/3091/3091 3552/3552/3552 
f 3091/3091/3091 3090/3090/3090 3552/3552/3552 
f 3552/3552/3552 3090/3090/3090 3090/3090/3090 
f 3090/3090/3090 3552/3552/3552 3090/3090/3090 
f 3090/3090/3090 3552/3552/3552 3552/3552/3552 
f 3552/3552/3552 3553/3553/3553 3552/3552/3552 
f 3552/3552/3552 3553/3553/3553 3551/3551/3551 
f 3553/3553/3553 3553/3553/3553 3551/3551/3551 
f 3551/3551/3551 3553/3553/3553 3550/3550/3550 
f 3553/3553/3553 3553/3553/3553 3550/3550/3550 
f 3550/3550/3550 3553/3553/3553 3549/3549/3549 
f 3553/3553/3553 3554/3554/3554 3549/3549/3549 
f 3549/3549/3549 3554/3554/3554 3548/3548/3548 
f 3554/3554/3554 3555/3555/3555 3548/3548/3548 
f 3548/3548/3548 3555/3555/3555 3547/3547/3547 
f 3555/3555/3555 3556/3556/3556 3547/3547/3547 
f 3547/3547/3547 3556/3556/3556 3546/3546/3546 
f 3556/3556/3556 3557/3557/3557 3546/3546/3546 
f 3546/3546/3546 3557/3557/3557 3545/3545/3545 
f 3557/3557/3557 3558/3558/3558 3545/3545/3545 
f 3545/3545/3545 3558/3558/3558 3544/3544/3544 
f 3558/3558/3558 3559/3559/3559 3544/3544/3544 
f 3544/3544/3544 3559/3559/3559 3543/3543/3543 
f 3559/3559/3559 3560/3560/3560 3543/3543/3543 
f 3543/3543/3543 3560/3560/3560 3542/3542/3542 
f 3560/3560/3560 3561/3561/3561 3542/3542/3542 
f 3542/3542/3542 3561/3561/3561 3541/3541/3541 
f 3561/3561/3561 3562/3562/3562 3541/3541/3541 
f 3541/3541/3541 3562/3562/3562 3540/3540/3540 
f 3562/3562/3562 3563/3563/3563 3540/3540/3540 
f 3540/3540/3540 3563/3563/3563 3539/3539/3539 
f 3563/3563/3563 3564/3564/3564 3539/3539/3539 
f 3539/3539/3539 3564/3564/3564 3174/3174/3174 
f 3564/3564/3564 3564/3564/3564 3174/3174/3174 
f 3174/3174/3174 3564/3564/3564 3173/3173/3173 
f 3564/3564/3564 3565/3565/3565 3173/3173/3173 
f 3173/3173/3173 3565/3565/3565 3172/3172/3172 
f 3565/3565/3565 3172/3172/3172 3172/3172/3172 
f 3172/3172/3172 3172/3172/3172 3565/3565/3565 
f 3172/3172/3172 3565/3565/3565 3565/3565/3565 
f 3565/3565/3565 3565/3565/3565 3566/3566/3566 
f 3565/3565/3565 3564/3564/3564 3566/3566/3566 
f 3566/3566/3566 3564/3564/3564 3566/3566/3566 
f 3564/3564/3564 3563/3563/3563 3566/3566/3566 
f 3566/3566/3566 3563/3563/3563 3567/3567/3567 
f 3563/3563/3563 3562/3562/3562 3567/3567/3567 
f 3567/3567/3567 3562/3562/3562 3568/3568/3568 
f 3562/3562/3562 3561/3561/3561 3568/3568/3568 
f 3568/3568/3568 3561/3561/3561 3569/3569/3569 
f 3561/3561/3561 3560/3560/3560 3569/3569/3569 
f 3569/3569/3569 3560/3560/3560 3570/3570/3570 
f 3560/3560/3560 3559/3559/3559 3570/3570/3570 
f 3570/3570/3570 3559/3559/3559 3571/3571/3571 
f 3559/3559/3559 3558/3558/3558 3571/3571/3571 
f 3571/3571/3571 3558/3558/3558 3572/3572/3572 
f 3558/3558/3558 3557/3557/3557 3572/3572/3572 
f 3572/3572/3572 3557/3557/3557 3573/3573/3573 
f 3557/3557/3557 3556/3556/3556 3573/3573/3573 
f 3573/3573/3573 3556/3556/3556 3574/3574/3574 
f 3556/3556/3556 3555/3555/3555 3574/3574/3574 
f 3574/3574/3574 3555/3555/3555 3575/3575/3575 
f 3555/3555/3555 3554/3554/3554 3575/3575/3575 
f 3575/3575/3575 3554/3554/3554 3576/3576/3576 
f 3554/3554/3554 3553/3553/3553 3576/3576/3576 
f 3576/3576/3576 3553/3553/3553 3576/3576/3576 
f 3553/3553/3553 3552/3552/3552 3576/3576/3576 
f 3576/3576/3576 3552/3552/3552 3577/3577/3577 
f 3552/3552/3552 3090/3090/3090 3577/3577/3577 
f 3577/3577/3577 3090/3090/3090 3577/3577/3577 
f 3090/3090/3090 3089/3089/3089 3577/3577/3577 
f 3577/3577/3577 3089/3089/3089 3578/3578/3578 
f 3089/3089/3089 3088/3088/3088 3578/3578/3578 
f 3578/3578/3578 3088/3088/3088 3088/3088/3088 
f 3088/3088/3088 3578/3578/3578 3088/3088/3088 
f 3088/3088/3088 3578/3578/3578 3578/3578/3578 
f 3578/3578/3578 3579/3579/3579 3578/3578/3578 
f 3578/3578/3578 3579/3579/3579 3577/3577/3577 
f 3579/3579/3579 3579/3579/3579 3577/3577/3577 
f 3577/3577/3577 3579/3579/3579 3576/3576/3576 
f 3579/3579/3579 3579/3579/3579 3576/3576/3576 
f 3576/3576/3576 3579/3579/3579 3575/3575/3575 
f 3579/3579/3579 3580/3580/3580 3575/3575/3575 
f 3575/3575/3575 3580/3580/3580 3574/3574/3574 
f 3580/3580/3580 3581/3581/3581 3574/3574/3574 
f 3574/3574/3574 3581/3581/3581 3573/3573/3573 
f 3581/3581/3581 3582/3582/3582 3573/3573/3573 
f 3573/3573/3573 3582/3582/3582 3572/3572/3572 
f 3582/3582/3582 3583/3583/3583 3572/3572/3572 
f 3572/3572/3572 3583/3583/3583 3571/3571/3571 
f 3583/3583/3583 3584/3584/3584 3571/3571/3571 
f 3571/3571/3571 3584/3584/3584 3570/3570/3570 
f 3584/3584/3584 3585/3585/3585 3570/3570/3570 
f 3570/3570/3570 3585/3585/3585 3569/3569/3569 
f 3585/3585/3585 3586/3586/3586 3569/3569/3569 
f 3569/3569/3569 3586/3586/3586 3568/3568/3568 
f 3586/3586/3586 3587/3587/3587 3568/3568/3568 
f 3568/3568/3568 3587/3587/3587 3567/3567/3567 
f 3587/3587/3587 3588/3588/3588 3567/3567/3567 
f 3567/3567/3567 3588/3588/3588 3566/3566/3566 
f 3588/3588/3588 3589/3589/3589 3566/3566/3566 
f 3566/3566/3566 3589/3589/3589 3565/3565/3565 
f 3589/3589/3589 3590/3590/3590 3565/3565/3565 
f 3565/3565/3565 3590/3590/3590 3172/3172/3172 
f 3590/3590/3590 3590/3590/3590 3172/3172/3172 
f 3172/3172/3172 3590/3590/3590 3171/3171/3171 
f 3590/3590/3590 3591/3591/3591 3171/3171/3171 
f 3171/3171/3171 3591/3591/3591 3170/3170/3170 
f 3591/3591/3591 3170/3170/3170 3170/3170/3170 
f 3170/3170/3170 3170/3170/3170 3591/3591/3591 
f 3170/3170/3170 3591/3591/3591 3591/3591/3591 
f 3591/3591/3591 3591/3591/3591 3592/3592/3592 
f 3591/3591/3591 3590/3590/3590 3592/3592/3592 
f 3592/3592/3592 3590/3590/3590 3592/3592/3592 
f 3590/3590/3590 3589/3589/3589 3592/3592/3592 
f 3592/3592/3592 3589/3589/3589 3593/3593/3593 
f 3589/3589/3589 3588/3588/3588 3593/3593/3593 
f 3593/3593/3593 3588/3588/3588 3594/3594/3594 
f 3588/3588/3588 3587/3587/3587 3594/3594/3594 
f 3594/3594/3594 3587/3587/3587 3595/3595/3595 
f 3587/3587/3587 3586/3586/3586 3595/3595/3595 
f 3595/3595/3595 3586/3586/3586 3596/3596/3596 
f 3586/3586/3586 3585/3585/3585 3596/3596/3596 
f 3596/3596/3596 3585/3585/3585 3597/3597/3597 
f 3585/3585/3585 3584/3584/3584 3597/3597/3597 
f 3597/3597/3597 3584/3584/3584 3598/3598/3598 
f 3584/3584/3584 3583/3583/3583 3598/3598/3598 
f 3598/3598/3598 3583/3583/3583 3599/3599/3599 
f 3583/3583/3583 3582/3582/3582 3599/3599/3599 
f 3599/3599/3599 3582/3582/3582 3600/3600/3600 
f 3582/3582/3582 3581/3581/3581 3600/3600/3600 
f 3600/3600/3600 3581/3581/3581 3601/3601/3601 
f 3581/3581/3581 3580/3580/3580 3601/3601/3601 
f 3601/3601/3601 3580/3580/3580 3602/3602/3602 
f 3580/3580/3580 3579/3579/3579 3602/3602/3602 
f 3602/3602/3602 3579/3579/3579 3602/3602/3602 
f 3579/3579/3579 3578/3578/3578 3602/3602/3602 
f 3602/3602/3602 3578/3578/3578 3603/3603/3603 
f 3578/3578/3578 3088/3088/3088 3603/3603/3603 
f 3603/3603/3603 3088/3088/3088 3603/3603/3603 
f 3088/3088/3088 3040/3040/3040 3603/3603/3603 
f 3603/3603/3603 3040/3040/3040 3603/3603/3603 
f 3040/3040/3040 3039/3039/3039 3603/3603/3603 
f 3603/3603/3603 3039/3039/3039 3603/3603/3603 
f 3039/3039/3039 3604/3604/3604 3603/3603/3603 
f 3603/3603/3603 3604/3604/3604 3602/3602/3602 
f 3604/3604/3604 3604/3604/3604 3602/3602/3602 
f 3602/3602/3602 3604/3604/3604 3601/3601/3601 
f 3604/3604/3604 3605/3605/3605 3601/3601/3601 
f 3601/3601/3601 3605/3605/3605 3600/3600/3600 
f 3605/3605/3605 3606/3606/3606 3600/3600/3600 
f 3600/3600/3600 3606/3606/3606 3599/3599/3599 
f 3606/3606/3606 3607/3607/3607 3599/3599/3599 
f 3599/3599/3599 3607/3607/3607 3598/3598/3598 
f 3607/3607/3607 3608/3608/3608 3598/3598/3598 
f 3598/3598/3598 3608/3608/3608 3597/3597/3597 
f 3608/3608/3608 3609/3609/3609 3597/3597/3597 
f 3597/3597/3597 3609/3609/3609 3596/3596/3596 
f 3609/3609/3609 3610/3610/3610 3596/3596/3596 
f 3596/3596/3596 3610/3610/3610 3595/3595/3595 
f 3610/3610/3610 3611/3611/3611 3595/3595/3595 
f 3595/3595/3595 3611/3611/3611 3594/3594/3594 
f 3611/3611/3611 3612/3612/3612 3594/3594/3594 
f 3594/3594/3594 3612/3612/3612 3593/3593/3593 
f 3612/3612/3612 3613/3613/3613 3593/3593/3593 
f 3593/3593/3593 3613/3613/3613 3592/3592/3592 
f 3613/3613/3613 3614/3614/3614 3592/3592/3592 
f 3592/3592/3592 3614/3614/3614 3591/3591/3591 
f 3614/3614/3614 3615/3615/3615 3591/3591/3591 
f 3591/3591/3591 3615/3615/3615 3170/3170/3170 
f 3615/3615/3615 3615/3615/3615 3170/3170/3170 
f 3170/3170/3170 3615/3615/3615 3168/3168/3168 
f 3615/3615/3615 3615/3615/3615 3168/3168/3168 
f 3168/3168/3168 3615/3615/3615 3027/3027/3027 
f 3615/3615/3615 3615/3615/3615 3027/3027/3027 
f 3027/3027/3027 3615/3615/3615 3028/3028/3028 
f 3615/3615/3615 3614/3614/3614 3028/3028/3028 
f 3028/3028/3028 3614/3614/3614 3029/3029/3029 
f 3614/3614/3614 3613/3613/3613 3029/3029/3029 
f 3029/3029/3029 3613/3613/3613 3030/3030/3030 
f 3613/3613/3613 3612/3612/3612 3030/3030/3030 
f 3030/3030/3030 3612/3612/3612 3031/3031/3031 
f 3612/3612/3612 3611/3611/3611 3031/3031/3031 
f 3031/3031/3031 3611/3611/3611 3032/3032/3032 
f 3611/3611/3611 3610/3610/3610 3032/3032/3032 
f 3032/3032/3032 3610/3610/3610 3033/3033/3033 
f 3610/3610/3610 3609/3609/3609 3033/3033/3033 
f 3033/3033/3033 3609/3609/3609 3034/3034/3034 
f 3609/3609/3609 3608/3608/3608 3034/3034/3034 
f 3034/3034/3034 3608/3608/3608 3035/3035/3035 
f 3608/3608/3608 3607/3607/3607 3035/3035/3035 
f 3035/3035/3035 3607/3607/3607 3036/3036/3036 
f 3607/3607/3607 3606/3606/3606 3036/3036/3036 
f 3036/3036/3036 3606/3606/3606 3037/3037/3037 
f 3606/3606/3606 3605/3605/3605 3037/3037/3037 
f 3037/3037/3037 3605/3605/3605 3038/3038/3038 
f 3605/3605/3605 3604/3604/3604 3038/3038/3038 
f 3038/3038/3038 3604/3604/3604 3039/3039/3039 

